date,open,close,high,low,volume,amount,振幅,涨跌幅,涨跌额,换手率
2016-04-13,112.733,112.588,112.767,112.58,11175,124428472.0,0.17,-0.17,-0.188,3.87
2016-04-14,112.583,112.43,112.654,112.335,13400,148963633.0,0.28,-0.14,-0.158,4.64
2016-04-15,112.477,112.424,112.477,112.365,16534,183692612.0,0.1,-0.01,-0.006,5.72
2016-04-18,112.424,112.494,112.541,112.424,3405,37865122.0,0.1,0.06,0.07,1.18
2016-04-19,112.495,112.54,112.564,112.495,17107,190340025.0,0.06,0.04,0.046,5.92
2016-04-20,112.505,112.409,112.52,112.374,10353,115091841.0,0.13,-0.12,-0.131,3.58
2016-04-21,112.276,111.933,112.278,111.855,4936,54673157.0,0.38,-0.42,-0.476,1.71
2016-04-22,111.951,111.905,111.981,111.884,5412,59871571.0,0.09,-0.03,-0.028,1.87
2016-04-25,111.867,111.31,111.867,111.3,5692,62773035.0,0.51,-0.53,-0.595,1.97
2016-04-26,111.31,111.479,111.49,111.287,16841,185528214.0,0.18,0.15,0.169,5.83
2016-04-27,111.476,111.577,111.628,111.474,20562,226838653.0,0.14,0.09,0.098,7.12
2016-04-28,111.629,111.924,111.925,111.629,5094,56332225.0,0.27,0.31,0.347,1.76
2016-04-29,111.924,111.969,111.98,111.91,68825,761475440.0,0.06,0.04,0.045,23.82
2016-05-03,111.971,112.032,112.032,111.97,20076,222304074.0,0.06,0.06,0.063,6.95
2016-05-04,112.02,112.01,112.064,111.98,7276,80583528.0,0.07,-0.02,-0.022,2.52
2016-05-05,112.025,112.083,112.09,112.025,12322,136504952.0,0.06,0.07,0.073,4.26
2016-05-06,112.079,112.013,112.079,111.933,9871,109330434.0,0.13,-0.06,-0.07,3.42
2016-05-09,112.016,112.101,112.194,112.016,5542,61427550.0,0.16,0.08,0.088,1.92
2016-05-10,112.156,112.262,112.275,112.156,13103,145417207.0,0.11,0.14,0.161,4.53
2016-05-11,112.269,112.327,112.338,112.269,8902,98841063.0,0.06,0.06,0.065,3.08
2016-05-12,112.317,112.522,112.523,112.305,3135,34840258.0,0.19,0.17,0.195,1.08
2016-05-13,112.379,112.584,112.606,112.379,8445,93956196.0,0.2,0.06,0.062,2.92
2016-05-16,112.569,112.306,112.705,112.28,7538,83874659.0,0.38,-0.25,-0.278,2.61
2016-05-17,112.287,112.324,112.408,112.287,19671,218422855.0,0.11,0.02,0.018,6.81
2016-05-18,112.322,112.212,112.33,112.18,16192,179607093.0,0.13,-0.1,-0.112,5.6
2016-05-19,112.161,112.115,112.191,112.061,9699,107481517.0,0.12,-0.09,-0.097,3.36
2016-05-20,112.105,112.26,112.266,112.105,4386,48628258.0,0.14,0.13,0.145,1.52
2016-05-23,112.124,112.166,112.324,112.123,8129,90132216.0,0.18,-0.08,-0.094,2.81
2016-05-24,112.14,112.179,112.19,112.125,1836,20353894.0,0.06,0.01,0.013,0.64
2016-05-25,112.174,112.233,112.253,112.151,9666,107217168.0,0.09,0.05,0.054,3.35
2016-05-26,112.223,112.163,112.223,112.126,2619,29039511.0,0.09,-0.06,-0.07,0.91
2016-05-27,112.18,112.176,112.213,112.13,22578,250346321.0,0.07,0.01,0.013,7.81
2016-05-30,112.179,112.133,112.198,112.092,15113,167546321.0,0.09,-0.04,-0.043,5.23
2016-05-31,112.091,112.171,112.173,112.091,15822,175366292.0,0.07,0.03,0.038,5.48
2016-06-01,112.16,112.184,112.195,112.085,4938,54754472.0,0.1,0.01,0.013,1.71
2016-06-02,112.18,112.08,112.18,112.013,9458,104840844.0,0.15,-0.09,-0.104,3.27
2016-06-03,112.011,112.035,112.112,112.011,26439,292929584.0,0.09,-0.04,-0.045,9.15
2016-06-06,112.035,112.051,112.066,112.031,9183,101722757.0,0.03,0.01,0.016,3.18
2016-06-07,112.054,112.074,112.121,112.037,13217,146439265.0,0.07,0.02,0.023,4.57
2016-06-08,112.063,112.177,112.186,112.063,3131,34715743.0,0.11,0.09,0.103,1.08
2016-06-13,112.16,112.19,112.217,112.085,3352,37172896.0,0.12,0.01,0.013,1.16
2016-06-14,112.138,112.358,112.388,112.124,2070,22971572.0,0.24,0.15,0.168,0.72
2016-06-15,112.315,112.372,112.414,112.313,7661,85112264.0,0.09,0.01,0.014,2.65
2016-06-16,112.37,112.457,112.463,112.37,3250,36125618.0,0.08,0.08,0.085,1.12
2016-06-17,112.41,112.503,112.539,112.392,2980,33140939.0,0.13,0.04,0.046,1.03
2016-06-20,112.466,112.403,112.483,112.24,3916,43510610.0,0.22,-0.09,-0.1,1.36
2016-06-21,112.4,112.417,112.477,112.321,5733,63712790.0,0.14,0.01,0.014,1.98
2016-06-22,112.465,112.482,112.521,112.465,7264,80786070.0,0.05,0.06,0.065,2.51
2016-06-23,112.494,112.536,112.55,112.494,6090,67747450.0,0.05,0.05,0.054,2.11
2016-06-24,112.551,112.703,112.75,112.551,6516,72548550.0,0.18,0.15,0.167,2.26
2016-06-27,112.693,112.934,112.946,112.693,4055,45248473.0,0.22,0.2,0.231,1.4
2016-06-28,112.952,112.91,113.06,112.906,8883,99246033.0,0.14,-0.02,-0.024,3.07
2016-06-29,112.88,112.83,112.88,112.683,4091,45619262.0,0.17,-0.07,-0.08,1.42
2016-06-30,112.809,112.839,112.86,112.68,6856,76467821.0,0.16,0.01,0.009,2.37
2016-07-01,112.845,113.13,113.177,112.845,4998,55873451.0,0.29,0.26,0.291,1.73
2016-07-04,113.2,113.13,113.2,113.12,5586,62498512.0,0.07,0.0,0.0,1.93
2016-07-05,113.109,113.137,113.165,113.109,4237,47395603.0,0.05,0.01,0.007,1.47
2016-07-06,113.137,113.272,113.498,113.118,2153,24097992.0,0.34,0.12,0.135,0.75
2016-07-07,113.294,113.381,113.486,113.231,3409,38231403.0,0.23,0.1,0.109,1.18
2016-07-08,113.45,113.278,113.49,113.272,8211,92006254.0,0.19,-0.09,-0.103,2.84
2016-07-11,113.282,113.242,113.29,113.182,10956,122686609.0,0.1,-0.03,-0.036,3.79
2016-07-12,113.23,113.197,113.27,113.13,7639,85518668.0,0.12,-0.04,-0.045,2.64
2016-07-13,113.168,113.141,113.187,113.129,8706,97393886.0,0.05,-0.05,-0.056,3.01
2016-07-14,113.138,113.171,113.188,113.131,14185,158714039.0,0.05,0.03,0.03,4.91
2016-07-15,113.171,113.306,113.308,113.171,6741,75460579.0,0.12,0.12,0.135,2.33
2016-07-18,113.262,113.333,113.357,113.262,10673,119586359.0,0.08,0.02,0.027,3.69
2016-07-19,113.333,113.409,113.428,113.332,11973,134235340.0,0.08,0.07,0.076,4.14
2016-07-20,113.432,113.476,113.51,113.43,13128,147287747.0,0.07,0.06,0.067,4.54
2016-07-21,113.606,113.54,113.606,113.483,24598,276159776.0,0.11,0.06,0.064,8.51
2016-07-22,113.587,113.52,113.587,113.48,36043,404630176.0,0.09,-0.02,-0.02,12.47
2016-07-25,113.486,113.507,113.578,113.486,16719,187698561.0,0.08,-0.01,-0.013,5.79
2016-07-26,113.507,113.577,113.578,113.507,21706,243697356.0,0.06,0.06,0.07,7.51
2016-07-27,113.603,113.598,113.603,113.559,40183,451259168.0,0.04,0.02,0.021,13.91
2016-07-28,113.58,113.627,113.669,113.54,29264,328649296.0,0.11,0.03,0.029,10.13
2016-07-29,113.675,113.7,113.7,113.6,23243,261243886.0,0.09,0.06,0.073,8.04
2016-08-01,113.685,113.929,113.93,113.685,5251,59119853.0,0.22,0.2,0.229,1.82
2016-08-02,113.875,113.896,114.06,113.875,13983,157559476.0,0.16,-0.03,-0.033,4.84
2016-08-03,113.899,113.907,113.955,113.699,22987,258902585.0,0.22,0.01,0.011,7.95
2016-08-04,113.939,113.851,113.946,113.832,16689,187919165.0,0.1,-0.05,-0.056,5.78
2016-08-05,113.833,113.998,114.021,113.833,25824,290876752.0,0.17,0.13,0.147,8.94
2016-08-08,114.06,114.07,114.18,114.016,34323,387124304.0,0.14,0.06,0.072,11.88
2016-08-09,114.068,114.254,114.254,114.068,44243,499496048.0,0.16,0.16,0.184,15.31
2016-08-10,114.279,114.407,114.878,114.278,39355,444971264.0,0.53,0.13,0.153,13.62
2016-08-11,114.435,114.34,114.482,114.285,29492,333553952.0,0.17,-0.06,-0.067,10.21
2016-08-12,114.343,114.316,114.389,114.232,25654,289973760.0,0.14,-0.02,-0.024,8.88
2016-08-15,114.313,114.152,114.39,114.06,14172,160021425.0,0.29,-0.14,-0.164,4.9
2016-08-16,114.265,114.303,114.32,114.145,10951,123701006.0,0.15,0.13,0.151,3.79
2016-08-17,114.28,114.325,114.368,114.267,9263,104701579.0,0.09,0.02,0.022,3.21
2016-08-18,114.326,114.259,114.331,114.239,8589,97068685.0,0.08,-0.06,-0.066,2.97
2016-08-19,114.297,114.126,114.297,114.12,14903,168259381.0,0.15,-0.12,-0.133,5.16
2016-08-22,114.115,114.23,114.246,114.085,10997,124145337.0,0.14,0.09,0.104,3.81
2016-08-23,114.247,114.168,114.247,113.76,28196,318384496.0,0.43,-0.05,-0.062,9.76
2016-08-24,114.168,113.956,114.225,113.931,42604,480634448.0,0.26,-0.19,-0.212,14.74
2016-08-25,114.002,113.961,114.002,113.913,43321,488150880.0,0.08,0.0,0.005,14.99
2016-08-26,114.0,114.088,114.095,113.966,47621,536908768.0,0.11,0.11,0.127,16.48
2016-08-29,114.094,114.13,114.169,114.048,32896,371181232.0,0.11,0.04,0.042,11.38
2016-08-30,114.122,114.069,114.148,113.999,37862,427182352.0,0.13,-0.05,-0.061,13.1
2016-08-31,114.09,114.077,114.139,113.868,31082,350594944.0,0.24,0.01,0.008,10.76
2016-09-01,114.08,113.941,114.127,113.887,14905,167964263.0,0.21,-0.12,-0.136,5.16
2016-09-02,113.991,113.931,113.991,113.902,8424,94915552.0,0.08,-0.01,-0.01,2.92
2016-09-05,113.968,113.953,113.978,113.919,11488,129435662.0,0.05,0.02,0.022,3.98
2016-09-06,113.962,113.801,113.962,113.794,9832,110713978.0,0.15,-0.13,-0.152,3.4
2016-09-07,113.808,113.836,113.859,113.79,17430,196165102.0,0.06,0.03,0.035,6.03
2016-09-08,113.83,113.88,113.886,113.83,13101,147512235.0,0.05,0.04,0.044,4.53
2016-09-09,113.86,114.046,114.054,113.86,14810,166906689.0,0.17,0.15,0.166,5.13
2016-09-12,113.97,113.912,113.97,113.535,9411,105990982.0,0.38,-0.12,-0.134,3.26
2016-09-13,113.912,113.965,113.978,113.865,35354,398359360.0,0.1,0.05,0.053,12.23
2016-09-14,114.001,114.064,114.148,113.968,30608,345113232.0,0.16,0.09,0.099,10.59
2016-09-19,114.12,114.091,114.12,114.051,34088,384556304.0,0.06,0.02,0.027,11.8
2016-09-20,114.108,114.152,114.177,114.088,41204,465120032.0,0.08,0.05,0.061,14.26
2016-09-21,114.193,114.134,114.208,114.088,29770,336032624.0,0.11,-0.02,-0.018,10.3
2016-09-22,114.159,114.13,114.159,114.089,38310,432259504.0,0.06,0.0,-0.004,13.26
2016-09-23,114.14,114.153,114.167,114.103,36574,412803600.0,0.06,0.02,0.023,12.66
2016-09-26,114.156,114.183,114.21,114.15,22974,259390074.0,0.05,0.03,0.03,7.95
2016-09-27,114.183,114.201,114.24,114.183,44841,506391456.0,0.05,0.02,0.018,15.52
2016-09-28,114.199,114.269,114.27,114.197,39331,444186864.0,0.06,0.06,0.068,13.61
2016-09-29,114.231,114.374,114.84,114.231,52015,588283024.0,0.53,0.09,0.105,18.0
2016-09-30,114.472,114.437,114.558,114.39,19180,217086604.0,0.15,0.06,0.063,6.64
2016-10-10,114.425,114.455,114.479,114.402,6882,77882769.0,0.07,0.02,0.018,2.38
2016-10-11,114.461,114.477,114.578,114.436,20479,231931568.0,0.12,0.02,0.022,7.09
2016-10-12,114.512,114.478,114.527,114.422,22252,251943684.0,0.09,0.0,0.001,7.7
2016-10-13,114.474,114.507,114.549,114.451,26311,297872672.0,0.09,0.03,0.029,9.11
2016-10-14,114.523,114.597,114.61,114.507,25525,289100448.0,0.09,0.08,0.09,8.83
2016-10-17,114.717,114.695,114.718,114.643,26838,304327072.0,0.07,0.09,0.098,9.29
2016-10-18,114.715,114.71,114.72,114.685,22623,256597107.0,0.03,0.01,0.015,7.83
2016-10-19,114.701,114.754,114.803,114.699,26323,298629168.0,0.09,0.04,0.044,9.11
2016-10-20,114.838,114.887,114.928,114.813,32677,371110464.0,0.1,0.12,0.133,11.31
2016-10-21,114.951,115.042,115.065,114.888,27411,311797200.0,0.15,0.13,0.155,9.49
2016-10-24,115.215,115.037,115.28,115.013,22238,253190902.0,0.23,0.0,-0.005,7.7
2016-10-25,115.063,114.928,115.07,114.917,27578,313515824.0,0.13,-0.09,-0.109,9.54
2016-10-26,114.907,114.774,114.942,114.706,28149,319598912.0,0.21,-0.13,-0.154,9.74
2016-10-27,114.789,114.613,114.912,114.41,34442,390602608.0,0.44,-0.14,-0.161,11.92
2016-10-28,114.641,114.804,114.815,114.641,32602,369929904.0,0.15,0.17,0.191,11.28
2016-10-31,114.804,114.743,114.81,114.61,27722,314525600.0,0.17,-0.05,-0.061,9.59
2016-11-01,114.778,114.781,115.038,114.72,31252,354770048.0,0.28,0.03,0.038,10.82
2016-11-02,114.825,114.691,114.825,114.63,31589,358312144.0,0.17,-0.08,-0.09,10.93
2016-11-03,114.7,114.759,114.77,114.694,34480,391191024.0,0.07,0.06,0.068,11.93
2016-11-04,114.76,114.891,114.929,114.751,31878,362040848.0,0.16,0.12,0.132,11.03
2016-11-07,114.872,114.774,114.944,114.7,38716,439499920.0,0.21,-0.1,-0.117,13.4
2016-11-08,114.774,114.767,114.798,114.41,33097,375558976.0,0.34,-0.01,-0.007,11.45
2016-11-09,114.757,114.795,114.839,114.69,33330,378330880.0,0.13,0.02,0.028,11.53
2016-11-10,114.795,114.732,114.795,114.702,44786,508138048.0,0.08,-0.05,-0.063,15.5
2016-11-11,114.64,114.749,114.755,114.64,39822,451665680.0,0.1,0.01,0.017,13.78
2016-11-14,114.719,114.461,114.775,114.331,42929,486453296.0,0.39,-0.25,-0.288,14.86
2016-11-15,114.291,114.19,114.378,114.154,43634,493360000.0,0.2,-0.24,-0.271,15.1
2016-11-16,114.194,114.203,114.317,114.16,32348,365357680.0,0.14,0.01,0.013,11.19
2016-11-17,114.203,114.008,114.203,113.9,38899,438509120.0,0.27,-0.17,-0.195,13.46
2016-11-18,114.0,113.781,114.014,113.78,42827,482419552.0,0.21,-0.2,-0.227,14.82
2016-11-21,113.809,113.854,113.87,113.753,55153,620722720.0,0.1,0.06,0.073,19.09
2016-11-22,113.854,113.973,114.006,113.854,59202,666974672.0,0.13,0.1,0.119,20.49
2016-11-23,114.002,114.041,114.29,113.98,41440,467667600.0,0.27,0.06,0.068,14.34
2016-11-24,114.041,113.834,114.041,113.791,84122,947547712.0,0.22,-0.18,-0.207,29.11
2016-11-25,113.804,113.577,113.905,113.503,42067,472768336.0,0.35,-0.23,-0.257,14.56
2016-11-28,113.561,113.598,113.778,113.546,73153,822024176.0,0.2,0.02,0.021,25.32
2016-11-29,113.586,112.985,113.718,112.884,53953,605894256.0,0.73,-0.54,-0.613,18.67
2016-11-30,113.066,112.974,113.22,112.89,46023,514318992.0,0.29,-0.01,-0.011,15.93
2016-12-01,112.981,112.957,113.04,112.94,109804,1226475344.0,0.09,-0.02,-0.017,38.0
2016-12-02,112.961,112.984,113.177,112.957,91159,1019175568.0,0.19,0.02,0.027,31.55
2016-12-05,113.007,112.944,113.058,112.931,84224,941265712.0,0.11,-0.04,-0.04,29.15
2016-12-06,112.898,112.821,112.98,112.798,70502,786619376.0,0.16,-0.11,-0.123,24.4
2016-12-07,112.8,112.778,112.83,112.69,42920,478427136.0,0.12,-0.04,-0.043,14.85
2016-12-08,112.803,112.864,113.078,112.79,52558,586802256.0,0.26,0.08,0.086,18.19
2016-12-09,112.883,112.813,113.108,112.68,40081,447631408.0,0.38,-0.05,-0.051,13.87
2016-12-12,112.813,112.017,112.878,111.995,41419,461056928.0,0.78,-0.71,-0.796,14.33
2016-12-13,111.904,111.678,112.06,111.491,34115,376925808.0,0.51,-0.3,-0.339,11.81
2016-12-14,111.731,111.31,111.731,111.292,27945,308207808.0,0.39,-0.33,-0.368,9.67
2016-12-15,111.248,109.465,111.248,108.325,29631,324131632.0,2.63,-1.66,-1.845,10.25
2016-12-16,109.48,109.924,110.28,109.48,37799,410774048.0,0.73,0.42,0.459,13.08
2016-12-19,109.898,110.563,111.089,109.669,46046,503967824.0,1.29,0.58,0.639,15.93
2016-12-20,110.18,110.462,110.73,109.951,46409,506510560.0,0.7,-0.09,-0.101,16.06
2016-12-21,111.28,111.164,111.336,110.606,39249,430446720.0,0.66,0.64,0.702,13.58
2016-12-22,111.167,111.429,111.63,110.963,37616,413845264.0,0.6,0.24,0.265,13.02
2016-12-23,111.44,111.157,111.44,111.13,41716,459060288.0,0.28,-0.24,-0.272,14.44
2016-12-26,111.175,111.159,111.37,111.05,46182,507483552.0,0.29,0.0,0.002,15.98
2016-12-27,111.092,111.276,111.347,111.09,57194,628874784.0,0.23,0.11,0.117,19.79
2016-12-28,111.719,111.52,111.719,111.281,54977,605698592.0,0.39,0.22,0.244,19.03
2016-12-29,111.596,111.961,111.976,111.596,54013,597239280.0,0.34,0.4,0.441,18.69
2016-12-30,111.995,111.999,112.28,111.962,27574,305747632.0,0.28,0.03,0.038,9.54
2017-01-03,112.08,111.996,112.08,111.955,6823,75553277.0,0.11,0.0,-0.003,2.36
2017-01-04,112.0,111.869,112.06,111.831,6769,74922373.0,0.2,-0.11,-0.127,2.34
2017-01-05,111.87,111.895,112.078,111.73,8987,99393999.0,0.31,0.02,0.026,3.11
2017-01-06,111.89,111.893,112.08,111.68,13258,146761177.0,0.36,0.0,-0.002,4.59
2017-01-09,111.894,111.942,111.98,111.842,8632,95515255.0,0.12,0.04,0.049,2.99
2017-01-10,112.045,111.985,112.045,111.94,17547,194268500.0,0.09,0.04,0.043,6.07
2017-01-11,111.987,111.94,112.074,111.891,10748,118959678.0,0.16,-0.04,-0.045,3.72
2017-01-12,111.988,112.006,112.131,111.94,9132,101119383.0,0.17,0.06,0.066,3.16
2017-01-13,112.029,112.034,112.056,111.983,9300,102975910.0,0.07,0.02,0.028,3.22
2017-01-16,112.036,111.664,112.171,111.65,5041,55815233.0,0.47,-0.33,-0.37,1.74
2017-01-17,111.664,111.709,112.254,111.625,13866,153294495.0,0.56,0.04,0.045,4.8
2017-01-18,111.746,111.82,111.873,111.73,15953,176343339.0,0.13,0.1,0.111,5.52
2017-01-19,111.821,112.005,112.08,111.821,14928,165199271.0,0.23,0.17,0.185,5.17
2017-01-20,111.965,112.161,112.178,111.88,8282,91797812.0,0.27,0.14,0.156,2.87
2017-01-23,112.181,112.429,112.44,112.181,6647,73824250.0,0.23,0.24,0.268,2.3
2017-01-24,112.431,112.162,113.24,112.09,8034,89396464.0,1.02,-0.24,-0.267,2.78
2017-01-25,112.106,111.983,112.107,111.881,8165,90390090.0,0.2,-0.16,-0.179,2.83
2017-01-26,111.988,112.156,112.178,111.95,5639,62473480.0,0.2,0.15,0.173,1.95
2017-02-03,112.043,112.107,112.153,112.043,17229,190957910.0,0.1,-0.04,-0.049,5.96
2017-02-06,112.108,111.995,112.175,111.98,14583,161605049.0,0.17,-0.1,-0.112,5.05
2017-02-07,112.016,111.975,112.065,111.96,32066,354968688.0,0.09,-0.02,-0.02,11.1
2017-02-08,111.978,111.954,111.979,111.95,42250,467619904.0,0.03,-0.02,-0.021,14.62
2017-02-09,111.954,111.879,111.982,111.855,5533,61224170.0,0.11,-0.07,-0.075,1.91
2017-02-10,111.879,111.579,111.895,111.571,4052,44783605.0,0.29,-0.27,-0.3,1.4
2017-02-13,111.769,111.652,111.769,111.512,4283,47274405.0,0.23,0.07,0.073,1.48
2017-02-14,111.7,111.666,111.717,111.65,37620,415253904.0,0.06,0.01,0.014,13.02
2017-02-15,111.666,111.88,111.898,111.59,12198,134750621.0,0.28,0.19,0.214,4.22
2017-02-16,111.871,112.109,112.126,111.801,7207,79816431.0,0.29,0.2,0.229,2.49
2017-02-17,112.1,112.061,112.238,112.038,9410,104357722.0,0.18,-0.04,-0.048,3.26
2017-02-20,112.105,111.996,112.136,111.98,10027,111080342.0,0.14,-0.06,-0.065,3.47
2017-02-21,112.047,112.048,112.175,111.996,25359,280954768.0,0.16,0.05,0.052,8.78
2017-02-22,112.102,112.18,112.25,112.029,28080,311213920.0,0.2,0.12,0.132,9.72
2017-02-23,112.159,112.351,112.679,112.106,7984,88615265.0,0.51,0.15,0.171,2.76
2017-02-24,112.457,112.204,112.558,111.455,26911,298755472.0,0.98,-0.13,-0.147,9.31
2017-02-27,112.23,112.292,112.328,112.228,37469,415870288.0,0.09,0.08,0.088,12.97
2017-02-28,112.201,112.411,112.524,112.18,23386,260019483.0,0.31,0.11,0.119,8.09
2017-03-01,112.411,112.439,112.555,112.4,26937,299504352.0,0.14,0.02,0.028,9.32
2017-03-02,112.407,112.244,112.498,112.236,32838,364960592.0,0.23,-0.17,-0.195,11.36
2017-03-03,112.33,112.3,112.44,112.249,32066,356124816.0,0.17,0.05,0.056,11.1
2017-03-06,112.33,112.201,112.33,112.193,76992,854327904.0,0.12,-0.09,-0.099,26.64
2017-03-07,112.226,112.223,112.317,112.183,21147,234656578.0,0.12,0.02,0.022,7.32
2017-03-08,112.239,112.231,112.256,112.216,32969,365801696.0,0.04,0.01,0.008,11.41
2017-03-09,112.23,112.16,112.241,112.16,15776,175004797.0,0.07,-0.06,-0.071,5.46
2017-03-10,112.101,111.88,112.208,111.281,6654,73709743.0,0.83,-0.25,-0.28,2.3
2017-03-13,111.811,111.737,112.095,111.681,7628,84392957.0,0.37,-0.13,-0.143,2.64
2017-03-14,111.817,111.939,112.018,111.74,13185,145877747.0,0.25,0.18,0.202,4.56
2017-03-15,111.939,111.834,112.016,111.803,18782,207823720.0,0.19,-0.09,-0.105,6.5
2017-03-16,111.841,112.162,112.454,111.841,15592,172878760.0,0.55,0.29,0.328,5.4
2017-03-17,112.22,112.183,112.335,112.03,26406,293007952.0,0.27,0.02,0.021,9.14
2017-03-20,112.13,112.219,112.3,112.13,20499,227429808.0,0.15,0.03,0.036,7.09
2017-03-21,112.209,112.06,112.209,111.948,40455,448360016.0,0.23,-0.14,-0.159,14.0
2017-03-22,112.061,112.052,112.146,111.999,35134,389358288.0,0.13,-0.01,-0.008,12.16
2017-03-23,112.041,112.1,112.159,112.019,34647,383814864.0,0.12,0.04,0.048,11.99
2017-03-24,112.1,112.313,112.361,112.074,28226,313242752.0,0.26,0.19,0.213,9.77
2017-03-27,112.263,112.369,112.468,112.263,28450,316177712.0,0.18,0.05,0.056,9.85
2017-03-28,112.48,112.199,112.481,111.379,43832,486753024.0,0.98,-0.15,-0.17,15.17
2017-03-29,112.186,112.211,112.33,111.494,46784,519020272.0,0.75,0.01,0.012,16.19
2017-03-30,112.21,111.906,112.406,111.818,36700,406872080.0,0.52,-0.27,-0.305,12.7
2017-03-31,111.956,112.103,112.315,111.956,30366,336758240.0,0.32,0.18,0.197,10.51
2017-04-05,112.116,112.09,112.292,112.08,21899,242953168.0,0.19,-0.01,-0.013,7.58
2017-04-06,112.166,112.178,112.229,112.102,20244,224467522.0,0.11,0.08,0.088,7.01
2017-04-07,112.2,112.221,112.29,112.154,26812,297499264.0,0.12,0.04,0.043,9.28
2017-04-10,112.193,112.268,112.279,112.184,26036,288900080.0,0.08,0.04,0.047,9.01
2017-04-11,112.201,112.205,112.31,112.186,34112,378475552.0,0.11,-0.06,-0.063,11.8
2017-04-12,112.203,112.179,112.241,112.15,28623,317473152.0,0.08,-0.02,-0.026,9.91
2017-04-13,112.199,112.196,112.229,112.109,29762,330100080.0,0.11,0.02,0.017,10.3
2017-04-14,112.22,112.22,112.25,112.201,31327,347547648.0,0.04,0.02,0.024,10.84
2017-04-17,112.22,111.977,112.22,111.874,10569,117080201.0,0.31,-0.22,-0.243,3.66
2017-04-18,111.903,111.88,111.96,111.692,40356,446196160.0,0.24,-0.09,-0.097,13.97
2017-04-19,111.843,111.736,111.9,111.68,22098,244186130.0,0.2,-0.13,-0.144,7.65
2017-04-20,111.788,111.668,111.844,111.53,14681,162124912.0,0.28,-0.06,-0.068,5.08
2017-04-21,111.818,111.554,111.818,111.498,18415,203168470.0,0.29,-0.1,-0.114,6.37
2017-04-24,111.513,111.314,111.513,111.296,21564,237435897.0,0.19,-0.22,-0.24,7.46
2017-04-25,111.315,111.348,111.423,110.88,16473,181184911.0,0.49,0.03,0.034,5.7
2017-04-26,111.291,111.363,111.494,111.291,20904,230225802.0,0.18,0.01,0.015,7.23
2017-04-27,111.345,111.227,111.415,111.13,18400,202451154.0,0.26,-0.12,-0.136,6.37
2017-04-28,111.286,111.269,111.38,111.241,17873,196695893.0,0.12,0.04,0.042,6.19
2017-05-02,111.328,111.33,111.493,111.271,65972,726505120.0,0.2,0.05,0.061,22.83
2017-05-03,111.33,111.189,111.33,111.18,76713,843556512.0,0.13,-0.13,-0.141,26.55
2017-05-04,111.19,110.868,111.19,110.805,73450,806526656.0,0.35,-0.29,-0.321,25.42
2017-05-05,110.81,110.753,110.858,110.68,80639,883018144.0,0.16,-0.1,-0.115,27.91
2017-05-08,110.736,110.48,110.78,110.44,66156,723283840.0,0.31,-0.25,-0.273,22.89
2017-05-09,110.576,110.51,110.58,110.435,74351,812132256.0,0.13,0.03,0.03,25.73
2017-05-10,110.52,110.102,110.52,109.993,58933,642261376.0,0.48,-0.37,-0.408,20.39
2017-05-11,110.062,110.224,110.276,110.017,67952,739451520.0,0.24,0.11,0.122,23.52
2017-05-12,110.134,110.18,110.405,109.974,59283,645971424.0,0.39,-0.04,-0.044,20.52
2017-05-15,110.225,110.313,110.41,110.18,68002,741139952.0,0.21,0.12,0.133,23.53
2017-05-16,110.118,110.161,110.38,110.08,70421,766729664.0,0.27,-0.14,-0.152,24.37
2017-05-17,110.141,110.085,110.278,110.0,54960,598191152.0,0.25,-0.07,-0.076,19.02
2017-05-18,110.001,110.269,110.31,110.001,74279,808917520.0,0.28,0.17,0.184,25.71
2017-05-19,110.26,109.918,110.271,109.78,76591,833482000.0,0.45,-0.32,-0.351,26.51
2017-05-22,110.046,109.816,110.046,109.791,77946,846365968.0,0.23,-0.09,-0.102,26.97
2017-05-23,109.876,109.79,109.974,109.749,79650,864804432.0,0.2,-0.02,-0.026,27.56
2017-05-24,109.762,109.989,110.126,109.762,80736,876986064.0,0.33,0.18,0.199,27.94
2017-05-25,109.989,110.48,110.579,109.989,86672,945309424.0,0.54,0.45,0.491,29.99
2017-05-26,110.361,110.329,110.588,110.291,36074,393831472.0,0.27,-0.14,-0.151,12.48
2017-05-31,110.331,110.514,110.581,110.331,76162,831339248.0,0.23,0.17,0.185,26.36
2017-06-01,110.474,110.793,110.889,110.474,94995,1039154144.0,0.38,0.25,0.279,32.87
2017-06-02,110.701,111.009,111.129,110.701,96224,1056186496.0,0.39,0.19,0.216,33.3
2017-06-05,111.012,111.102,111.291,110.981,70398,773724896.0,0.28,0.08,0.093,24.36
2017-06-06,111.114,111.01,111.368,110.865,69513,763847360.0,0.45,-0.08,-0.092,24.06
2017-06-07,111.005,110.926,111.2,110.795,73789,808883376.0,0.36,-0.08,-0.084,25.54
2017-06-08,110.941,110.837,111.047,110.785,86305,946346112.0,0.24,-0.08,-0.089,29.87
2017-06-09,110.837,110.97,111.098,110.699,53669,588337472.0,0.36,0.12,0.133,18.57
2017-06-12,110.911,111.133,111.366,110.902,80150,880725968.0,0.42,0.15,0.163,27.74
2017-06-13,111.195,111.175,111.378,111.13,84222,926359168.0,0.22,0.04,0.042,29.15
2017-06-14,111.179,111.283,111.335,111.178,108793,1196933456.0,0.14,0.1,0.108,37.65
2017-06-15,111.301,111.388,111.54,111.293,115707,1274219600.0,0.22,0.09,0.105,40.04
2017-06-16,111.381,111.241,111.69,111.147,84910,933927328.0,0.49,-0.13,-0.147,29.38
2017-06-19,111.222,111.397,111.509,111.191,137648,1516097488.0,0.29,0.14,0.156,47.64
2017-06-20,111.433,111.458,111.691,111.355,163726,1805239360.0,0.3,0.05,0.061,56.66
2017-06-21,111.558,111.276,111.558,111.276,130459,1436674512.0,0.25,-0.16,-0.182,45.15
2017-06-22,111.279,111.099,111.329,110.64,117950,1295769600.0,0.62,-0.16,-0.177,40.82
2017-06-23,111.274,111.097,111.277,111.03,145463,1598594240.0,0.22,0.0,-0.002,50.34
2017-06-26,111.068,111.176,111.36,111.0,116061,1274871488.0,0.32,0.07,0.079,40.16
2017-06-27,111.186,111.368,111.537,111.186,138625,1526299472.0,0.32,0.17,0.192,47.97
2017-06-28,111.348,111.321,111.529,111.319,159499,1756966672.0,0.19,-0.04,-0.047,55.2
2017-06-29,111.351,111.192,111.479,111.19,112254,1235183072.0,0.26,-0.12,-0.129,38.85
2017-06-30,111.14,111.008,111.263,110.99,92026,1011280992.0,0.25,-0.17,-0.184,31.85
2017-07-03,111.109,111.099,111.178,111.036,99762,1095636720.0,0.13,0.08,0.091,34.52
2017-07-04,111.101,111.168,111.188,110.989,80441,882914528.0,0.18,0.06,0.069,27.84
2017-07-05,111.131,111.083,111.155,111.003,72939,800882720.0,0.14,-0.08,-0.085,25.24
2017-07-06,110.93,111.272,111.379,110.913,94485,1037810752.0,0.42,0.17,0.189,32.7
2017-07-07,111.23,111.259,111.367,111.181,79787,877160208.0,0.17,-0.01,-0.013,27.61
2017-07-10,111.281,111.137,111.308,111.11,56466,620658640.0,0.18,-0.11,-0.122,19.54
2017-07-11,111.107,111.19,111.242,111.107,58552,643530592.0,0.12,0.05,0.053,20.26
2017-07-12,111.156,111.186,111.311,111.156,87871,965978944.0,0.14,0.0,-0.004,30.41
2017-07-13,111.166,111.097,111.266,111.082,101599,1117000768.0,0.17,-0.08,-0.089,35.16
2017-07-14,111.131,111.068,111.217,111.052,60786,667654864.0,0.15,-0.03,-0.029,21.04
2017-07-17,111.158,111.118,111.23,111.054,66907,735198864.0,0.16,0.05,0.05,23.15
2017-07-18,111.118,110.837,111.122,110.781,76041,833589984.0,0.31,-0.25,-0.281,26.32
2017-07-19,110.879,110.912,111.033,110.834,102728,1126549104.0,0.18,0.07,0.075,35.55
2017-07-20,110.905,110.988,111.112,110.905,111926,1228427920.0,0.19,0.07,0.076,38.73
2017-07-21,110.988,111.024,111.114,110.988,112272,1232121280.0,0.11,0.03,0.036,38.85
2017-07-24,111.001,110.967,111.094,110.9,97034,1064727856.0,0.17,-0.05,-0.057,33.58
2017-07-25,110.985,110.92,111.03,110.865,91923,1008223888.0,0.15,-0.04,-0.047,31.81
2017-07-26,110.931,110.924,110.958,110.891,98009,1074661472.0,0.06,0.0,0.004,33.92
2017-07-27,110.841,110.952,111.03,110.841,158984,1743201120.0,0.17,0.03,0.028,55.02
2017-07-28,110.95,110.956,111.03,110.932,88996,976319760.0,0.09,0.0,0.004,30.8
2017-07-31,110.961,110.96,111.037,110.95,101965,1118875008.0,0.08,0.0,0.004,35.29
2017-08-01,110.95,111.044,111.072,110.95,83845,920077840.0,0.11,0.08,0.084,29.02
2017-08-02,111.046,111.049,111.067,111.007,103253,1133286704.0,0.05,0.0,0.005,35.73
2017-08-03,111.05,111.05,111.082,110.991,110673,1214809728.0,0.08,0.0,0.001,38.3
2017-08-04,111.055,111.173,111.18,111.034,83598,917723360.0,0.13,0.11,0.123,28.93
2017-08-07,111.162,111.149,111.375,110.68,41593,457289536.0,0.63,-0.02,-0.024,14.39
2017-08-08,111.121,111.04,111.236,110.881,49649,545408832.0,0.32,-0.1,-0.109,17.18
2017-08-09,111.085,111.044,111.119,110.982,61497,675100768.0,0.12,0.0,0.004,21.28
2017-08-10,111.05,111.056,111.086,111.019,72445,795234448.0,0.06,0.01,0.012,25.07
2017-08-11,111.059,111.145,111.15,110.994,73430,806350224.0,0.14,0.08,0.089,25.41
2017-08-14,111.157,111.194,111.216,111.119,64589,709870720.0,0.09,0.04,0.049,22.35
2017-08-15,111.218,111.379,111.419,111.195,59310,652362384.0,0.2,0.17,0.185,20.53
2017-08-16,111.381,111.121,111.418,111.118,42656,469585824.0,0.27,-0.23,-0.258,14.76
2017-08-17,111.2,111.224,111.28,111.13,68852,756799072.0,0.13,0.09,0.103,23.83
2017-08-18,111.252,111.243,111.274,111.181,71383,784947840.0,0.08,0.02,0.019,24.7
2017-08-21,111.205,111.204,111.265,111.158,60846,668809360.0,0.1,-0.04,-0.039,21.06
2017-08-22,111.192,111.207,111.225,111.168,79376,872537104.0,0.05,0.0,0.003,27.47
2017-08-23,111.207,111.28,111.342,111.207,65179,716925520.0,0.12,0.07,0.073,22.56
2017-08-24,111.266,111.273,111.374,111.245,74518,819936240.0,0.12,-0.01,-0.007,25.79
2017-08-25,111.246,111.298,111.301,111.233,67297,740264592.0,0.06,0.02,0.025,23.29
2017-08-28,111.298,111.266,111.311,111.24,27447,301943392.0,0.06,-0.03,-0.032,9.5
2017-08-29,111.271,111.243,111.279,111.19,63492,698218928.0,0.08,-0.02,-0.023,21.97
2017-08-30,111.242,111.216,111.266,111.17,69096,759753696.0,0.09,-0.02,-0.027,23.91
2017-08-31,111.225,111.171,111.226,111.161,66157,727212112.0,0.06,-0.04,-0.045,22.89
2017-09-01,111.178,111.231,111.249,111.17,21475,236096362.0,0.07,0.05,0.06,7.43
2017-09-04,111.211,111.274,111.314,111.206,57553,632904128.0,0.1,0.04,0.043,19.92
2017-09-05,111.268,111.203,111.268,111.18,53323,586264960.0,0.08,-0.06,-0.071,18.45
2017-09-06,111.214,111.274,111.313,111.148,52797,580384048.0,0.15,0.06,0.071,18.27
2017-09-07,111.325,111.323,111.325,111.269,60926,670332672.0,0.05,0.04,0.049,21.08
2017-09-08,111.325,111.431,111.53,111.318,44473,489803456.0,0.19,0.1,0.108,15.39
2017-09-11,111.457,111.448,111.53,111.43,72527,799122752.0,0.09,0.02,0.017,25.1
2017-09-12,111.444,111.424,111.561,111.285,47758,525920336.0,0.25,-0.02,-0.024,16.53
2017-09-13,111.418,111.324,111.439,111.293,65332,718976592.0,0.13,-0.09,-0.1,22.61
2017-09-14,111.362,111.392,111.413,111.308,44774,492899968.0,0.09,0.06,0.068,15.49
2017-09-15,111.401,111.37,111.439,111.328,38360,422326384.0,0.1,-0.02,-0.022,13.28
2017-09-18,111.36,111.294,111.391,111.242,14692,161668820.0,0.13,-0.07,-0.076,5.08
2017-09-19,111.327,111.301,111.327,111.038,27062,297736944.0,0.26,0.01,0.007,9.37
2017-09-20,111.301,111.174,111.322,111.151,17671,194335738.0,0.15,-0.11,-0.127,6.12
2017-09-21,111.179,111.136,111.208,111.108,24856,273119488.0,0.09,-0.03,-0.038,8.6
2017-09-22,111.15,111.168,111.19,111.092,13686,150379567.0,0.09,0.03,0.032,4.74
2017-09-25,111.18,111.224,111.23,111.155,6779,74515441.0,0.07,0.05,0.056,2.35
2017-09-26,111.224,111.245,111.251,111.153,3849,42309857.0,0.09,0.02,0.021,1.33
2017-09-27,111.245,111.165,111.245,111.116,4076,44793502.0,0.12,-0.07,-0.08,1.41
2017-09-28,111.17,111.188,111.264,111.17,3842,42239147.0,0.08,0.02,0.023,1.33
2017-09-29,111.195,111.15,111.264,111.14,1388,15263550.0,0.11,-0.03,-0.038,0.48
2017-10-09,111.178,111.13,111.178,111.1,1779,19542924.0,0.07,-0.02,-0.02,0.62
2017-10-10,111.13,111.16,111.23,111.125,2850,31323412.0,0.09,0.03,0.03,0.99
2017-10-11,111.171,111.173,111.26,111.15,4336,47660290.0,0.1,0.01,0.013,1.5
2017-10-12,111.19,111.145,111.229,111.132,3847,42275076.0,0.09,-0.03,-0.028,1.33
2017-10-13,111.145,111.137,111.172,111.13,2397,26336712.0,0.04,-0.01,-0.008,0.83
2017-10-16,111.111,111.063,111.13,111.041,1531,16811989.0,0.08,-0.07,-0.074,0.53
2017-10-17,111.068,111.055,111.095,111.041,885,9718364.0,0.05,-0.01,-0.008,0.31
2017-10-18,111.051,110.896,111.051,110.886,567,6219019.0,0.15,-0.14,-0.159,0.2
2017-10-19,110.96,110.98,111.03,110.888,949,10410801.0,0.13,0.08,0.084,0.33
2017-10-20,110.985,110.995,111.041,110.933,219,2408301.0,0.1,0.01,0.015,0.08
2017-10-23,110.995,110.94,110.995,110.888,275,3014786.0,0.1,-0.05,-0.055,0.1
2017-10-24,110.946,110.933,110.975,110.902,243,2668717.0,0.07,-0.01,-0.007,0.08
2017-10-25,110.94,110.895,110.945,110.89,25469,279234928.0,0.05,-0.03,-0.038,8.81
2017-10-26,110.887,110.789,110.887,110.582,38676,423107472.0,0.28,-0.1,-0.106,13.38
2017-10-27,110.647,110.631,110.874,110.591,10790,118115518.0,0.26,-0.14,-0.158,3.73
2017-10-30,110.582,110.413,110.658,110.363,47014,513428080.0,0.27,-0.2,-0.218,16.27
2017-10-31,110.506,110.554,110.668,110.438,47034,514119168.0,0.21,0.13,0.141,16.28
2017-11-01,110.64,110.537,110.64,110.535,28865,315432720.0,0.09,-0.02,-0.017,9.99
2017-11-02,110.803,110.494,110.803,110.482,8271,90333876.0,0.29,-0.04,-0.043,2.86
2017-11-03,110.52,110.283,110.52,109.923,35765,390466544.0,0.54,-0.19,-0.211,12.38
2017-11-06,110.29,110.379,110.425,110.082,2664,29063835.0,0.31,0.09,0.096,0.92
2017-11-07,110.379,110.484,110.508,110.21,3648,39832484.0,0.27,0.1,0.105,1.26
2017-11-08,110.514,110.646,110.81,110.4,4231,46260043.0,0.37,0.15,0.162,1.46
2017-11-09,110.68,110.632,110.73,110.6,4129,45160410.0,0.12,-0.01,-0.014,1.43
2017-11-10,110.729,110.8,111.23,110.632,4407,48293054.0,0.54,0.15,0.168,1.53
2017-11-13,110.78,110.487,110.88,110.481,7698,84194745.0,0.36,-0.28,-0.313,2.66
2017-11-14,110.487,110.358,111.23,110.169,14076,153560068.0,0.96,-0.12,-0.129,4.87
2017-11-15,110.385,110.409,110.46,110.28,17622,192250351.0,0.16,0.05,0.051,6.1
2017-11-16,110.46,110.531,110.595,110.44,17969,196258168.0,0.14,0.11,0.122,6.22
2017-11-17,110.531,110.568,110.644,110.296,17647,192808750.0,0.31,0.03,0.037,6.11
2017-11-20,110.568,110.471,110.649,110.337,16429,179314037.0,0.28,-0.09,-0.097,5.69
2017-11-21,110.577,110.424,110.734,110.359,14894,162573319.0,0.34,-0.04,-0.047,5.15
2017-11-22,110.38,110.224,110.42,110.193,14557,158792018.0,0.21,-0.18,-0.2,5.04
2017-11-23,110.031,110.114,110.245,110.031,8836,96210737.0,0.19,-0.1,-0.11,3.06
2017-11-24,110.114,110.199,110.279,110.09,11811,128673392.0,0.17,0.08,0.085,4.09
2017-11-27,110.116,110.33,110.419,110.116,6281,68465970.0,0.27,0.12,0.131,2.17
2017-11-28,110.279,110.398,110.575,110.185,17143,187028075.0,0.35,0.06,0.068,5.93
2017-11-29,110.398,110.521,110.578,110.343,19613,214096244.0,0.21,0.11,0.123,6.79
2017-11-30,110.468,110.475,110.73,110.43,21847,238891372.0,0.27,-0.04,-0.046,7.56
2017-12-01,110.574,110.605,110.732,110.38,24748,270608080.0,0.32,0.12,0.13,8.56
2017-12-04,110.71,110.753,110.879,110.596,30409,332768032.0,0.26,0.13,0.148,10.52
2017-12-05,110.71,110.89,111.03,110.71,26725,292948544.0,0.29,0.12,0.137,9.25
2017-12-06,111.028,110.166,111.157,103.285,25036,274452336.0,7.1,-0.65,-0.724,8.66
2017-12-07,110.81,110.732,110.81,110.68,45509,498151360.0,0.12,0.51,0.566,15.75
2017-12-08,110.683,110.651,110.87,110.48,22627,247678889.0,0.35,-0.07,-0.081,7.83
2017-12-11,110.378,110.632,110.766,110.378,39577,432865536.0,0.35,-0.02,-0.019,13.7
2017-12-12,110.68,110.58,110.786,110.51,21808,238533006.0,0.25,-0.05,-0.052,7.55
2017-12-13,110.402,110.591,110.759,110.402,27809,304126480.0,0.32,0.01,0.011,9.62
2017-12-14,110.725,110.623,110.729,110.605,13400,146596213.0,0.11,0.03,0.032,4.64
2017-12-15,110.502,110.649,110.93,110.502,30661,335441136.0,0.39,0.02,0.026,10.61
2017-12-18,110.69,110.717,110.95,110.68,18601,203674685.0,0.24,0.06,0.068,6.44
2017-12-19,110.8,110.806,110.957,110.745,25424,278516464.0,0.19,0.08,0.089,8.8
2017-12-20,110.875,110.8,110.9,110.744,19409,212616833.0,0.14,-0.01,-0.006,6.72
2017-12-21,110.868,110.782,110.886,110.688,20218,221396875.0,0.18,-0.02,-0.018,7.0
2017-12-22,110.616,110.824,110.886,110.616,18595,203679904.0,0.24,0.04,0.042,6.44
2017-12-25,110.824,110.852,110.945,110.786,17604,192934034.0,0.14,0.03,0.028,6.09
2017-12-26,110.818,110.871,111.075,110.818,25431,278924896.0,0.23,0.02,0.019,8.8
2017-12-27,110.831,110.885,110.99,110.79,25709,281934544.0,0.18,0.01,0.014,8.9
2017-12-28,110.979,110.478,110.979,110.346,4544,49780288.0,0.57,-0.37,-0.407,1.57
2017-12-29,110.768,110.666,110.768,110.435,1789,19551455.0,0.3,0.17,0.188,0.62
2018-01-02,110.886,110.8,110.886,110.729,2481,27171778.0,0.14,0.12,0.134,0.86
2018-01-03,110.8,110.844,110.941,110.736,1733,18992881.0,0.19,0.04,0.044,0.6
2018-01-04,110.81,110.864,110.867,110.801,4769,52250984.0,0.06,0.02,0.02,1.65
2018-01-05,110.866,110.873,110.881,110.83,908,9950634.0,0.05,0.01,0.009,0.31
2018-01-08,110.873,110.936,110.959,110.87,830,9099840.0,0.08,0.06,0.063,0.29
2018-01-09,110.937,110.957,110.963,110.936,1565,17167393.0,0.02,0.02,0.021,0.54
2018-01-10,111.018,110.949,111.02,110.923,6710,73607476.0,0.09,-0.01,-0.008,2.32
2018-01-11,110.949,110.851,110.949,110.821,466,5106842.0,0.12,-0.09,-0.098,0.16
2018-01-12,110.91,110.947,110.981,110.83,1754,19222844.0,0.14,0.09,0.096,0.61
2018-01-15,110.886,110.822,110.9,110.82,1156,12668549.0,0.07,-0.11,-0.125,0.4
2018-01-16,110.839,110.825,110.961,110.812,1677,18386635.0,0.13,0.0,0.003,0.58
2018-01-17,110.825,110.811,110.877,110.68,822,9002152.0,0.18,-0.01,-0.014,0.28
2018-01-18,110.859,110.694,110.859,110.691,772,8454803.0,0.15,-0.11,-0.117,0.27
2018-01-19,110.734,110.837,110.85,110.691,1358,14864358.0,0.14,0.13,0.143,0.47
2018-01-22,110.736,110.925,111.646,110.736,1685,18482306.0,0.82,0.08,0.088,0.58
2018-01-23,110.85,110.966,111.0,110.825,2207,24209755.0,0.16,0.04,0.041,0.76
2018-01-24,110.967,111.095,111.437,110.889,1705,18722319.0,0.49,0.12,0.129,0.59
2018-01-25,111.071,111.188,111.266,111.011,2028,22275931.0,0.23,0.08,0.093,0.7
2018-01-26,111.177,111.217,111.34,111.177,1739,19125931.0,0.15,0.03,0.029,0.6
2018-01-29,111.215,111.272,111.343,111.215,1250,13752694.0,0.12,0.05,0.055,0.43
2018-01-30,111.272,111.266,111.308,111.213,738,8116942.0,0.09,-0.01,-0.006,0.26
2018-01-31,111.266,111.125,111.266,110.979,2080,22845401.0,0.26,-0.13,-0.141,0.72
2018-02-01,111.017,111.148,111.165,111.017,282,3097595.0,0.13,0.02,0.023,0.1
2018-02-02,111.043,111.2,111.2,111.043,4942,54308134.0,0.14,0.05,0.052,1.71
2018-02-05,111.266,111.276,111.283,111.211,3683,40509383.0,0.06,0.07,0.076,1.27
2018-02-06,111.342,111.262,111.494,111.256,4565,50213389.0,0.21,-0.01,-0.014,1.58
2018-02-07,111.201,111.327,111.342,111.199,6801,74809131.0,0.13,0.06,0.065,2.35
2018-02-08,111.327,111.319,111.373,111.275,8777,96597212.0,0.09,-0.01,-0.008,3.04
2018-02-09,111.323,111.669,111.874,111.321,2721,30007125.0,0.5,0.31,0.35,0.94
2018-02-12,111.654,111.794,111.795,111.57,2498,27591246.0,0.2,0.11,0.125,0.86
2018-02-13,111.661,111.792,111.8,111.652,4771,52723581.0,0.13,0.0,-0.002,1.65
2018-02-14,111.793,111.8,111.801,111.65,3517,38865041.0,0.14,0.01,0.008,1.22
2018-02-22,111.724,111.649,111.867,111.64,4093,45210486.0,0.2,-0.14,-0.151,1.42
2018-02-23,111.57,111.608,111.708,111.57,5301,58512117.0,0.12,-0.04,-0.041,1.83
2018-02-26,111.571,111.653,111.7,111.571,13750,151770692.0,0.12,0.04,0.045,4.76
2018-02-27,111.669,111.774,111.872,111.669,12563,138731833.0,0.18,0.11,0.121,4.35
2018-02-28,111.775,111.926,111.954,111.768,12669,140091204.0,0.17,0.14,0.152,4.38
2018-03-01,111.996,112.18,112.277,111.93,14666,162620778.0,0.31,0.23,0.254,5.08
2018-03-02,112.18,112.256,112.286,112.178,17231,191237095.0,0.1,0.07,0.076,5.96
2018-03-05,112.275,112.275,112.455,112.219,19170,212778024.0,0.21,0.02,0.019,6.63
2018-03-06,112.27,112.279,112.327,112.181,11922,132344052.0,0.13,0.0,0.004,4.13
2018-03-07,112.178,112.217,112.277,112.104,6382,70815064.0,0.15,-0.06,-0.062,2.21
2018-03-08,112.337,112.25,112.337,112.184,18307,203227544.0,0.14,0.03,0.033,6.34
2018-03-09,112.261,112.141,112.33,112.135,10641,118109135.0,0.17,-0.1,-0.109,3.68
2018-03-12,112.153,112.123,112.349,112.123,17867,198165313.0,0.2,-0.02,-0.018,6.18
2018-03-13,112.134,112.093,112.15,112.086,28907,320389840.0,0.06,-0.03,-0.03,10.0
2018-03-14,112.103,112.044,112.177,112.043,28136,311880368.0,0.12,-0.04,-0.049,9.74
2018-03-15,112.075,112.059,112.096,111.997,7475,82814849.0,0.09,0.01,0.015,2.59
2018-03-16,112.088,112.095,112.129,112.043,15677,173712029.0,0.08,0.03,0.036,5.43
2018-03-19,112.14,112.132,112.36,112.098,9281,102885600.0,0.23,0.03,0.037,3.21
2018-03-20,112.103,112.109,112.173,112.1,38944,431635248.0,0.07,-0.02,-0.023,13.48
2018-03-21,112.11,112.111,112.129,112.109,47778,529566656.0,0.02,0.0,0.002,16.53
2018-03-22,112.113,112.112,112.123,112.108,54212,600850848.0,0.01,0.0,0.001,18.76
2018-03-23,112.115,112.33,112.375,112.111,12485,138473003.0,0.24,0.19,0.218,4.32
2018-03-26,112.323,112.777,113.058,112.323,9502,105688609.0,0.65,0.4,0.447,3.29
2018-03-27,112.476,112.619,112.896,112.451,7244,80686693.0,0.39,-0.14,-0.158,2.51
2018-03-28,112.597,112.568,112.81,112.53,16146,179846857.0,0.25,-0.05,-0.051,5.59
2018-03-29,112.615,112.289,112.638,112.085,4538,50494659.0,0.49,-0.25,-0.279,1.57
2018-03-30,112.44,112.493,112.583,112.401,13269,147624709.0,0.16,0.18,0.204,4.59
2018-04-02,112.482,112.474,112.546,112.46,36205,402765312.0,0.08,-0.02,-0.019,12.53
2018-04-03,112.483,112.586,112.664,112.483,6435,71643471.0,0.16,0.1,0.112,2.23
2018-04-04,112.595,112.614,112.667,112.586,19593,218147550.0,0.07,0.02,0.028,6.78
2018-04-09,112.617,112.772,112.813,112.617,1345,14991993.0,0.17,0.14,0.158,0.47
2018-04-10,112.872,112.786,112.872,112.757,1837,20484239.0,0.1,0.01,0.014,0.64
2018-04-11,112.789,112.797,112.93,112.786,7002,78131011.0,0.13,0.01,0.011,2.42
2018-04-12,112.795,112.866,112.88,112.795,5127,57201626.0,0.08,0.06,0.069,1.77
2018-04-13,112.866,113.056,113.166,112.866,973,10868365.0,0.27,0.17,0.19,0.34
2018-04-16,113.277,113.366,113.398,113.127,1743,19514736.0,0.24,0.27,0.31,0.6
2018-04-17,113.277,113.284,113.427,113.231,1359,15221656.0,0.17,-0.07,-0.082,0.47
2018-04-18,113.337,113.774,114.274,113.337,1452,16323477.0,0.83,0.43,0.49,0.5
2018-04-19,113.782,113.544,113.83,113.493,1412,15870626.0,0.3,-0.2,-0.23,0.49
2018-04-20,113.433,113.395,113.507,113.361,5193,58237369.0,0.13,-0.13,-0.149,1.8
2018-04-23,113.417,113.385,113.634,113.302,4699,52706537.0,0.29,-0.01,-0.01,1.63
2018-04-24,113.385,113.532,113.588,113.385,6329,71021571.0,0.18,0.13,0.147,2.19
2018-04-25,113.544,113.624,113.919,113.544,10004,112528854.0,0.33,0.08,0.092,3.46
2018-04-26,113.624,113.591,113.708,113.574,14634,164409326.0,0.12,-0.03,-0.033,5.06
2018-04-27,113.591,113.639,113.839,113.448,25858,290652256.0,0.34,0.04,0.048,8.95
2018-05-02,113.647,113.555,113.675,113.483,19186,215578829.0,0.17,-0.07,-0.084,6.64
2018-05-03,113.585,113.708,113.78,113.577,18587,208851648.0,0.18,0.13,0.153,6.43
2018-05-04,113.716,113.581,114.033,113.446,18581,209325847.0,0.52,-0.11,-0.127,6.43
2018-05-07,113.618,113.582,113.658,113.491,10669,119787681.0,0.15,0.0,0.001,3.69
2018-05-08,113.578,113.482,113.58,113.472,18985,213121512.0,0.1,-0.09,-0.1,6.57
2018-05-09,113.482,113.287,113.484,113.206,17187,192630150.0,0.24,-0.17,-0.195,5.95
2018-05-10,113.326,113.291,113.339,113.26,23330,261314704.0,0.07,0.0,0.004,8.07
2018-05-11,113.286,113.363,113.401,113.277,21515,241133191.0,0.11,0.06,0.072,7.45
2018-05-14,113.385,113.369,113.43,113.35,17524,196507172.0,0.07,0.01,0.006,6.06
2018-05-15,113.395,113.346,113.398,113.332,19779,221663241.0,0.06,-0.02,-0.023,6.84
2018-05-16,113.351,113.367,113.401,113.33,15872,177916855.0,0.06,0.02,0.021,5.49
2018-05-17,113.36,113.324,113.366,113.316,21439,240254378.0,0.04,-0.04,-0.043,7.42
2018-05-18,113.325,113.327,113.386,113.325,17727,198677346.0,0.05,0.0,0.003,6.13
2018-05-21,113.33,113.343,113.369,113.297,17500,196112412.0,0.06,0.01,0.016,6.06
2018-05-22,113.343,113.396,113.47,113.342,17160,192431879.0,0.11,0.05,0.053,5.94
2018-05-23,113.4,113.494,113.505,113.4,10214,114584506.0,0.09,0.09,0.098,3.53
2018-05-24,113.496,113.575,113.617,113.496,7346,82477555.0,0.11,0.07,0.081,2.54
2018-05-25,113.575,113.773,113.78,113.566,6434,72344973.0,0.19,0.17,0.198,2.23
2018-05-28,113.734,113.59,113.82,113.565,5367,60349143.0,0.22,-0.16,-0.183,1.86
2018-05-29,113.58,113.452,113.669,113.421,2110,23691834.0,0.22,-0.12,-0.138,0.73
2018-05-30,113.452,113.418,113.771,113.371,3547,39837579.0,0.35,-0.03,-0.034,1.23
2018-05-31,113.46,113.429,113.529,113.38,4528,50780091.0,0.13,0.01,0.011,1.57
2018-06-01,113.48,113.469,113.528,113.395,5918,66381720.0,0.12,0.04,0.04,2.05
2018-06-04,113.468,113.553,113.553,113.431,18088,202951651.0,0.11,0.07,0.084,6.26
2018-06-05,113.546,113.434,113.58,113.283,11969,134350569.0,0.26,-0.1,-0.119,4.14
2018-06-06,113.447,113.427,113.479,113.379,5487,61548262.0,0.09,-0.01,-0.007,1.9
2018-06-07,113.38,113.398,113.43,113.371,8675,97269993.0,0.05,-0.03,-0.029,3.0
2018-06-08,113.429,113.411,113.525,113.396,10739,120433958.0,0.11,0.01,0.013,3.72
2018-06-11,113.45,113.525,113.574,113.45,8669,97313262.0,0.11,0.1,0.114,3.0
2018-06-12,113.513,113.36,113.539,113.33,9708,108942217.0,0.18,-0.15,-0.165,3.36
2018-06-13,113.44,113.373,113.469,113.331,6630,74324034.0,0.12,0.01,0.013,2.29
2018-06-14,113.396,113.377,113.557,113.372,8706,97682170.0,0.16,0.0,0.004,3.01
2018-06-15,113.472,113.436,113.568,113.43,7653,85881847.0,0.12,0.05,0.059,2.65
2018-06-19,113.521,113.698,113.73,113.422,2749,30865836.0,0.27,0.23,0.262,0.95
2018-06-20,113.68,113.683,113.69,113.56,2758,30987678.0,0.11,-0.01,-0.015,0.95
2018-06-21,113.554,113.62,113.771,113.554,1575,17707647.0,0.19,-0.06,-0.063,0.55
2018-06-22,113.62,113.696,113.729,113.584,1605,18038651.0,0.13,0.07,0.076,0.56
2018-06-25,113.697,113.842,113.877,113.692,3792,42665176.0,0.16,0.13,0.146,1.31
2018-06-26,113.83,113.89,113.976,113.83,4095,46112946.0,0.13,0.04,0.048,1.42
2018-06-27,113.893,113.827,113.976,113.78,11315,127343269.0,0.17,-0.06,-0.063,3.92
2018-06-28,113.832,113.519,113.967,113.485,8704,97992583.0,0.42,-0.27,-0.308,3.01
2018-06-29,113.535,114.136,114.17,113.535,12571,141549892.0,0.56,0.54,0.617,4.35
2018-07-02,114.13,114.122,114.18,113.907,9821,110817476.0,0.24,-0.01,-0.014,3.4
2018-07-03,114.274,114.053,114.274,113.981,6031,68049388.0,0.26,-0.06,-0.069,2.09
2018-07-04,114.09,114.28,114.43,114.017,8184,92338269.0,0.36,0.2,0.227,2.83
2018-07-05,114.38,114.276,114.426,114.16,5153,58204668.0,0.23,0.0,-0.004,1.78
2018-07-06,114.041,114.271,114.28,114.041,4192,47345753.0,0.21,0.0,-0.005,1.45
2018-07-09,114.271,114.215,114.53,114.183,14244,160944253.0,0.3,-0.05,-0.056,4.93
2018-07-10,114.23,114.121,114.278,114.02,15711,177356809.0,0.23,-0.08,-0.094,5.44
2018-07-11,114.172,114.086,114.19,114.08,14167,159895522.0,0.1,-0.03,-0.035,4.9
2018-07-12,114.089,114.053,114.48,113.985,13618,153605543.0,0.43,-0.03,-0.033,4.71
2018-07-13,114.11,114.178,114.23,114.04,18492,208661347.0,0.17,0.11,0.125,6.4
2018-07-16,114.23,114.377,114.438,114.161,14123,159646740.0,0.24,0.17,0.199,4.89
2018-07-17,114.18,114.523,115.033,114.18,17863,202187520.0,0.75,0.13,0.146,6.18
2018-07-18,114.48,114.561,114.716,114.42,22353,253303328.0,0.26,0.03,0.038,7.74
2018-07-19,114.403,114.678,114.847,114.402,14883,168723033.0,0.39,0.1,0.117,5.15
2018-07-20,114.68,114.63,115.625,114.43,22135,251191567.0,1.04,-0.04,-0.048,7.66
2018-07-23,114.38,114.739,114.83,114.38,15963,180786323.0,0.39,0.1,0.109,5.52
2018-07-24,114.68,114.492,114.769,114.27,17885,202567210.0,0.43,-0.22,-0.247,6.19
2018-07-25,114.492,114.505,114.56,114.305,16992,192332334.0,0.22,0.01,0.013,5.88
2018-07-26,114.29,114.69,114.7,114.28,6798,76997030.0,0.37,0.16,0.185,2.35
2018-07-27,114.646,114.519,114.799,114.43,15483,175594504.0,0.32,-0.15,-0.171,5.36
2018-07-30,114.645,114.59,114.78,114.535,17284,195866517.0,0.21,0.06,0.071,5.98
2018-07-31,114.728,114.698,114.728,114.601,15789,179040002.0,0.11,0.09,0.108,5.46
2018-08-01,114.73,114.99,115.011,114.687,15995,181571000.0,0.28,0.25,0.292,5.54
2018-08-02,115.04,115.077,115.276,114.93,24764,282008208.0,0.3,0.08,0.087,8.57
2018-08-03,115.08,115.173,115.38,115.08,8844,100799404.0,0.26,0.08,0.096,3.06
2018-08-06,115.27,115.25,115.347,114.981,23813,271325296.0,0.32,0.07,0.077,8.24
2018-08-07,115.279,115.315,115.367,115.1,16343,186344281.0,0.23,0.06,0.065,5.66
2018-08-08,115.43,115.2,115.45,115.177,16130,184058489.0,0.24,-0.1,-0.115,5.58
2018-08-09,115.25,115.057,115.27,115.046,11951,136062416.0,0.19,-0.12,-0.143,4.14
2018-08-10,115.042,114.93,115.099,114.796,10528,119687632.0,0.26,-0.11,-0.127,3.64
2018-08-13,114.93,114.79,115.026,114.734,10429,118506823.0,0.25,-0.12,-0.14,3.61
2018-08-14,114.79,115.04,115.077,114.744,11487,130452649.0,0.29,0.22,0.25,3.98
2018-08-15,115.181,114.701,115.181,114.682,11542,131109201.0,0.43,-0.29,-0.339,3.99
2018-08-16,114.768,114.662,114.773,114.632,9508,107853565.0,0.12,-0.03,-0.039,3.29
2018-08-17,114.652,113.914,114.762,113.317,3445,38910059.0,1.26,-0.65,-0.748,1.19
2018-08-20,114.061,113.959,114.061,113.78,7529,84828185.0,0.25,0.04,0.045,2.61
2018-08-21,113.961,113.964,114.015,113.755,8537,96158844.0,0.23,0.0,0.005,2.95
2018-08-22,113.955,114.017,114.157,113.88,6989,78746101.0,0.24,0.05,0.053,2.42
2018-08-23,114.018,114.131,114.26,113.95,8652,97660169.0,0.27,0.1,0.114,2.99
2018-08-24,114.18,114.294,114.363,114.18,8979,101494815.0,0.16,0.14,0.163,3.11
2018-08-27,114.346,114.258,114.467,114.221,4188,47328440.0,0.22,-0.03,-0.036,1.45
2018-08-28,114.38,114.416,114.502,114.202,5430,61399747.0,0.26,0.14,0.158,1.88
2018-08-29,114.659,114.57,114.659,114.293,4190,47477939.0,0.32,0.13,0.154,1.45
2018-08-30,114.57,114.561,114.709,114.482,6900,78174810.0,0.2,-0.01,-0.009,2.39
2018-08-31,114.628,114.739,114.759,114.599,4875,55292967.0,0.14,0.16,0.178,1.69
2018-09-03,114.739,114.59,114.853,114.481,3546,40231670.0,0.32,-0.13,-0.149,1.23
2018-09-04,114.582,114.421,114.678,114.421,1010,11444687.0,0.22,-0.15,-0.169,0.35
2018-09-05,114.421,114.558,114.595,114.41,440,4978315.0,0.16,0.12,0.137,0.15
2018-09-06,114.525,114.513,114.626,114.282,3787,42907999.0,0.3,-0.04,-0.045,1.31
2018-09-07,114.396,114.422,114.635,114.396,4764,53909727.0,0.21,-0.08,-0.091,1.65
2018-09-10,114.422,114.44,116.033,114.103,2959,33495944.0,1.69,0.02,0.018,1.02
2018-09-11,114.44,114.231,114.54,114.127,1811,20477030.0,0.36,-0.18,-0.209,0.63
2018-09-12,114.28,114.412,114.423,114.19,553,6252186.0,0.2,0.16,0.181,0.19
2018-09-13,114.412,114.383,114.425,114.303,2764,31265556.0,0.11,-0.03,-0.029,0.96
2018-09-14,114.282,114.362,114.475,114.238,9295,105105493.0,0.21,-0.02,-0.021,3.22
2018-09-17,114.389,114.363,114.529,114.301,10837,122595378.0,0.2,0.0,0.001,3.75
2018-09-18,114.333,114.33,114.392,114.31,6433,72735398.0,0.07,-0.03,-0.033,2.23
2018-09-19,114.38,114.368,114.494,114.295,6352,71829990.0,0.17,0.03,0.038,2.2
2018-09-20,114.48,114.404,114.577,114.375,6425,72699465.0,0.18,0.03,0.036,2.22
2018-09-21,114.404,114.54,114.599,114.404,9951,112701798.0,0.17,0.12,0.136,3.44
2018-09-25,114.471,114.538,114.71,114.471,24325,275579952.0,0.21,0.0,-0.002,8.42
2018-09-26,114.54,114.655,114.679,114.528,28346,321260096.0,0.13,0.1,0.117,9.81
2018-09-27,114.655,114.708,114.766,114.581,28661,325068064.0,0.16,0.05,0.053,9.92
2018-09-28,114.773,115.008,115.029,114.773,34886,396450640.0,0.22,0.26,0.3,12.07
2018-10-08,114.977,115.28,115.38,114.843,48609,553126576.0,0.47,0.24,0.272,16.82
2018-10-09,115.096,115.275,115.58,115.096,43735,498886592.0,0.42,0.0,-0.005,15.14
2018-10-10,115.09,114.826,115.375,114.712,29349,333434672.0,0.58,-0.39,-0.449,10.16
2018-10-11,114.826,115.218,115.3,114.826,44017,500715008.0,0.41,0.34,0.392,15.23
2018-10-12,115.061,115.347,115.479,115.061,43672,498485088.0,0.36,0.11,0.129,15.11
2018-10-15,115.98,115.479,115.98,115.36,43374,495180896.0,0.54,0.11,0.132,15.01
2018-10-16,115.183,115.469,115.878,115.182,4759,54359890.0,0.6,-0.01,-0.01,1.65
2018-10-17,115.07,115.53,115.759,115.07,24721,282474512.0,0.6,0.05,0.061,8.56
2018-10-18,115.535,115.76,115.78,115.535,26885,307632288.0,0.21,0.2,0.23,9.3
2018-10-19,115.77,115.793,115.88,115.68,27646,316521760.0,0.17,0.03,0.033,9.57
2018-10-22,115.76,115.608,115.78,115.532,27368,312974368.0,0.21,-0.16,-0.185,9.47
2018-10-23,115.606,115.634,115.778,115.534,42136,482010800.0,0.21,0.02,0.026,14.58
2018-10-24,115.541,115.655,115.723,115.541,42048,480873264.0,0.16,0.02,0.021,14.55
2018-10-25,115.699,115.578,116.033,115.48,23293,266644897.0,0.48,-0.07,-0.077,8.06
2018-10-26,115.578,115.576,115.63,115.469,23667,270526992.0,0.14,0.0,-0.002,8.19
2018-10-29,115.627,115.588,115.714,115.546,19361,221318019.0,0.15,0.01,0.012,6.7
2018-10-30,115.611,115.547,115.633,115.481,20827,238024118.0,0.13,-0.04,-0.041,7.21
2018-10-31,115.494,115.585,115.594,115.494,25380,290049264.0,0.09,0.03,0.038,8.78
2018-11-01,115.586,115.67,115.674,115.585,21399,244759101.0,0.08,0.07,0.085,7.41
2018-11-02,115.53,115.451,115.778,115.335,26341,301243216.0,0.38,-0.19,-0.219,9.12
2018-11-05,115.62,115.611,115.675,115.483,29582,338179904.0,0.17,0.14,0.16,10.24
2018-11-06,115.648,115.725,115.778,115.622,25612,292982640.0,0.13,0.1,0.114,8.86
2018-11-07,115.71,115.9,115.907,115.71,26556,304274048.0,0.17,0.15,0.175,9.19
2018-11-08,115.9,116.046,116.107,115.9,17091,196113927.0,0.18,0.13,0.146,5.91
2018-11-09,116.035,115.981,116.145,115.948,23522,269997344.0,0.17,-0.06,-0.065,8.14
2018-11-12,115.99,116.212,116.229,115.99,19835,227745220.0,0.21,0.2,0.231,6.86
2018-11-13,116.212,116.106,116.335,116.031,24469,281196688.0,0.26,-0.09,-0.106,8.47
2018-11-14,116.353,116.317,116.353,116.106,24733,284395040.0,0.21,0.18,0.211,8.56
2018-11-15,116.317,116.709,118.28,116.317,12398,142880781.0,1.69,0.34,0.392,4.29
2018-11-16,116.58,116.828,117.052,116.58,10863,125517675.0,0.4,0.1,0.119,3.76
2018-11-19,116.828,116.785,116.924,116.77,20433,236106867.0,0.13,-0.04,-0.043,7.07
2018-11-20,116.78,116.545,116.8,116.5,14378,165818248.0,0.26,-0.21,-0.24,4.98
2018-11-21,116.495,116.609,116.706,116.492,13886,160210165.0,0.18,0.05,0.064,4.81
2018-11-22,116.63,116.54,116.77,116.53,14017,161738524.0,0.21,-0.06,-0.069,4.85
2018-11-23,116.545,115.971,116.579,115.937,15897,182456455.0,0.55,-0.49,-0.569,5.5
2018-11-26,115.979,115.965,116.074,115.945,21978,252084491.0,0.11,-0.01,-0.006,7.61
2018-11-27,115.967,115.998,116.14,115.964,16902,193932406.0,0.15,0.03,0.033,5.85
2018-11-28,116.005,116.002,116.095,115.974,14424,165492400.0,0.1,0.0,0.004,4.99
2018-11-29,116.03,116.005,116.03,115.975,17499,200769704.0,0.05,0.0,0.003,6.06
2018-11-30,116.012,116.035,116.156,116.011,18471,212111820.0,0.12,0.03,0.03,6.39
2018-12-03,115.993,116.12,116.172,111.463,10338,118682455.0,4.06,0.07,0.085,3.58
2018-12-04,116.125,116.455,116.529,116.125,6680,76900178.0,0.35,0.29,0.335,2.31
2018-12-05,116.469,116.721,116.731,116.457,11963,138074293.0,0.24,0.23,0.266,4.14
2018-12-06,116.778,116.977,117.053,116.778,6321,73094468.0,0.24,0.22,0.256,2.19
2018-12-07,116.977,116.931,117.028,116.875,4124,47688650.0,0.13,-0.04,-0.046,1.43
2018-12-10,116.999,117.112,117.28,116.98,5484,63532846.0,0.26,0.15,0.181,1.9
2018-12-11,117.131,117.268,117.269,117.131,4523,52436355.0,0.12,0.13,0.156,1.57
2018-12-12,117.27,117.287,117.326,117.22,14214,164897010.0,0.09,0.02,0.019,4.92
2018-12-13,117.274,117.099,117.296,117.081,23015,266691336.0,0.18,-0.16,-0.188,7.96
2018-12-14,117.091,116.945,117.091,116.898,24968,288896832.0,0.16,-0.13,-0.154,8.64
2018-12-17,116.951,117.04,117.069,116.951,11276,130518941.0,0.1,0.08,0.095,3.9
2018-12-18,116.781,117.13,117.13,116.78,8548,99009404.0,0.3,0.08,0.09,2.96
2018-12-19,117.145,117.275,117.28,117.08,4996,57901549.0,0.17,0.12,0.145,1.73
2018-12-20,117.275,117.084,117.366,117.012,6793,78765886.0,0.3,-0.16,-0.191,2.35
2018-12-21,117.091,117.327,117.342,117.091,16339,189588138.0,0.21,0.21,0.243,5.65
2018-12-24,117.331,117.311,118.028,117.261,4632,53749648.0,0.65,-0.01,-0.016,1.6
2018-12-25,117.32,117.262,117.379,116.288,7774,90187845.0,0.93,-0.04,-0.049,2.69
2018-12-26,117.268,117.249,117.297,117.172,13622,157958872.0,0.11,-0.01,-0.013,4.71
2018-12-27,117.183,117.288,117.32,117.099,13573,157447679.0,0.19,0.03,0.039,4.7
2018-12-28,117.331,117.873,117.88,117.331,5173,60215738.0,0.47,0.5,0.585,1.79
2019-01-02,117.865,117.547,117.87,117.298,5354,62249939.0,0.49,-0.28,-0.326,1.85
2019-01-03,117.548,117.6,117.98,117.548,11034,128359318.0,0.37,0.05,0.053,3.82
2019-01-04,117.769,117.807,117.88,117.7,10511,122510883.0,0.15,0.18,0.207,3.64
2019-01-07,117.761,117.918,117.929,117.761,5143,59974833.0,0.14,0.09,0.111,1.78
2019-01-08,117.911,117.902,117.919,117.81,5191,60531120.0,0.09,-0.01,-0.016,1.8
2019-01-09,117.902,117.904,117.92,117.811,8140,94899887.0,0.09,0.0,0.002,2.82
2019-01-10,117.904,117.897,117.962,117.881,7197,83934131.0,0.07,-0.01,-0.007,2.49
2019-01-11,117.897,117.851,117.897,117.84,9590,111812944.0,0.05,-0.04,-0.046,3.32
2019-01-14,117.851,117.75,117.854,117.733,5259,61262793.0,0.1,-0.09,-0.101,1.82
2019-01-15,117.752,117.784,117.829,117.752,11259,131169084.0,0.07,0.03,0.034,3.9
2019-01-16,117.784,117.879,117.93,117.736,10844,126420073.0,0.16,0.08,0.095,3.75
2019-01-17,117.83,117.951,117.969,117.83,6489,75706005.0,0.12,0.06,0.072,2.25
2019-01-18,117.947,117.883,118.0,117.878,4047,47212212.0,0.1,-0.06,-0.068,1.4
2019-01-21,117.632,117.76,117.874,117.632,5584,65045539.0,0.21,-0.1,-0.123,1.93
2019-01-22,117.731,117.795,117.797,117.731,7104,82763003.0,0.06,0.03,0.035,2.46
2019-01-23,117.798,117.768,117.839,117.703,6278,73149532.0,0.12,-0.02,-0.027,2.17
2019-01-24,117.681,117.805,117.817,117.679,4285,49931075.0,0.12,0.03,0.037,1.48
2019-01-25,117.76,117.801,117.837,117.76,4598,53568475.0,0.07,0.0,-0.004,1.59
2019-01-28,117.801,117.778,117.804,117.708,7481,87141807.0,0.08,-0.02,-0.023,2.59
2019-01-29,117.779,117.85,117.864,117.778,7067,82365976.0,0.07,0.06,0.072,2.45
2019-01-30,117.85,117.934,117.94,117.85,7071,82468043.0,0.08,0.07,0.084,2.45
2019-01-31,117.935,118.004,118.069,117.935,6956,81200449.0,0.11,0.06,0.07,2.41
2019-02-01,118.004,118.11,118.179,118.004,4987,58245249.0,0.15,0.09,0.106,1.73
2019-02-11,118.11,118.222,118.268,118.081,7638,89275936.0,0.16,0.09,0.112,2.64
2019-02-12,118.222,118.289,118.372,118.221,6134,71784171.0,0.13,0.06,0.067,2.12
2019-02-13,118.33,118.312,118.368,118.29,7544,88314365.0,0.07,0.02,0.023,2.61
2019-02-14,118.295,118.224,118.359,118.22,12356,144555143.0,0.12,-0.07,-0.088,4.28
2019-02-15,118.238,118.348,118.348,118.238,9290,108687737.0,0.09,0.1,0.124,3.21
2019-02-18,118.347,118.219,118.779,118.192,17912,209498502.0,0.5,-0.11,-0.129,6.2
2019-02-19,118.219,118.163,118.219,118.03,9620,112414921.0,0.16,-0.05,-0.056,3.33
2019-02-20,118.15,118.203,118.215,118.101,28085,328296880.0,0.1,0.03,0.04,9.72
2019-02-21,118.203,118.161,118.208,118.14,25024,292532720.0,0.06,-0.04,-0.042,8.66
2019-02-22,118.156,118.086,118.187,118.081,16155,188829679.0,0.09,-0.06,-0.075,5.59
2019-02-25,118.07,117.84,118.07,117.681,11770,137243805.0,0.33,-0.21,-0.246,4.07
2019-02-26,117.59,117.536,117.83,117.515,11989,139563220.0,0.27,-0.26,-0.304,4.15
2019-02-27,117.55,117.879,117.934,117.55,12990,151288108.0,0.33,0.29,0.343,4.5
2019-02-28,117.879,117.724,117.879,117.701,7971,92840835.0,0.15,-0.13,-0.155,2.76
2019-03-01,117.725,117.702,117.78,117.646,12847,149580365.0,0.11,-0.02,-0.022,4.45
2019-03-04,117.58,117.643,117.695,117.48,9400,109342459.0,0.18,-0.05,-0.059,3.25
2019-03-05,117.543,117.592,117.728,117.543,9667,112496058.0,0.16,-0.04,-0.051,3.35
2019-03-06,117.592,117.518,117.592,117.488,22422,260677824.0,0.09,-0.06,-0.074,7.76
2019-03-07,117.518,117.637,117.658,117.499,23504,273451184.0,0.14,0.1,0.119,8.13
2019-03-08,117.708,117.768,117.87,117.635,21391,249065435.0,0.2,0.11,0.131,7.4
2019-03-11,117.76,117.673,117.829,117.66,20534,239131599.0,0.14,-0.08,-0.095,7.11
2019-03-12,117.666,117.71,117.738,117.615,24157,281174576.0,0.1,0.03,0.037,8.36
2019-03-13,117.713,117.723,117.755,117.61,15306,178218141.0,0.12,0.01,0.013,5.3
2019-03-14,117.611,117.647,117.721,117.611,18475,215012826.0,0.09,-0.06,-0.076,6.39
2019-03-15,117.649,117.646,117.665,117.62,29288,340801008.0,0.04,0.0,-0.001,10.14
2019-03-18,117.645,117.633,117.661,117.604,14835,172621377.0,0.05,-0.01,-0.013,5.13
2019-03-19,117.61,117.643,117.677,117.61,13280,154551773.0,0.06,0.01,0.01,4.6
2019-03-20,117.655,117.674,117.724,117.647,12441,144809971.0,0.07,0.03,0.031,4.31
2019-03-21,117.681,117.679,117.741,117.672,19925,231971439.0,0.06,0.0,0.005,6.9
2019-03-22,117.685,117.764,117.788,117.685,15330,178581612.0,0.09,0.07,0.085,5.31
2019-03-25,117.847,117.973,117.989,117.783,14035,163685566.0,0.17,0.18,0.209,4.86
2019-03-26,117.973,118.136,118.206,117.973,14940,174620018.0,0.2,0.14,0.163,5.17
2019-03-27,118.13,118.048,118.13,118.038,19122,223359905.0,0.08,-0.07,-0.088,6.62
2019-03-28,118.108,118.156,118.177,118.099,28186,329385904.0,0.07,0.09,0.108,9.75
2019-03-29,118.156,118.142,118.198,118.083,6855,80096311.0,0.1,-0.01,-0.014,2.37
2019-04-01,118.142,118.019,118.168,118.004,9352,109209059.0,0.14,-0.1,-0.123,3.24
2019-04-02,118.02,118.001,118.029,117.975,11043,128902871.0,0.05,-0.02,-0.018,3.82
2019-04-03,118.027,117.736,118.027,117.682,5833,67994273.0,0.29,-0.22,-0.265,2.02
2019-04-04,117.736,117.704,117.737,117.669,7628,88808955.0,0.06,-0.03,-0.032,2.64
2019-04-08,117.68,117.414,117.68,117.282,7514,87271024.0,0.34,-0.25,-0.29,2.6
2019-04-09,117.414,117.422,117.472,117.396,3799,44125071.0,0.06,0.01,0.008,1.31
2019-04-10,117.18,117.056,117.378,117.02,6381,73904946.0,0.3,-0.31,-0.366,2.21
2019-04-11,117.181,117.457,117.476,117.08,11348,131775499.0,0.34,0.34,0.401,3.93
2019-04-12,117.457,117.341,117.485,116.993,5485,63642434.0,0.42,-0.1,-0.116,1.9
2019-04-15,117.306,117.153,117.306,117.03,7066,81870405.0,0.24,-0.16,-0.188,2.45
2019-04-16,117.15,117.065,117.152,117.062,9370,108508981.0,0.08,-0.08,-0.088,3.24
2019-04-17,117.065,117.137,117.18,117.038,8528,98765218.0,0.12,0.06,0.072,2.95
2019-04-18,117.135,117.139,117.178,117.072,12266,142097496.0,0.09,0.0,0.002,4.24
2019-04-19,117.14,117.238,117.296,117.14,11600,134541766.0,0.13,0.08,0.099,4.01
2019-04-22,117.201,117.307,117.309,117.19,7938,92065428.0,0.1,0.06,0.069,2.75
2019-04-23,117.29,117.209,117.29,117.102,12352,143135153.0,0.16,-0.08,-0.098,4.27
2019-04-24,117.15,117.067,117.269,116.994,4422,51226232.0,0.23,-0.12,-0.142,1.53
2019-04-25,117.12,117.196,117.212,117.075,11196,129764840.0,0.12,0.11,0.129,3.87
2019-04-26,117.197,117.287,117.396,117.196,6807,78952133.0,0.17,0.08,0.091,2.36
2019-04-29,117.38,117.119,117.38,117.087,7065,81865507.0,0.25,-0.14,-0.168,2.44
2019-04-30,117.133,117.364,117.377,117.133,5524,64069874.0,0.21,0.21,0.245,1.91
2019-05-06,117.41,117.38,117.864,117.347,7956,92419397.0,0.44,0.01,0.016,2.75
2019-05-07,117.396,117.623,117.642,117.396,9426,109636322.0,0.21,0.21,0.243,3.26
2019-05-08,117.62,117.617,117.77,117.523,7724,89836095.0,0.21,-0.01,-0.006,2.67
2019-05-09,117.7,117.66,117.7,117.598,12685,147589559.0,0.09,0.04,0.043,4.39
2019-05-10,117.659,117.665,117.74,117.454,6321,73546439.0,0.24,0.0,0.005,2.19
2019-05-13,117.681,117.765,117.77,117.681,18126,211133485.0,0.08,0.08,0.1,6.27
2019-05-14,117.764,117.667,117.81,117.642,9803,114104028.0,0.14,-0.08,-0.098,3.39
2019-05-15,117.664,117.662,117.669,117.475,12410,144406856.0,0.16,0.0,-0.005,4.29
2019-05-16,117.65,117.701,117.751,117.65,10372,120776269.0,0.09,0.03,0.039,3.59
2019-05-17,117.705,117.863,117.94,117.705,12059,140549394.0,0.2,0.14,0.162,4.17
2019-05-20,117.863,117.856,117.928,117.773,10416,121435902.0,0.13,-0.01,-0.007,3.6
2019-05-21,117.826,117.765,117.887,117.733,9281,108108187.0,0.13,-0.08,-0.091,3.21
2019-05-22,117.763,117.738,117.782,117.69,9342,108786355.0,0.08,-0.02,-0.027,3.23
2019-05-23,117.779,117.855,117.891,117.761,6254,72896026.0,0.11,0.1,0.117,2.16
2019-05-24,117.885,117.941,118.027,117.885,9790,114219947.0,0.12,0.07,0.086,3.39
2019-05-27,117.85,117.734,117.949,117.656,8436,98276371.0,0.25,-0.18,-0.207,2.92
2019-05-28,117.734,117.892,117.924,117.734,12308,143525263.0,0.16,0.13,0.158,4.26
2019-05-29,117.892,117.976,117.981,117.891,6459,75350022.0,0.08,0.07,0.084,2.24
2019-05-30,117.98,118.1,118.204,117.941,7487,87427580.0,0.22,0.11,0.124,2.59
2019-05-31,118.14,118.236,118.361,118.131,11051,129212550.0,0.19,0.12,0.136,3.82
2019-06-03,118.236,118.276,118.33,118.236,12013,140554591.0,0.08,0.03,0.04,4.16
2019-06-04,118.182,118.281,118.305,118.182,10878,127273838.0,0.1,0.0,0.005,3.76
2019-06-05,118.272,118.336,118.336,118.271,11682,136711369.0,0.05,0.05,0.055,4.04
2019-06-06,118.33,118.272,118.341,118.27,9611,112463988.0,0.06,-0.05,-0.064,3.33
2019-06-10,118.39,118.208,118.39,118.095,8630,100879561.0,0.25,-0.05,-0.064,2.99
2019-06-11,118.207,118.012,118.207,117.98,8850,103326090.0,0.19,-0.17,-0.196,3.06
2019-06-12,118.042,118.074,118.137,118.012,8164,95363894.0,0.11,0.05,0.062,2.83
2019-06-13,118.08,118.074,118.121,118.038,9017,105318793.0,0.07,0.0,0.0,3.12
2019-06-14,118.102,118.224,118.279,118.091,10775,125952901.0,0.16,0.13,0.15,3.73
2019-06-17,118.28,118.283,118.31,118.246,11843,138568404.0,0.05,0.05,0.059,4.1
2019-06-18,118.323,118.309,118.331,118.3,9423,110285843.0,0.03,0.02,0.026,3.26
2019-06-19,118.21,118.341,118.381,118.208,11083,129726031.0,0.15,0.03,0.032,3.84
2019-06-20,118.368,118.37,118.778,118.304,14120,165343696.0,0.4,0.02,0.029,4.89
2019-06-21,118.405,118.483,118.555,118.2,18190,213154968.0,0.3,0.1,0.113,6.29
2019-06-24,118.483,118.437,118.559,118.405,11286,132255738.0,0.13,-0.04,-0.046,3.91
2019-06-25,118.38,118.469,118.502,118.38,12914,151357185.0,0.1,0.03,0.032,4.47
2019-06-26,118.457,118.455,118.462,118.45,14308,167656075.0,0.01,-0.01,-0.014,4.95
2019-06-27,118.463,118.427,118.476,118.426,12063,141339579.0,0.04,-0.02,-0.028,4.17
2019-06-28,118.439,118.443,118.476,118.425,15251,178707035.0,0.04,0.01,0.016,5.28
2019-07-01,118.301,118.464,118.474,118.301,11575,135632777.0,0.15,0.02,0.021,4.01
2019-07-02,118.461,118.599,118.609,118.461,10152,119057322.0,0.12,0.11,0.135,3.51
2019-07-03,118.66,118.979,119.032,118.66,8217,96568244.0,0.31,0.32,0.38,2.84
2019-07-04,118.884,118.83,118.884,118.779,12055,141676106.0,0.09,-0.13,-0.149,4.17
2019-07-05,118.815,118.807,118.855,118.745,9463,111230873.0,0.09,-0.02,-0.023,3.27
2019-07-08,118.807,118.793,119.072,118.74,5193,61029187.0,0.28,-0.01,-0.014,1.8
2019-07-09,118.746,118.86,118.887,118.746,7243,85146359.0,0.12,0.06,0.067,2.51
2019-07-10,119.033,118.791,119.133,118.682,9742,114531322.0,0.38,-0.06,-0.069,3.37
2019-07-11,118.791,118.794,118.8,118.68,14128,166011032.0,0.1,0.0,0.003,4.89
2019-07-12,118.736,118.793,118.809,118.736,11333,133178291.0,0.06,0.0,-0.001,3.92
2019-07-15,118.831,118.833,118.915,118.782,8677,101994816.0,0.11,0.03,0.04,3.0
2019-07-16,118.832,118.836,118.875,118.761,10332,121464287.0,0.1,0.0,0.003,3.58
2019-07-17,118.836,118.835,118.865,118.82,6010,70654001.0,0.04,0.0,-0.001,2.08
2019-07-18,118.835,118.882,118.895,118.795,12047,141685901.0,0.08,0.04,0.047,4.17
2019-07-19,118.892,118.917,119.0,118.833,6417,75492380.0,0.14,0.03,0.035,2.22
2019-07-22,118.901,118.922,118.94,118.892,6421,75543931.0,0.04,0.0,0.005,2.22
2019-07-23,118.923,118.962,118.981,118.923,7845,92329599.0,0.05,0.03,0.04,2.71
2019-07-24,118.961,118.95,118.978,118.902,6962,81923779.0,0.06,-0.01,-0.012,2.41
2019-07-25,118.932,118.921,118.953,118.92,9551,112377131.0,0.03,-0.02,-0.029,3.31
2019-07-26,118.942,118.941,118.958,118.921,14991,176378634.0,0.03,0.02,0.02,5.19
2019-07-29,118.941,118.927,119.034,118.915,9253,108874245.0,0.1,-0.01,-0.014,3.2
2019-07-30,118.891,118.921,118.929,118.88,8355,98284329.0,0.04,-0.01,-0.006,2.89
2019-07-31,118.951,118.97,118.998,118.935,8669,102032176.0,0.05,0.04,0.049,3.0
2019-08-01,118.99,119.036,119.036,118.99,12856,151362556.0,0.04,0.06,0.066,4.45
2019-08-02,119.085,119.22,119.227,119.085,8777,103479385.0,0.12,0.15,0.184,3.04
2019-08-05,119.229,119.57,119.98,119.229,6011,71049346.0,0.63,0.29,0.35,2.08
2019-08-06,128.28,119.774,128.28,119.567,8244,97757239.0,7.29,0.17,0.204,2.85
2019-08-07,119.763,119.412,119.763,119.393,5732,67857950.0,0.31,-0.3,-0.362,1.98
2019-08-08,119.286,119.426,119.47,119.286,9945,117499213.0,0.15,0.01,0.014,3.44
2019-08-09,119.449,119.707,119.736,119.449,6483,76700101.0,0.24,0.24,0.281,2.24
2019-08-12,119.707,119.92,120.279,119.625,10606,125829425.0,0.55,0.18,0.213,3.67
2019-08-13,120.23,119.909,120.23,119.899,11569,137254092.0,0.28,-0.01,-0.011,4.0
2019-08-14,119.88,119.79,119.98,119.592,6636,78657257.0,0.32,-0.1,-0.119,2.3
2019-08-15,119.815,119.806,120.021,119.763,5613,66569542.0,0.22,0.01,0.016,1.94
2019-08-16,119.818,119.708,119.818,119.698,5686,67359356.0,0.1,-0.08,-0.098,1.97
2019-08-19,119.73,119.512,119.78,119.51,11511,136245422.0,0.23,-0.16,-0.196,3.98
2019-08-20,119.529,119.5,119.545,119.48,12613,149112932.0,0.05,-0.01,-0.012,4.36
2019-08-21,119.49,119.545,119.572,119.41,7913,93545694.0,0.14,0.04,0.045,2.74
2019-08-22,119.473,119.513,119.564,119.473,10525,124449615.0,0.08,-0.03,-0.032,3.64
2019-08-23,119.53,119.307,119.539,119.28,7609,89936162.0,0.22,-0.17,-0.206,2.63
2019-08-26,119.422,119.538,119.539,119.422,13721,162239345.0,0.1,0.19,0.231,4.75
2019-08-27,119.538,119.5,119.559,119.487,7171,84790819.0,0.06,-0.03,-0.038,2.48
2019-08-28,119.521,119.52,119.557,119.511,7423,87770478.0,0.04,0.02,0.02,2.57
2019-08-29,119.52,119.55,119.556,119.481,11172,132090501.0,0.06,0.03,0.03,3.87
2019-08-30,119.55,119.471,119.554,119.456,12582,148739583.0,0.08,-0.07,-0.079,4.35
2019-09-02,119.471,119.429,119.516,119.36,8631,101985146.0,0.13,-0.04,-0.042,2.99
2019-09-03,119.43,119.327,119.43,119.28,9810,115853713.0,0.13,-0.09,-0.102,3.39
2019-09-04,119.355,119.331,119.418,119.28,13891,163985160.0,0.12,0.0,0.004,4.81
2019-09-05,119.381,119.44,119.45,119.337,11766,138998744.0,0.09,0.09,0.109,4.07
2019-09-06,119.471,119.821,119.831,119.471,5512,65239723.0,0.3,0.32,0.381,1.91
2019-09-09,119.843,119.711,119.843,119.651,5334,63173861.0,0.16,-0.09,-0.11,1.85
2019-09-10,119.459,119.662,119.714,119.459,2219,26258183.0,0.21,-0.04,-0.049,0.77
2019-09-11,119.58,119.601,119.707,119.571,4478,53009182.0,0.11,-0.05,-0.061,1.55
2019-09-12,119.599,119.479,119.679,119.4,6430,76073919.0,0.23,-0.1,-0.122,2.23
2019-09-16,119.48,119.464,119.543,119.338,6257,73947737.0,0.17,-0.01,-0.015,2.17
2019-09-17,119.497,119.512,119.579,119.425,10834,128128732.0,0.13,0.04,0.048,3.75
2019-09-18,119.462,119.466,119.523,119.462,8017,94764061.0,0.05,-0.04,-0.046,2.77
2019-09-19,119.492,119.49,119.509,119.44,8651,102265728.0,0.06,0.02,0.024,2.99
2019-09-20,119.496,119.548,119.559,119.491,3444,40722455.0,0.06,0.05,0.058,1.19
2019-09-23,119.55,119.609,119.669,119.538,4328,51221119.0,0.11,0.05,0.061,1.5
2019-09-24,119.651,119.56,119.679,119.545,2591,30657046.0,0.11,-0.04,-0.049,0.9
2019-09-25,119.561,119.562,119.61,119.528,2641,31237253.0,0.07,0.0,0.002,0.91
2019-09-26,119.565,119.534,119.584,119.501,2227,26336529.0,0.07,-0.02,-0.028,0.77
2019-09-27,119.535,119.441,119.544,119.411,4298,50805980.0,0.11,-0.08,-0.093,1.49
2019-09-30,119.48,119.679,119.759,119.48,1689,19973525.0,0.23,0.2,0.238,0.58
2019-10-08,119.656,119.631,119.678,119.554,6183,73175621.0,0.1,-0.04,-0.048,2.14
2019-10-09,119.711,119.744,119.748,119.691,4757,56345857.0,0.05,0.09,0.113,1.65
2019-10-10,119.744,119.649,119.744,119.639,7204,85318355.0,0.09,-0.08,-0.095,2.49
2019-10-11,119.629,119.584,119.639,119.531,3543,41918565.0,0.09,-0.05,-0.065,1.23
2019-10-14,119.581,119.541,119.584,119.511,5492,64943782.0,0.06,-0.04,-0.043,1.9
2019-10-15,119.541,119.571,119.591,119.541,3105,36729270.0,0.04,0.03,0.03,1.07
2019-10-16,119.582,119.56,119.61,119.522,2035,24073517.0,0.07,-0.01,-0.011,0.7
2019-10-17,119.613,119.611,119.618,119.56,3032,35876124.0,0.05,0.04,0.051,1.05
2019-10-18,119.61,119.536,119.638,119.528,3840,45426757.0,0.09,-0.06,-0.075,1.33
2019-10-21,119.51,119.298,119.551,119.241,3647,43070192.0,0.26,-0.2,-0.238,1.26
2019-10-22,119.322,119.391,119.451,119.322,2405,28405564.0,0.11,0.08,0.093,0.83
2019-10-23,119.394,119.431,119.459,119.369,2691,31791482.0,0.08,0.03,0.04,0.93
2019-10-24,119.45,119.447,119.475,119.365,3573,42216623.0,0.09,0.01,0.016,1.24
2019-10-25,119.547,119.495,119.575,119.419,1242,14689050.0,0.13,0.04,0.048,0.43
2019-10-28,119.435,119.307,119.435,119.281,5266,62164122.0,0.13,-0.16,-0.188,1.82
2019-10-29,119.306,119.24,119.307,119.19,1428,16849094.0,0.1,-0.06,-0.067,0.49
2019-10-30,119.24,119.192,119.246,119.191,5708,67325959.0,0.05,-0.04,-0.048,1.98
2019-10-31,119.248,119.24,119.259,119.21,4825,56910156.0,0.04,0.04,0.048,1.67
2019-11-01,119.262,119.301,119.34,119.255,3650,43078178.0,0.07,0.05,0.061,1.26
2019-11-04,119.231,119.236,119.3,119.23,3832,45206582.0,0.06,-0.05,-0.065,1.33
2019-11-05,119.236,119.34,119.379,119.236,3066,36195442.0,0.12,0.09,0.104,1.06
2019-11-06,119.305,119.491,119.561,119.305,2384,28164813.0,0.21,0.13,0.151,0.83
2019-11-07,119.491,119.411,119.599,119.39,2843,33594830.0,0.17,-0.07,-0.08,0.98
2019-11-08,119.395,119.359,119.414,119.282,4871,57516525.0,0.11,-0.04,-0.052,1.69
2019-11-11,119.359,119.509,119.569,119.359,10935,129264671.0,0.18,0.13,0.15,3.78
2019-11-12,119.541,119.55,119.67,119.535,4804,56843216.0,0.11,0.03,0.041,1.66
2019-11-13,119.552,119.563,119.575,118.367,10531,124553331.0,1.01,0.01,0.013,3.64
2019-11-14,119.515,119.503,119.595,119.49,9203,108866478.0,0.09,-0.05,-0.06,3.18
2019-11-15,119.506,119.601,119.618,119.506,6838,80880222.0,0.09,0.08,0.098,2.37
2019-11-18,119.615,119.918,120.07,119.615,4744,56199170.0,0.38,0.27,0.317,1.64
2019-11-19,119.92,119.975,120.045,119.92,9006,106883925.0,0.1,0.05,0.057,3.12
2019-11-20,119.975,119.911,119.979,119.83,16700,198208879.0,0.12,-0.05,-0.064,5.78
2019-11-21,119.942,119.983,120.06,119.913,8531,101302548.0,0.12,0.06,0.072,2.95
2019-11-22,119.991,119.953,119.991,119.883,11554,137111597.0,0.09,-0.03,-0.03,4.0
2019-11-25,119.939,119.85,119.939,119.83,12307,145989095.0,0.09,-0.09,-0.103,4.26
2019-11-26,119.853,119.84,119.897,119.805,12445,147570310.0,0.08,-0.01,-0.01,4.31
2019-11-27,119.825,119.879,119.937,119.825,9981,118392386.0,0.09,0.03,0.039,3.45
2019-11-28,119.943,119.876,119.943,119.876,17251,204614896.0,0.06,0.0,-0.003,5.97
2019-11-29,119.879,120.055,120.072,119.879,9132,108327625.0,0.16,0.15,0.179,3.16
2019-12-02,120.055,120.214,120.279,119.956,1232,14637258.0,0.27,0.13,0.159,0.43
2019-12-03,120.217,120.3,121.278,119.881,7973,94830923.0,1.16,0.07,0.086,2.76
2019-12-04,120.299,120.281,120.349,120.28,6544,77875725.0,0.06,-0.02,-0.019,2.26
2019-12-05,120.278,120.261,120.284,120.08,6405,76198153.0,0.17,-0.02,-0.02,2.22
2019-12-06,120.261,120.24,120.28,120.185,5919,70411962.0,0.08,-0.02,-0.021,2.05
2019-12-09,120.229,120.069,120.291,120.068,5626,66914380.0,0.19,-0.14,-0.171,1.95
2019-12-10,120.066,119.999,120.119,119.955,2325,27616173.0,0.14,-0.06,-0.07,0.8
2019-12-11,120.002,120.036,120.059,119.984,6454,76626916.0,0.06,0.03,0.037,2.23
2019-12-12,120.036,120.038,120.076,120.026,5189,61630956.0,0.04,0.0,0.002,1.8
2019-12-13,120.026,120.041,120.079,119.987,5421,64391404.0,0.08,0.0,0.003,1.88
2019-12-16,120.04,120.026,120.067,120.011,5574,66196409.0,0.05,-0.01,-0.015,1.93
2019-12-17,120.029,119.97,120.043,119.969,2942,34926848.0,0.06,-0.05,-0.056,1.02
2019-12-18,119.969,120.002,120.01,119.901,4352,51646346.0,0.09,0.03,0.032,1.51
2019-12-19,119.999,120.032,120.068,119.955,2887,34284776.0,0.09,0.03,0.03,1.0
2019-12-20,120.032,120.162,120.254,120.029,5771,68592159.0,0.19,0.11,0.13,2.0
2019-12-23,120.175,120.306,120.399,120.175,5244,62410990.0,0.19,0.12,0.144,1.81
2019-12-24,120.329,120.636,120.68,120.329,4062,48451114.0,0.29,0.27,0.33,1.41
2019-12-25,120.636,120.6,120.711,120.57,4420,52750156.0,0.12,-0.03,-0.036,1.53
2019-12-26,120.6,120.749,120.91,120.597,4283,51144677.0,0.26,0.12,0.149,1.48
2019-12-27,120.752,120.977,120.986,120.752,1129,13506610.0,0.19,0.19,0.228,0.39
2019-12-30,120.976,120.917,120.976,120.73,456,5453949.0,0.2,-0.05,-0.06,0.16
2019-12-31,120.917,121.131,121.486,120.882,3668,43971814.0,0.5,0.18,0.214,1.27
2020-01-02,120.881,120.657,121.079,120.605,3560,42550391.0,0.39,-0.39,-0.474,1.23
2020-01-03,120.661,120.546,120.718,120.531,3820,45576568.0,0.15,-0.09,-0.111,1.32
2020-01-06,120.55,120.671,120.738,120.51,9477,113045014.0,0.19,0.1,0.125,3.28
2020-01-07,120.66,120.616,120.671,120.586,7155,85395779.0,0.07,-0.05,-0.055,2.48
2020-01-08,120.63,120.749,120.766,120.627,5075,60626304.0,0.12,0.11,0.133,1.76
2020-01-09,120.71,120.854,120.861,120.644,12481,149197368.0,0.18,0.09,0.105,4.32
2020-01-10,120.804,120.976,120.987,120.74,5229,62577473.0,0.2,0.1,0.122,1.81
2020-01-13,120.979,120.979,121.025,120.93,4931,59033816.0,0.08,0.0,0.003,1.71
2020-01-14,120.93,121.069,121.133,120.88,5656,67698480.0,0.21,0.07,0.09,1.96
2020-01-15,120.985,121.12,121.195,120.979,4564,54694554.0,0.18,0.04,0.051,1.58
2020-01-16,121.165,120.928,121.165,120.897,4721,56530970.0,0.22,-0.16,-0.192,1.63
2020-01-17,120.908,121.04,121.115,120.908,5271,63109356.0,0.17,0.09,0.112,1.82
2020-01-20,120.992,121.094,121.118,120.992,4910,58821801.0,0.1,0.04,0.054,1.7
2020-01-21,121.118,121.66,121.66,121.105,5328,63948319.0,0.46,0.47,0.566,1.84
2020-01-22,121.31,121.381,121.882,121.281,5430,65353703.0,0.49,-0.23,-0.279,1.88
2020-01-23,121.381,122.079,122.209,121.381,3910,47165245.0,0.68,0.58,0.698,1.35
2020-02-03,122.095,123.877,128.098,122.095,8002,98121861.0,4.92,1.47,1.798,2.77
2020-02-04,123.986,122.616,123.995,122.28,5179,62879444.0,1.38,-1.02,-1.261,1.79
2020-02-05,122.663,122.805,122.976,122.46,4734,57540415.0,0.42,0.15,0.189,1.64
2020-02-06,122.805,122.455,122.805,122.358,4725,57301617.0,0.36,-0.29,-0.35,1.64
2020-02-07,122.458,122.646,122.77,122.458,3047,36966794.0,0.25,0.16,0.191,1.05
2020-02-10,122.67,122.849,122.85,122.67,2321,28198268.0,0.15,0.17,0.203,0.8
2020-02-11,122.799,122.922,122.98,122.782,3037,36937700.0,0.16,0.06,0.073,1.05
2020-02-12,122.945,122.802,122.945,122.68,5631,68492256.0,0.22,-0.1,-0.12,1.95
2020-02-13,122.753,122.627,122.764,122.608,5775,70081242.0,0.13,-0.14,-0.175,2.0
2020-02-14,122.627,122.623,122.665,122.615,4965,60252204.0,0.04,0.0,-0.004,1.72
2020-02-17,122.623,122.446,122.623,122.435,5459,66198584.0,0.15,-0.14,-0.177,1.89
2020-02-18,122.38,122.423,122.446,122.288,4826,58458977.0,0.13,-0.02,-0.023,1.67
2020-02-19,122.394,122.449,122.48,122.394,5271,63863108.0,0.07,0.02,0.026,1.82
2020-02-20,122.41,122.304,122.47,122.174,6576,79622285.0,0.24,-0.12,-0.145,2.28
2020-02-21,122.36,122.423,122.44,122.321,5462,66146987.0,0.1,0.1,0.119,1.89
2020-02-24,122.43,122.65,122.656,122.43,4070,49354089.0,0.18,0.19,0.227,1.41
2020-02-25,122.673,122.581,123.149,122.508,5069,61539748.0,0.52,-0.06,-0.069,1.75
2020-02-26,122.631,122.595,122.631,122.482,3546,43002630.0,0.12,0.01,0.014,1.23
2020-02-27,122.592,122.718,122.761,122.48,4797,58200273.0,0.23,0.1,0.123,1.66
2020-02-28,122.78,123.244,123.669,122.765,6396,77920821.0,0.74,0.43,0.526,2.21
2020-03-02,123.254,123.029,123.268,122.981,4472,54449755.0,0.23,-0.17,-0.215,1.55
2020-03-03,122.681,123.051,123.053,122.681,5193,63164629.0,0.3,0.02,0.022,1.8
2020-03-04,123.098,123.23,123.28,123.098,4847,59100564.0,0.15,0.15,0.179,1.68
2020-03-05,123.229,123.256,123.38,123.2,7519,91702898.0,0.15,0.02,0.026,2.6
2020-03-06,123.218,123.42,123.495,123.218,6012,73403881.0,0.22,0.13,0.164,2.08
2020-03-09,123.519,124.253,124.613,123.519,8298,102078464.0,0.89,0.67,0.833,2.87
2020-03-10,124.261,123.884,124.53,123.682,5538,67941112.0,0.68,-0.3,-0.369,1.92
2020-03-11,123.884,123.883,123.934,123.582,2069,25344395.0,0.28,0.0,-0.001,0.72
2020-03-12,123.885,123.981,124.28,123.883,5907,72495115.0,0.32,0.08,0.098,2.04
2020-03-13,124.279,123.492,124.279,123.374,3853,47158363.0,0.73,-0.39,-0.489,1.33
2020-03-16,123.545,123.347,124.18,123.301,4739,57879761.0,0.71,-0.12,-0.145,1.64
2020-03-17,123.336,123.071,123.344,123.019,2799,34116001.0,0.26,-0.22,-0.276,0.97
2020-03-18,122.981,123.071,123.075,122.849,7211,87747138.0,0.18,0.0,0.0,2.5
2020-03-19,122.931,122.759,123.212,122.698,9217,112201855.0,0.42,-0.25,-0.312,3.19
2020-03-20,122.761,122.981,123.004,122.761,7043,85704090.0,0.2,0.18,0.222,2.44
2020-03-23,123.14,123.577,123.586,123.14,10572,129130596.0,0.36,0.48,0.596,3.66
2020-03-24,123.57,123.592,123.678,123.331,10537,128885519.0,0.28,0.01,0.015,3.65
2020-03-25,123.589,123.611,123.637,123.48,9690,118528644.0,0.13,0.02,0.019,3.35
2020-03-26,123.584,123.877,123.97,123.584,9184,112523846.0,0.31,0.22,0.266,3.18
2020-03-27,123.929,124.08,124.225,123.89,6387,78397299.0,0.27,0.16,0.203,2.21
2020-03-30,124.08,124.238,124.248,124.08,6475,79557951.0,0.14,0.13,0.158,2.24
2020-03-31,123.948,124.473,124.49,123.948,9636,118515497.0,0.44,0.19,0.235,3.33
2020-04-01,124.595,124.705,125.42,124.595,8776,108300758.0,0.66,0.19,0.232,3.04
2020-04-02,124.704,124.551,124.871,124.545,9928,122515027.0,0.26,-0.12,-0.154,3.44
2020-04-03,124.557,124.493,124.69,124.465,8869,109363766.0,0.18,-0.05,-0.058,3.07
2020-04-07,124.589,125.142,125.278,124.589,9072,112230856.0,0.55,0.52,0.649,3.14
2020-04-08,125.192,125.665,125.865,125.192,9851,122449170.0,0.54,0.42,0.523,3.41
2020-04-09,125.9,125.805,126.077,125.413,8816,109794265.0,0.53,0.11,0.14,3.05
2020-04-10,125.855,125.564,125.87,125.366,9463,117636862.0,0.4,-0.19,-0.241,3.27
2020-04-13,125.564,125.738,125.755,125.466,11034,137273131.0,0.23,0.14,0.174,3.82
2020-04-14,125.756,125.778,125.804,125.737,9715,120939855.0,0.05,0.03,0.04,3.36
2020-04-15,125.89,126.367,126.373,125.88,8150,101601744.0,0.39,0.47,0.589,2.82
2020-04-16,126.365,126.243,126.591,126.16,10579,132315381.0,0.34,-0.1,-0.124,3.66
2020-04-17,126.24,126.164,126.423,126.091,9220,115170915.0,0.26,-0.06,-0.079,3.19
2020-04-20,126.164,126.155,126.28,126.08,7251,90576885.0,0.16,-0.01,-0.009,2.51
2020-04-21,126.155,126.219,126.271,126.04,6329,79027377.0,0.18,0.05,0.064,2.19
2020-04-22,126.291,126.673,126.676,126.291,5943,74465030.0,0.31,0.36,0.454,2.06
2020-04-23,126.645,127.068,127.14,126.645,6382,80224101.0,0.39,0.31,0.395,2.21
2020-04-24,127.047,127.144,127.47,126.913,11036,138910720.0,0.44,0.06,0.076,3.82
2020-04-27,127.139,127.176,127.308,127.101,8877,111790090.0,0.16,0.03,0.032,3.07
2020-04-28,127.176,127.309,127.319,127.085,5903,74300992.0,0.18,0.1,0.133,2.04
2020-04-29,128.09,127.678,128.09,127.33,9157,115716747.0,0.6,0.29,0.369,3.17
2020-04-30,127.58,127.715,127.719,127.52,7130,90073605.0,0.16,0.03,0.037,2.47
2020-05-06,127.707,127.456,127.765,127.45,7672,96847043.0,0.25,-0.2,-0.259,2.66
2020-05-07,127.448,126.727,127.448,126.583,9633,121109674.0,0.68,-0.57,-0.729,3.33
2020-05-08,126.728,126.565,126.728,126.53,7972,99938725.0,0.16,-0.13,-0.162,2.76
2020-05-11,126.49,126.293,126.589,126.14,10741,134386184.0,0.35,-0.21,-0.272,3.72
2020-05-12,126.28,126.468,126.627,126.229,9965,124769493.0,0.32,0.14,0.175,3.45
2020-05-13,126.603,126.4,126.603,126.321,6475,81054619.0,0.22,-0.05,-0.068,2.24
2020-05-14,126.4,126.604,126.659,126.188,9056,113354321.0,0.37,0.16,0.204,3.13
2020-05-15,126.66,126.816,126.85,126.606,9913,124386030.0,0.19,0.17,0.212,3.43
2020-05-18,126.815,126.382,126.815,126.368,9448,118271506.0,0.35,-0.34,-0.434,3.27
2020-05-19,126.18,126.19,126.34,126.13,10048,125543501.0,0.17,-0.15,-0.192,3.48
2020-05-20,126.13,125.788,126.17,125.68,8484,105696908.0,0.39,-0.32,-0.402,2.94
2020-05-21,125.788,125.814,126.014,125.721,8044,100233704.0,0.23,0.02,0.026,2.78
2020-05-22,125.815,126.36,126.389,125.815,8302,103657230.0,0.46,0.43,0.546,2.87
2020-05-25,125.89,126.038,126.389,125.89,7527,93929612.0,0.39,-0.25,-0.322,2.6
2020-05-26,126.08,125.359,126.088,125.181,10681,132673625.0,0.72,-0.54,-0.679,3.7
2020-05-27,125.315,125.067,125.576,124.95,10756,133215016.0,0.5,-0.23,-0.292,3.72
2020-05-28,125.08,125.308,125.45,125.08,7681,95252219.0,0.3,0.19,0.241,2.66
2020-05-29,125.308,125.172,125.444,125.171,5598,69416466.0,0.22,-0.11,-0.136,1.94
2020-06-01,125.217,125.001,125.249,124.93,6948,86007997.0,0.25,-0.14,-0.171,2.4
2020-06-02,124.98,124.418,124.98,124.33,8289,102264049.0,0.52,-0.47,-0.583,2.87
2020-06-03,124.28,124.106,124.28,123.995,9944,122105197.0,0.23,-0.25,-0.312,3.44
2020-06-04,124.126,123.981,124.216,123.929,7567,92913687.0,0.23,-0.1,-0.125,2.62
2020-06-05,123.98,123.848,124.075,123.841,7704,94476627.0,0.19,-0.11,-0.133,2.67
2020-06-08,123.779,124.169,124.249,123.731,7729,94846867.0,0.42,0.26,0.321,2.67
2020-06-09,124.157,124.239,124.54,124.157,10090,124195931.0,0.31,0.06,0.07,3.49
2020-06-10,124.232,123.931,124.402,123.92,8401,103256407.0,0.39,-0.25,-0.308,2.91
2020-06-11,123.976,124.106,124.189,123.95,6556,80504434.0,0.19,0.14,0.175,2.27
2020-06-12,124.23,124.291,124.516,124.216,16049,197543918.0,0.24,0.15,0.185,5.55
2020-06-15,124.28,124.429,124.48,124.19,8995,110713931.0,0.23,0.11,0.138,3.11
2020-06-16,124.15,123.752,124.15,123.708,11159,136818525.0,0.36,-0.54,-0.677,3.86
2020-06-17,123.752,123.29,123.77,123.28,8588,104931973.0,0.4,-0.37,-0.462,2.97
2020-06-18,123.489,123.251,123.63,123.211,9045,110413875.0,0.34,-0.03,-0.039,3.13
2020-06-19,123.4,123.08,123.4,122.988,8041,97984317.0,0.33,-0.14,-0.171,2.78
2020-06-22,123.142,123.222,123.237,122.997,8371,102006500.0,0.19,0.12,0.142,2.9
2020-06-23,123.206,122.681,123.22,122.68,9721,118305477.0,0.44,-0.44,-0.541,3.36
2020-06-24,122.907,123.178,123.208,122.9,8959,109130283.0,0.25,0.41,0.497,3.1
2020-06-29,123.202,123.425,123.478,123.163,7524,91887230.0,0.26,0.2,0.247,2.6
2020-06-30,123.42,123.276,123.42,123.168,10676,130215422.0,0.2,-0.12,-0.149,3.69
2020-07-01,123.396,123.438,123.53,123.3,8172,99834952.0,0.19,0.13,0.162,2.83
2020-07-02,123.438,123.574,123.722,123.289,11332,138392570.0,0.35,0.11,0.136,3.92
2020-07-03,123.56,123.425,123.567,123.365,6871,83943376.0,0.16,-0.12,-0.149,2.38
2020-07-06,123.29,122.696,123.29,122.68,11628,141439140.0,0.49,-0.59,-0.729,4.02
2020-07-07,122.379,122.378,122.61,121.88,9008,108989687.0,0.59,-0.26,-0.318,3.12
2020-07-08,122.38,122.155,122.574,121.982,6235,75494157.0,0.48,-0.18,-0.223,2.16
2020-07-09,122.154,122.167,122.274,121.979,13875,167637083.0,0.24,0.01,0.012,4.8
2020-07-10,122.174,122.533,122.586,122.174,8487,102784178.0,0.34,0.3,0.366,2.94
2020-07-13,122.483,122.22,123.08,121.98,10535,127499897.0,0.9,-0.26,-0.313,3.65
2020-07-14,122.389,122.68,122.89,122.389,14257,173081702.0,0.41,0.38,0.46,4.93
2020-07-15,122.41,122.897,122.929,122.404,10165,123472134.0,0.43,0.18,0.217,3.52
2020-07-16,122.859,123.296,123.643,122.803,16332,199214053.0,0.68,0.32,0.399,5.65
2020-07-17,123.297,123.081,123.58,122.983,12415,151486065.0,0.48,-0.17,-0.215,4.3
2020-07-20,122.998,122.823,123.131,122.28,13870,168491001.0,0.69,-0.21,-0.258,4.8
2020-07-21,122.8,123.049,123.172,122.68,10676,129946199.0,0.4,0.18,0.226,3.69
2020-07-22,123.079,123.482,123.489,122.9,10239,124763754.0,0.48,0.35,0.433,3.54
2020-07-23,123.491,123.772,123.848,123.268,12160,148802629.0,0.47,0.23,0.29,4.21
2020-07-24,123.771,123.641,123.838,123.446,12468,152579319.0,0.32,-0.11,-0.131,4.31
2020-07-27,123.611,123.77,123.809,123.59,10345,126636350.0,0.18,0.1,0.129,3.58
2020-07-28,123.765,123.528,123.765,123.446,13258,162076029.0,0.26,-0.2,-0.242,4.59
2020-07-29,123.52,123.392,123.528,123.385,8432,102979284.0,0.12,-0.11,-0.136,2.92
2020-07-30,123.28,123.265,123.32,123.202,11206,136669768.0,0.1,-0.1,-0.127,3.88
2020-07-31,123.206,123.036,123.235,123.017,9523,116002491.0,0.18,-0.19,-0.229,3.3
2020-08-03,122.94,122.936,122.976,121.98,6755,82139697.0,0.81,-0.08,-0.1,2.34
2020-08-04,122.918,122.951,122.978,122.793,7136,86781012.0,0.15,0.01,0.015,2.47
2020-08-05,122.968,123.006,123.17,122.968,8505,103540202.0,0.16,0.04,0.055,2.94
2020-08-06,122.892,122.901,122.97,122.803,7012,85273174.0,0.14,-0.09,-0.105,2.43
2020-08-07,122.852,122.896,122.977,122.786,6574,79932748.0,0.16,0.0,-0.005,2.28
2020-08-10,122.87,122.891,122.949,122.821,5216,63421551.0,0.1,0.0,-0.005,1.81
2020-08-11,122.88,122.868,122.893,122.781,6784,82471435.0,0.09,-0.02,-0.023,2.35
2020-08-12,122.865,122.446,122.87,122.38,7085,85943884.0,0.4,-0.34,-0.422,2.45
2020-08-13,122.446,122.558,122.659,122.363,8025,97283246.0,0.24,0.09,0.112,2.78
2020-08-14,122.507,122.581,122.705,122.441,6208,75335685.0,0.22,0.02,0.023,2.15
2020-08-17,122.61,122.709,122.729,122.583,5045,61253675.0,0.12,0.1,0.128,1.75
2020-08-18,122.681,122.787,122.787,122.612,5260,63888215.0,0.14,0.06,0.078,1.82
2020-08-19,122.7,122.67,122.8,122.665,8944,108632377.0,0.11,-0.1,-0.117,3.1
2020-08-20,122.709,122.402,122.71,122.378,3893,47204598.0,0.27,-0.22,-0.268,1.35
2020-08-21,122.391,122.425,122.561,122.382,3286,39815183.0,0.15,0.02,0.023,1.14
2020-08-24,122.383,122.401,122.453,122.383,2818,34138785.0,0.06,-0.02,-0.024,0.98
2020-08-25,122.401,122.147,122.416,122.131,5435,65737889.0,0.23,-0.21,-0.254,1.88
2020-08-26,122.151,122.026,122.22,122.013,4752,57445404.0,0.17,-0.1,-0.121,1.64
2020-08-27,122.053,121.766,122.053,121.761,4813,58041887.0,0.24,-0.21,-0.26,1.67
2020-08-28,121.72,121.683,121.783,121.652,6853,82523074.0,0.11,-0.07,-0.083,2.37
2020-08-31,121.699,121.768,121.79,121.634,6105,73533285.0,0.13,0.07,0.085,2.11
2020-09-01,121.84,122.133,122.185,121.792,5770,69672044.0,0.32,0.3,0.365,2.0
2020-09-02,122.129,121.995,122.161,121.98,5140,62064775.0,0.15,-0.11,-0.138,1.78
2020-09-03,121.946,121.972,121.977,121.76,2796,33706460.0,0.18,-0.02,-0.023,0.97
2020-09-04,121.957,121.776,121.958,121.77,7177,86498435.0,0.15,-0.16,-0.196,2.48
2020-09-07,121.82,121.492,121.9,121.491,6103,73457892.0,0.34,-0.23,-0.284,2.11
2020-09-08,121.482,121.708,121.737,121.445,5814,70004685.0,0.24,0.18,0.216,2.01
2020-09-09,121.708,121.821,121.939,121.708,7175,86455641.0,0.19,0.09,0.113,2.48
2020-09-10,121.821,122.057,122.11,121.788,6257,75544730.0,0.26,0.19,0.236,2.17
2020-09-11,122.093,121.986,122.178,121.922,4011,48429518.0,0.21,-0.06,-0.071,1.39
2020-09-14,121.987,121.775,121.987,121.631,7229,87093750.0,0.29,-0.17,-0.211,2.5
2020-09-15,121.74,121.906,122.025,121.735,8582,103540108.0,0.24,0.11,0.131,2.97
2020-09-16,121.936,121.955,122.003,121.887,5699,68773855.0,0.1,0.04,0.049,1.97
2020-09-17,121.97,121.99,122.071,121.956,6390,77152591.0,0.09,0.03,0.035,2.21
2020-09-18,121.94,121.994,122.282,121.906,6214,75040555.0,0.31,0.0,0.004,2.15
2020-09-21,122.01,122.338,122.379,121.987,6893,83403068.0,0.32,0.28,0.344,2.39
2020-09-22,122.34,122.497,122.541,122.274,6107,73978728.0,0.22,0.13,0.159,2.11
2020-09-23,122.498,122.462,122.578,122.382,4009,48581386.0,0.16,-0.03,-0.035,1.39
2020-09-24,122.505,122.361,122.533,122.356,5572,67497545.0,0.14,-0.08,-0.101,1.93
2020-09-25,122.36,122.235,122.402,122.143,6298,76208282.0,0.21,-0.1,-0.126,2.18
2020-09-28,122.234,122.134,122.243,121.991,6075,73402233.0,0.21,-0.08,-0.101,2.1
2020-09-29,122.085,122.026,122.125,122.011,6041,72967224.0,0.09,-0.09,-0.108,2.09
2020-09-30,122.036,121.98,122.257,121.945,4207,50854403.0,0.26,-0.04,-0.046,1.46
2020-10-09,121.98,121.803,121.981,121.781,3332,40174347.0,0.16,-0.15,-0.177,1.15
2020-10-12,121.803,121.88,121.966,121.686,6811,82099960.0,0.23,0.06,0.077,2.36
2020-10-13,121.88,121.716,121.979,121.647,4682,56452469.0,0.27,-0.13,-0.164,1.62
2020-10-14,121.688,121.709,121.831,121.672,4636,55840180.0,0.13,-0.01,-0.007,1.6
2020-10-15,121.7,121.571,121.796,121.53,5649,67970586.0,0.22,-0.11,-0.138,1.95
2020-10-16,121.583,121.761,121.853,121.583,5136,61864296.0,0.22,0.16,0.19,1.78
2020-10-19,121.807,122.009,122.03,121.714,4368,52697329.0,0.26,0.2,0.248,1.51
2020-10-20,121.979,122.051,122.12,121.889,5112,61687743.0,0.19,0.03,0.042,1.77
2020-10-21,122.062,122.158,122.26,121.932,4122,49818163.0,0.27,0.09,0.107,1.43
2020-10-22,122.142,122.281,122.321,122.142,3579,43298268.0,0.15,0.1,0.123,1.24
2020-10-23,122.281,122.103,122.338,122.099,3527,42642863.0,0.2,-0.15,-0.178,1.22
2020-10-26,122.095,121.99,122.183,121.98,3961,47846991.0,0.17,-0.09,-0.113,1.37
2020-10-27,121.981,122.222,122.281,121.98,5905,71386009.0,0.25,0.19,0.232,2.04
2020-10-28,122.271,122.155,122.361,122.07,4336,52439436.0,0.24,-0.05,-0.067,1.5
2020-10-29,122.205,122.1,122.248,122.088,5673,68582809.0,0.13,-0.05,-0.055,1.96
2020-10-30,122.103,122.241,122.276,122.101,6248,75551351.0,0.14,0.12,0.141,2.16
2020-11-02,122.241,122.457,122.579,122.241,3020,36565832.0,0.28,0.18,0.216,1.05
2020-11-03,122.47,122.416,122.582,122.36,2961,35883700.0,0.18,-0.03,-0.041,1.02
2020-11-04,122.475,122.494,122.518,120.868,5926,71791867.0,1.35,0.06,0.078,2.05
2020-11-05,122.463,122.363,122.48,122.362,2041,24724720.0,0.1,-0.11,-0.131,0.71
2020-11-06,122.365,122.196,122.365,121.902,5645,68271170.0,0.38,-0.14,-0.167,1.95
2020-11-09,122.146,122.014,122.245,121.886,6631,80057585.0,0.29,-0.15,-0.182,2.29
2020-11-10,121.894,122.048,122.179,121.894,4862,58729525.0,0.23,0.03,0.034,1.68
2020-11-11,122.015,122.032,122.18,122.009,7033,84939017.0,0.14,-0.01,-0.016,2.43
2020-11-12,122.032,121.981,122.036,121.715,6212,74976360.0,0.26,-0.04,-0.051,2.15
2020-11-13,121.931,121.722,122.019,121.654,7373,88836975.0,0.3,-0.21,-0.259,2.55
2020-11-16,121.722,121.926,121.951,121.722,5101,61538336.0,0.19,0.17,0.204,1.77
2020-11-17,121.93,121.859,122.157,121.801,6731,81227285.0,0.29,-0.05,-0.067,2.33
2020-11-18,121.881,121.692,121.886,121.68,3379,40707420.0,0.17,-0.14,-0.167,1.17
2020-11-19,121.701,121.627,121.701,121.598,3114,37477138.0,0.08,-0.05,-0.065,1.08
2020-11-20,121.614,121.627,121.68,121.461,6259,75318671.0,0.18,0.0,0.0,2.17
2020-11-23,121.641,121.937,121.94,121.641,2750,33145266.0,0.25,0.25,0.31,0.95
2020-11-24,121.891,121.804,122.002,121.8,3768,45434124.0,0.17,-0.11,-0.133,1.3
2020-11-25,121.804,121.865,121.882,121.725,2048,24687478.0,0.13,0.05,0.061,0.71
2020-11-26,121.883,121.831,121.937,121.815,4416,53255592.0,0.1,-0.03,-0.034,1.53
2020-11-27,121.833,121.784,121.892,121.777,4409,53143170.0,0.09,-0.04,-0.047,1.53
2020-11-30,121.784,122.066,122.069,121.734,7746,93472084.0,0.28,0.23,0.282,2.68
2020-12-01,122.06,121.879,122.06,121.85,6647,80184284.0,0.17,-0.15,-0.187,2.3
2020-12-02,121.895,121.913,121.921,121.814,6672,80463325.0,0.09,0.03,0.034,2.31
2020-12-03,121.898,121.822,121.912,121.785,5155,62143155.0,0.1,-0.07,-0.091,1.78
2020-12-04,121.816,122.015,122.025,121.816,5861,70714028.0,0.17,0.16,0.193,2.03
2020-12-07,122.009,121.948,122.151,121.934,6041,72924425.0,0.18,-0.05,-0.067,2.09
2020-12-08,121.948,121.998,122.02,121.948,5381,64956680.0,0.06,0.04,0.05,1.86
2020-12-09,122.004,122.044,122.045,121.982,6596,79637782.0,0.05,0.04,0.046,2.28
2020-12-10,121.941,122.043,122.055,121.941,3063,36983484.0,0.09,0.0,-0.001,1.06
2020-12-11,122.027,121.903,122.043,121.858,5921,71433732.0,0.15,-0.11,-0.14,2.05
2020-12-14,121.903,121.795,121.91,121.754,4637,55892801.0,0.13,-0.09,-0.108,1.6
2020-12-15,121.869,121.998,122.065,121.8,7178,86667067.0,0.22,0.17,0.203,2.48
2020-12-16,122.002,122.064,122.101,121.988,5981,72235248.0,0.09,0.05,0.066,2.07
2020-12-17,122.131,122.016,122.159,122.003,5846,70595755.0,0.13,-0.04,-0.048,2.02
2020-12-18,121.983,121.946,122.03,121.93,4401,53116080.0,0.08,-0.06,-0.07,1.52
2020-12-21,121.933,122.089,122.129,121.882,6051,73087725.0,0.2,0.12,0.143,2.09
2020-12-22,122.076,122.308,122.333,122.076,6375,77102069.0,0.21,0.18,0.219,2.21
2020-12-23,122.308,122.378,122.414,122.288,4401,53271183.0,0.1,0.06,0.07,1.52
2020-12-24,122.372,122.401,122.509,122.35,6025,72985990.0,0.13,0.02,0.023,2.09
2020-12-25,122.401,122.531,122.596,122.367,6667,80809072.0,0.19,0.11,0.13,2.31
2020-12-28,122.531,122.411,122.68,122.401,8468,102648387.0,0.23,-0.1,-0.12,2.93
2020-12-29,122.53,122.48,122.547,122.363,5753,69709292.0,0.15,0.06,0.069,1.99
2020-12-30,122.482,122.546,122.66,122.475,5814,70507351.0,0.15,0.05,0.066,2.01
2020-12-31,122.592,122.592,122.653,122.503,5948,72135713.0,0.12,0.04,0.046,2.06
2021-01-04,122.408,122.404,122.595,122.378,5806,70346658.0,0.18,-0.15,-0.188,2.01
2021-01-05,122.404,122.522,122.548,122.383,5650,68484357.0,0.13,0.1,0.118,1.96
2021-01-06,122.523,122.773,122.83,122.523,7279,88412918.0,0.25,0.2,0.251,2.52
2021-01-07,122.78,122.844,122.876,122.76,5541,67349758.0,0.09,0.06,0.071,1.92
2021-01-08,122.845,122.789,122.88,122.746,5561,67576323.0,0.11,-0.04,-0.055,1.92
2021-01-11,122.879,122.672,122.879,122.646,5319,64596807.0,0.19,-0.1,-0.117,1.84
2021-01-12,122.675,122.798,122.831,122.655,6306,76614062.0,0.14,0.1,0.126,2.18
2021-01-13,122.802,123.037,123.057,122.802,5939,72272685.0,0.21,0.19,0.239,2.06
2021-01-14,123.085,123.288,123.38,123.08,7162,87342868.0,0.24,0.2,0.251,2.48
2021-01-15,123.3,123.14,123.306,123.093,5160,62910663.0,0.17,-0.12,-0.148,1.79
2021-01-18,123.161,122.972,123.19,122.935,2676,32577027.0,0.21,-0.14,-0.168,0.93
2021-01-19,122.93,122.748,122.98,122.697,3692,44857249.0,0.23,-0.18,-0.224,1.28
2021-01-20,122.79,122.943,122.949,122.749,6964,84657072.0,0.16,0.16,0.195,2.41
2021-01-21,122.91,123.09,123.1,122.87,7248,88244041.0,0.19,0.12,0.147,2.51
2021-01-22,123.08,123.145,123.145,122.93,6071,73928836.0,0.17,0.04,0.055,2.1
2021-01-25,123.08,123.148,123.156,122.998,6296,76700509.0,0.13,0.0,0.003,2.18
2021-01-26,122.985,122.732,123.092,122.7,7014,85263571.0,0.32,-0.34,-0.416,2.43
2021-01-27,122.684,122.76,122.827,122.647,3919,47599253.0,0.15,0.02,0.028,1.36
2021-01-28,122.71,122.666,122.775,122.596,6709,81448211.0,0.15,-0.08,-0.094,2.32
2021-01-29,122.666,122.69,122.725,122.237,8939,108452029.0,0.4,0.02,0.024,3.09
2021-02-01,122.682,122.809,122.889,122.601,7030,85431099.0,0.23,0.1,0.119,2.43
2021-02-02,122.809,122.871,123.113,122.757,7977,97014111.0,0.29,0.05,0.062,2.76
2021-02-03,122.875,122.946,123.05,122.81,4422,53774633.0,0.2,0.06,0.075,1.53
2021-02-04,122.946,122.918,123.052,122.843,4798,58383515.0,0.17,-0.02,-0.028,1.66
2021-02-05,122.878,122.727,122.887,122.715,6248,75903897.0,0.14,-0.16,-0.191,2.16
2021-02-08,122.685,122.587,122.737,122.38,5982,72521118.0,0.29,-0.11,-0.14,2.07
2021-02-09,122.587,122.574,122.598,122.41,7071,85748638.0,0.15,-0.01,-0.013,2.45
2021-02-10,122.541,122.746,122.867,122.475,4304,52238551.0,0.32,0.14,0.172,1.49
2021-02-18,122.751,122.629,122.751,122.61,5693,69108342.0,0.11,-0.1,-0.117,1.97
2021-02-19,122.62,122.645,122.679,122.585,6491,78768868.0,0.08,0.01,0.016,2.25
2021-02-22,122.64,122.699,122.711,122.532,5580,67713914.0,0.15,0.04,0.054,1.93
2021-02-23,122.65,122.829,122.83,122.65,5046,61292607.0,0.15,0.11,0.13,1.75
2021-02-24,122.83,123.051,123.059,122.83,4780,58165636.0,0.19,0.18,0.222,1.65
2021-02-25,123.051,123.036,123.067,122.957,6296,76650380.0,0.09,-0.01,-0.015,2.18
2021-02-26,122.94,122.788,123.04,122.763,5008,60879050.0,0.23,-0.2,-0.248,1.73
2021-03-01,122.78,122.783,122.805,122.745,4845,58860413.0,0.05,0.0,-0.005,1.68
2021-03-02,122.783,123.263,123.274,122.728,5980,72791826.0,0.44,0.39,0.48,2.07
2021-03-03,123.178,123.184,123.365,123.051,8136,99177437.0,0.25,-0.06,-0.079,2.82
2021-03-04,123.181,123.132,123.199,123.086,6382,77769007.0,0.09,-0.04,-0.052,2.21
2021-03-05,123.085,123.271,123.274,122.995,9589,116852726.0,0.23,0.11,0.139,3.32
2021-03-08,123.228,123.27,123.278,123.093,4723,57587127.0,0.15,0.0,-0.001,1.63
2021-03-09,123.16,123.134,123.268,123.094,6934,84505799.0,0.14,-0.11,-0.136,2.4
2021-03-10,123.084,123.209,123.218,123.005,6962,84821876.0,0.17,0.06,0.075,2.41
2021-03-11,123.24,123.124,123.24,123.084,5846,71236609.0,0.13,-0.07,-0.085,2.02
2021-03-12,123.08,123.134,123.225,122.982,8189,99719086.0,0.2,0.01,0.01,2.83
2021-03-15,123.141,123.071,123.141,123.03,6080,74054266.0,0.09,-0.05,-0.063,2.1
2021-03-16,123.06,122.907,123.06,122.895,5164,62850052.0,0.13,-0.13,-0.164,1.79
2021-03-17,122.914,122.953,123.02,122.914,3908,47553688.0,0.09,0.04,0.046,1.35
2021-03-18,122.903,122.898,122.967,122.88,7149,86953892.0,0.07,-0.04,-0.055,2.47
2021-03-19,122.885,122.874,122.969,122.832,8561,104123275.0,0.11,-0.02,-0.024,2.96
2021-03-22,122.851,122.89,122.937,122.851,8184,99535396.0,0.07,0.01,0.016,2.83
2021-03-23,122.88,122.919,122.968,122.878,4503,54770544.0,0.07,0.02,0.029,1.56
2021-03-24,122.947,123.07,123.074,122.93,6022,73315463.0,0.12,0.12,0.151,2.08
2021-03-25,123.04,123.165,123.198,123.02,6504,79252688.0,0.14,0.08,0.095,2.25
2021-03-26,123.165,123.0,123.213,122.986,7204,87715353.0,0.18,-0.13,-0.165,2.49
2021-03-29,123.0,122.99,123.03,122.937,3224,39233023.0,0.08,-0.01,-0.01,1.12
2021-03-30,122.962,123.182,123.213,122.962,3582,43631733.0,0.2,0.16,0.192,1.24
2021-03-31,123.18,123.214,123.242,123.075,8366,102003728.0,0.14,0.03,0.032,2.9
2021-04-01,123.215,123.18,123.299,123.119,3070,37416355.0,0.15,-0.03,-0.034,1.06
2021-04-02,123.179,123.362,123.446,123.115,7049,86048958.0,0.27,0.15,0.182,2.44
2021-04-06,123.312,123.284,123.312,123.181,5369,65484794.0,0.11,-0.06,-0.078,1.86
2021-04-07,123.271,123.267,123.34,123.177,5008,61098144.0,0.13,-0.01,-0.017,1.73
2021-04-08,123.267,123.109,123.274,123.101,6765,82436680.0,0.14,-0.13,-0.158,2.34
2021-04-09,123.036,123.105,123.138,123.036,6156,75000429.0,0.08,0.0,-0.004,2.13
2021-04-12,123.105,123.329,123.426,123.09,5763,70322353.0,0.27,0.18,0.224,1.99
2021-04-13,123.281,123.593,123.63,123.281,4336,52988207.0,0.28,0.21,0.264,1.5
2021-04-14,123.599,123.553,123.812,123.503,4787,58593890.0,0.25,-0.03,-0.04,1.66
2021-04-15,123.6,123.559,123.671,123.523,2782,34021819.0,0.12,0.0,0.006,0.96
2021-04-16,123.509,123.619,123.67,123.46,3821,46739307.0,0.17,0.05,0.06,1.32
2021-04-19,123.632,123.541,123.672,123.488,6721,82217054.0,0.15,-0.06,-0.078,2.33
2021-04-20,123.545,123.602,123.649,123.545,2864,35032297.0,0.08,0.05,0.061,0.99
2021-04-21,123.552,123.835,123.836,123.552,3866,47317396.0,0.23,0.19,0.233,1.34
2021-04-22,123.835,123.737,123.835,123.597,4814,58949188.0,0.19,-0.08,-0.098,1.67
2021-04-23,123.76,124.026,124.078,123.686,3037,37241556.0,0.32,0.23,0.289,1.05
2021-04-26,124.036,123.861,124.036,123.841,3580,43898918.0,0.16,-0.13,-0.165,1.24
2021-04-27,123.817,123.763,123.95,123.732,4769,58456339.0,0.18,-0.08,-0.098,1.65
2021-04-28,123.706,123.678,123.763,123.564,3670,44894931.0,0.16,-0.07,-0.085,1.27
2021-04-29,123.678,123.732,123.848,123.596,7717,94480488.0,0.2,0.04,0.054,2.67
2021-04-30,123.74,123.88,123.905,123.683,6363,77950433.0,0.18,0.12,0.148,2.2
2021-05-06,123.88,123.913,124.129,123.707,4231,51895348.0,0.34,0.03,0.033,1.46
2021-05-07,123.907,123.867,123.979,123.745,3714,45527714.0,0.19,-0.04,-0.046,1.29
2021-05-10,123.871,123.93,123.977,123.862,5451,66845885.0,0.09,0.05,0.063,1.89
2021-05-11,123.94,124.172,124.38,123.94,7017,86166186.0,0.36,0.2,0.242,2.43
2021-05-12,124.176,124.18,124.217,124.093,2821,34666258.0,0.1,0.01,0.008,0.98
2021-05-13,124.18,124.006,124.18,123.943,6298,77291108.0,0.19,-0.14,-0.174,2.18
2021-05-14,123.982,124.019,124.068,123.98,5702,69998463.0,0.07,0.01,0.013,1.97
2021-05-17,124.018,124.167,124.232,123.979,8042,98822106.0,0.2,0.12,0.148,2.78
2021-05-18,124.24,124.136,124.256,124.011,4473,54970491.0,0.2,-0.02,-0.031,1.55
2021-05-19,124.136,124.339,124.368,124.087,5415,66568928.0,0.23,0.16,0.203,1.87
2021-05-20,124.281,124.509,124.56,124.161,6897,84957907.0,0.32,0.14,0.17,2.39
2021-05-21,124.521,124.631,124.658,124.393,6402,78944490.0,0.21,0.1,0.122,2.22
2021-05-24,124.581,124.657,124.797,124.433,7438,91753132.0,0.29,0.02,0.026,2.57
2021-05-25,124.659,124.447,124.659,124.358,7563,93247015.0,0.24,-0.17,-0.21,2.62
2021-05-26,124.445,124.505,124.546,124.33,6206,76457777.0,0.17,0.05,0.058,2.15
2021-05-27,124.506,124.414,124.507,124.41,5576,68675987.0,0.08,-0.07,-0.091,1.93
2021-05-28,124.42,124.412,124.458,124.288,6082,74840093.0,0.14,0.0,-0.002,2.1
2021-05-31,124.42,124.182,124.42,124.06,10437,128273561.0,0.29,-0.18,-0.23,3.61
2021-06-01,124.2,124.351,124.426,124.182,7670,94387823.0,0.2,0.14,0.169,2.65
2021-06-02,124.34,124.265,124.34,124.26,6609,81301279.0,0.06,-0.07,-0.086,2.29
2021-06-03,124.265,124.246,124.299,124.138,5903,72567749.0,0.13,-0.02,-0.019,2.04
2021-06-04,124.246,124.295,124.332,124.216,7820,96198959.0,0.09,0.04,0.049,2.71
2021-06-07,124.28,124.156,124.28,124.151,6695,82286008.0,0.1,-0.11,-0.139,2.32
2021-06-08,124.168,124.176,124.298,124.157,6514,80064903.0,0.11,0.02,0.02,2.25
2021-06-09,124.18,124.14,124.18,124.13,6765,83118729.0,0.04,-0.03,-0.036,2.34
2021-06-10,124.14,124.168,124.21,124.14,6141,75473855.0,0.06,0.02,0.028,2.13
2021-06-11,124.142,123.992,124.197,123.968,7827,96090318.0,0.18,-0.14,-0.176,2.71
2021-06-15,123.977,123.97,124.0,123.892,9333,114490558.0,0.09,-0.02,-0.022,3.23
2021-06-16,123.969,124.217,124.217,123.831,9298,114168360.0,0.31,0.2,0.247,3.22
2021-06-17,124.18,124.153,124.248,124.092,6652,81763059.0,0.13,-0.05,-0.064,2.3
2021-06-18,124.153,124.248,124.268,124.098,5647,69405615.0,0.14,0.08,0.095,1.95
2021-06-21,124.239,124.507,124.557,124.228,5879,72355135.0,0.26,0.21,0.259,2.03
2021-06-22,124.47,124.441,124.47,124.386,6065,74684904.0,0.07,-0.05,-0.066,2.1
2021-06-23,124.428,124.41,124.449,124.356,5642,69480378.0,0.07,-0.02,-0.031,1.95
2021-06-24,124.448,124.327,124.448,124.299,6864,84458400.0,0.12,-0.07,-0.083,2.38
2021-06-25,124.293,124.371,124.398,124.291,5808,71481557.0,0.09,0.04,0.044,2.01
2021-06-28,124.37,124.511,124.598,124.321,6533,80447183.0,0.22,0.11,0.14,2.26
2021-06-29,124.478,124.658,124.668,124.36,6531,80499762.0,0.25,0.12,0.147,2.26
2021-06-30,124.628,124.803,124.979,124.578,7784,96161907.0,0.32,0.12,0.145,2.69
2021-07-01,124.753,124.765,124.979,124.71,12702,156889482.0,0.22,-0.03,-0.038,4.4
2021-07-02,124.72,124.747,124.872,124.717,8017,99001972.0,0.12,-0.01,-0.018,2.77
2021-07-05,124.7,124.762,124.916,124.698,5719,70634131.0,0.17,0.01,0.015,1.98
2021-07-06,124.762,124.798,124.826,124.715,5798,71614561.0,0.09,0.03,0.036,2.01
2021-07-07,124.81,124.935,125.059,124.723,9063,111984037.0,0.27,0.11,0.137,3.14
2021-07-08,124.94,125.117,125.13,124.94,7080,87645504.0,0.15,0.15,0.182,2.45
2021-07-09,125.114,125.167,125.169,125.041,7911,97935176.0,0.1,0.04,0.05,2.74
2021-07-12,125.167,125.192,125.214,125.004,2373,29390363.0,0.17,0.02,0.025,0.82
2021-07-13,125.271,125.492,125.566,125.23,5869,72830634.0,0.27,0.24,0.3,2.03
2021-07-14,125.492,125.559,125.598,125.29,9828,122032685.0,0.25,0.05,0.067,3.4
2021-07-15,125.51,125.302,125.553,125.27,8898,110379862.0,0.23,-0.2,-0.257,3.08
2021-07-16,125.3,125.38,125.428,125.253,9682,120099882.0,0.14,0.06,0.078,3.35
2021-07-19,125.34,125.394,125.43,125.331,11355,140944292.0,0.08,0.01,0.014,3.93
2021-07-20,125.415,125.484,125.674,125.36,9026,112159690.0,0.25,0.07,0.09,3.12
2021-07-21,125.442,125.601,125.66,125.442,8285,103006557.0,0.17,0.09,0.117,2.87
2021-07-22,125.552,125.621,125.651,125.491,8809,109528153.0,0.13,0.02,0.02,3.05
2021-07-23,125.671,125.666,125.677,125.559,10173,126521593.0,0.09,0.04,0.045,3.52
2021-07-26,125.666,125.981,126.085,125.666,9059,112942520.0,0.33,0.25,0.315,3.14
2021-07-27,125.932,126.136,126.269,125.7,10713,133820130.0,0.45,0.12,0.155,3.71
2021-07-28,126.185,126.001,126.263,125.69,10659,132945988.0,0.45,-0.11,-0.135,3.69
2021-07-29,126.001,125.926,126.092,125.89,10600,132174089.0,0.16,-0.06,-0.075,3.67
2021-07-30,125.926,126.106,126.146,125.876,8776,109493541.0,0.21,0.14,0.18,3.04
2021-08-02,126.08,126.45,126.5,126.08,9034,112930864.0,0.33,0.27,0.344,3.13
2021-08-03,126.45,126.391,126.53,126.326,8613,107757098.0,0.16,-0.05,-0.059,2.98
2021-08-04,126.341,126.314,126.441,126.29,6281,78541045.0,0.12,-0.06,-0.077,2.17
2021-08-05,126.281,126.264,126.33,126.19,10476,130960671.0,0.11,-0.04,-0.05,3.63
2021-08-06,126.264,126.299,126.334,125.218,8961,112004260.0,0.88,0.03,0.035,3.1
2021-08-09,126.339,126.011,126.339,125.995,9232,115187299.0,0.27,-0.23,-0.288,3.19
2021-08-10,126.005,125.895,126.058,125.88,8542,106478894.0,0.14,-0.09,-0.116,2.96
2021-08-11,125.895,125.773,125.944,125.68,12448,154896986.0,0.21,-0.1,-0.122,4.31
2021-08-12,125.724,125.88,125.955,125.724,6764,84263864.0,0.18,0.09,0.107,2.34
2021-08-13,125.823,126.112,126.21,125.813,8199,102357105.0,0.32,0.18,0.232,2.84
2021-08-16,126.109,126.107,126.258,126.062,8046,100475774.0,0.16,0.0,-0.005,2.78
2021-08-17,126.103,126.305,126.379,126.045,9178,114645312.0,0.26,0.16,0.198,3.18
2021-08-18,126.3,126.382,126.465,126.179,10050,125674691.0,0.23,0.06,0.077,3.48
2021-08-19,126.419,126.368,126.519,126.332,7505,93889240.0,0.15,-0.01,-0.014,2.6
2021-08-20,126.354,126.446,126.543,126.336,13697,171450933.0,0.16,0.06,0.078,4.74
2021-08-23,126.397,126.372,126.496,126.338,8517,106536533.0,0.12,-0.06,-0.074,2.95
2021-08-24,126.333,126.32,126.37,126.089,9720,121411801.0,0.22,-0.04,-0.052,3.36
2021-08-25,126.27,126.365,126.515,126.195,8184,102385719.0,0.25,0.04,0.045,2.83
2021-08-26,126.333,126.057,126.415,125.908,7159,89386469.0,0.4,-0.24,-0.308,2.48
2021-08-27,126.205,126.095,126.205,126.0,8837,110267247.0,0.16,0.03,0.038,3.06
2021-08-30,126.07,126.14,126.216,125.968,10404,129905804.0,0.2,0.04,0.045,3.6
2021-08-31,126.14,126.313,126.32,126.14,8780,109758305.0,0.14,0.14,0.173,3.04
2021-09-01,126.28,126.38,126.436,126.27,9963,124662797.0,0.13,0.05,0.067,3.45
2021-09-02,126.345,126.373,126.42,126.305,7665,95890221.0,0.09,-0.01,-0.007,2.65
2021-09-03,126.372,126.408,126.415,126.324,6991,87449661.0,0.07,0.03,0.035,2.42
2021-09-06,126.36,126.304,126.423,126.287,7605,95122405.0,0.11,-0.08,-0.104,2.63
2021-09-07,126.27,126.208,126.29,126.19,13875,173369045.0,0.08,-0.08,-0.096,4.8
2021-09-08,126.209,126.173,126.224,126.17,9662,120703922.0,0.04,-0.03,-0.035,3.34
2021-09-09,126.18,126.187,126.213,126.138,6211,77562818.0,0.06,0.01,0.014,2.15
2021-09-10,126.188,126.185,126.243,126.155,7501,93705668.0,0.07,0.0,-0.002,2.6
2021-09-13,126.169,126.139,126.199,126.137,8733,109059726.0,0.05,-0.04,-0.046,3.02
2021-09-14,126.146,126.072,126.159,126.045,6495,81058481.0,0.09,-0.05,-0.067,2.25
2021-09-15,126.09,126.095,126.175,126.05,7877,98335421.0,0.1,0.02,0.023,2.73
2021-09-16,125.97,125.93,126.069,125.862,8150,101588559.0,0.16,-0.13,-0.165,2.82
2021-09-17,125.98,126.038,126.049,125.88,8021,100027667.0,0.13,0.09,0.108,2.78
2021-09-22,126.015,126.101,126.206,126.015,5989,74760142.0,0.15,0.05,0.063,2.07
2021-09-23,126.151,126.266,126.375,126.136,5922,73996625.0,0.19,0.13,0.165,2.05
2021-09-24,126.238,126.255,126.342,126.238,6119,76488458.0,0.08,-0.01,-0.011,2.12
2021-09-27,126.265,126.251,126.315,126.24,6650,83108027.0,0.06,0.0,-0.004,2.3
2021-09-28,126.241,126.269,126.378,126.199,5218,65250839.0,0.14,0.01,0.018,1.81
2021-09-29,126.26,126.571,126.618,126.223,7575,94742499.0,0.31,0.24,0.302,2.62
2021-09-30,126.491,126.629,126.774,126.491,5707,71558947.0,0.22,0.05,0.058,1.97
2021-10-08,126.628,126.428,126.677,126.372,6332,79252284.0,0.24,-0.16,-0.201,2.19
2021-10-11,126.43,126.27,126.468,126.213,7184,89820679.0,0.2,-0.12,-0.158,2.49
2021-10-12,126.27,126.086,126.36,126.08,5637,70413065.0,0.22,-0.15,-0.184,1.95
2021-10-13,126.09,126.04,126.136,126.02,5306,66206892.0,0.09,-0.04,-0.046,1.84
2021-10-14,126.057,126.069,126.115,126.037,5899,73613610.0,0.06,0.02,0.029,2.04
2021-10-15,126.11,126.05,126.11,125.886,8525,106313038.0,0.18,-0.02,-0.019,2.95
2021-10-18,126.052,125.672,126.052,125.484,6644,82626370.0,0.45,-0.3,-0.378,2.3
2021-10-19,125.679,125.66,125.71,125.564,6787,84416279.0,0.12,-0.01,-0.012,2.35
2021-10-20,125.675,125.7,125.728,125.625,5029,62556055.0,0.08,0.03,0.04,1.74
2021-10-21,125.71,125.878,125.884,125.681,6838,85114249.0,0.16,0.14,0.178,2.37
2021-10-22,125.741,125.733,125.88,125.69,7460,92855030.0,0.15,-0.12,-0.145,2.58
2021-10-25,125.782,125.76,125.782,125.684,6025,74998116.0,0.08,0.02,0.027,2.09
2021-10-26,125.81,125.853,125.878,125.747,4946,61618565.0,0.1,0.07,0.093,1.71
2021-10-27,125.868,125.889,125.919,125.864,5459,68022029.0,0.04,0.03,0.036,1.89
2021-10-28,125.85,125.869,125.902,125.83,6472,80652320.0,0.06,-0.02,-0.02,2.24
2021-10-29,125.92,125.966,125.97,125.867,4830,60194854.0,0.08,0.08,0.097,1.67
2021-11-01,125.96,126.057,126.06,125.921,8255,102968337.0,0.11,0.07,0.091,2.86
2021-11-02,126.011,126.158,126.168,126.007,6076,75852844.0,0.13,0.08,0.101,2.1
2021-11-03,126.142,126.256,126.312,126.132,6849,85603472.0,0.14,0.08,0.098,2.37
2021-11-04,126.256,126.212,126.265,126.195,6897,86161613.0,0.06,-0.03,-0.044,2.39
2021-11-05,126.262,126.34,126.439,126.262,6184,77329025.0,0.14,0.1,0.128,2.14
2021-11-08,126.34,126.453,126.616,126.34,5358,67080913.0,0.22,0.09,0.113,1.85
2021-11-09,126.453,126.345,126.459,126.265,6557,81990783.0,0.15,-0.09,-0.108,2.27
2021-11-10,126.351,126.508,126.518,126.351,4268,53439882.0,0.13,0.13,0.163,1.48
2021-11-11,126.519,126.473,126.528,126.446,6663,83426823.0,0.06,-0.03,-0.035,2.31
2021-11-12,126.423,126.335,126.465,126.281,8340,104319462.0,0.15,-0.11,-0.138,2.89
2021-11-15,126.419,126.429,126.442,126.314,5141,64326157.0,0.1,0.07,0.094,1.78
2021-11-16,126.429,126.477,126.523,126.429,4544,56898299.0,0.07,0.04,0.048,1.57
2021-11-17,126.474,126.479,126.545,126.43,8810,110293399.0,0.09,0.0,0.002,3.05
2021-11-18,126.471,126.561,126.65,126.471,8248,103301120.0,0.14,0.06,0.082,2.85
2021-11-19,126.568,126.488,126.678,126.456,4813,60336166.0,0.18,-0.06,-0.073,1.67
2021-11-22,126.488,126.536,126.568,126.488,6879,86163449.0,0.06,0.04,0.048,2.38
2021-11-23,126.543,126.538,126.546,126.511,6367,79750301.0,0.03,0.0,0.002,2.2
2021-11-24,126.545,126.629,126.658,126.545,6387,80066503.0,0.09,0.07,0.091,2.21
2021-11-25,126.603,126.7,126.77,126.603,7333,91956964.0,0.13,0.06,0.071,2.54
2021-11-26,126.705,126.954,127.098,126.704,4039,50763112.0,0.31,0.2,0.254,1.4
2021-11-29,126.95,126.791,126.978,126.781,7270,91275891.0,0.16,-0.13,-0.163,2.52
2021-11-30,126.792,126.809,126.841,126.75,6897,86588203.0,0.07,0.01,0.018,2.39
2021-12-01,126.816,126.75,126.859,126.739,6891,86463011.0,0.09,-0.05,-0.059,2.38
2021-12-02,126.78,126.684,126.78,126.68,1984,24888292.0,0.08,-0.05,-0.066,0.69
2021-12-03,126.684,126.51,126.717,126.509,1130,14162818.0,0.16,-0.14,-0.174,0.39
2021-12-06,126.569,126.761,126.825,126.569,3924,49248577.0,0.2,0.2,0.251,1.36
2021-12-07,126.766,126.704,126.802,126.704,1855,23280987.0,0.08,-0.04,-0.057,0.64
2021-12-08,126.704,126.735,126.753,126.704,596,7477002.0,0.04,0.02,0.031,0.21
2021-12-09,126.738,126.69,126.778,126.669,1561,19578653.0,0.09,-0.04,-0.045,0.54
2021-12-10,126.695,126.769,126.788,126.69,1132,14203939.0,0.08,0.06,0.079,0.39
2021-12-13,126.769,126.765,126.801,126.743,918,11520290.0,0.05,0.0,-0.004,0.32
2021-12-14,126.768,126.962,127.157,126.768,6110,76835698.0,0.31,0.16,0.197,2.11
2021-12-15,126.963,126.973,127.077,126.919,2090,26266703.0,0.12,0.01,0.011,0.72
2021-12-16,127.023,126.934,127.023,126.925,667,8382227.0,0.08,-0.03,-0.039,0.23
2021-12-17,126.934,127.11,127.119,126.934,1340,16847021.0,0.15,0.14,0.176,0.46
2021-12-20,127.102,127.086,127.179,127.022,820,10317453.0,0.12,-0.02,-0.024,0.28
2021-12-21,127.036,127.035,127.054,126.986,596,7494418.0,0.05,-0.04,-0.051,0.21
2021-12-22,127.032,127.109,127.138,126.989,1766,22210128.0,0.12,0.06,0.074,0.61
2021-12-23,127.116,127.139,127.219,127.06,694,8734789.0,0.13,0.02,0.03,0.24
2021-12-24,127.091,127.13,127.293,127.091,1874,23593294.0,0.16,-0.01,-0.009,0.65
2021-12-27,127.13,127.241,127.304,127.13,1528,19246403.0,0.14,0.09,0.111,0.53
2021-12-28,127.21,127.301,127.319,127.191,359,4522798.0,0.1,0.05,0.06,0.12
2021-12-29,127.251,127.332,127.41,127.251,1442,18176904.0,0.12,0.02,0.031,0.5
2021-12-30,127.338,127.652,127.679,127.338,4845,61200695.0,0.27,0.25,0.32,1.68
2021-12-31,127.65,127.759,127.84,127.642,1400,17707152.0,0.16,0.08,0.107,0.48
2022-01-04,127.709,127.698,127.715,127.563,666,8417527.0,0.12,-0.05,-0.061,0.23
2022-01-05,127.698,127.563,127.698,127.539,1186,14983403.0,0.12,-0.11,-0.135,0.41
2022-01-06,127.563,127.494,127.563,127.443,819,10337522.0,0.09,-0.05,-0.069,0.28
2022-01-07,127.494,127.504,127.543,127.486,1149,14504427.0,0.04,0.01,0.01,0.4
2022-01-10,127.504,127.648,127.648,127.5,1695,21403006.0,0.12,0.11,0.144,0.59
2022-01-11,127.648,127.82,127.897,127.64,1101,13925870.0,0.2,0.13,0.172,0.38
2022-01-12,127.835,127.868,127.868,127.746,1044,13208453.0,0.1,0.04,0.048,0.36
2022-01-13,127.86,127.853,127.879,127.734,586,7416025.0,0.11,-0.01,-0.015,0.2
2022-01-14,127.853,128.149,128.149,127.853,1673,21200441.0,0.23,0.23,0.296,0.58
2022-01-17,128.032,128.112,128.294,128.032,2276,28884913.0,0.2,-0.03,-0.037,0.79
2022-01-18,128.13,128.478,128.511,128.116,2320,29459727.0,0.31,0.29,0.366,0.8
2022-01-19,128.519,128.418,128.652,128.387,2956,37633835.0,0.21,-0.05,-0.06,1.02
2022-01-20,128.435,128.396,128.444,128.349,2118,26919787.0,0.07,-0.02,-0.022,0.73
2022-01-21,128.398,128.706,128.714,128.398,1980,25210579.0,0.25,0.24,0.31,0.69
2022-01-24,128.746,129.155,129.279,128.746,2572,32871876.0,0.41,0.35,0.449,0.89
2022-01-25,128.88,129.122,129.278,128.88,1948,24909050.0,0.31,-0.03,-0.033,0.67
2022-01-26,129.073,128.539,129.122,128.467,7885,100562375.0,0.51,-0.45,-0.583,2.73
2022-01-27,128.549,128.486,128.679,128.46,5093,64798638.0,0.17,-0.04,-0.053,1.76
2022-01-28,128.495,128.744,128.749,128.486,6357,80940363.0,0.2,0.2,0.258,2.2
2022-02-07,128.75,128.633,128.779,128.565,6386,81315970.0,0.17,-0.09,-0.111,2.21
2022-02-08,128.64,128.784,128.834,128.633,5116,65237132.0,0.16,0.12,0.151,1.77
2022-02-09,128.79,128.851,129.019,128.741,4104,52382799.0,0.22,0.05,0.067,1.42
2022-02-10,128.838,128.967,128.977,128.801,4585,58524845.0,0.14,0.09,0.116,1.59
2022-02-11,128.917,128.426,128.917,128.399,5706,72651600.0,0.4,-0.42,-0.541,1.97
2022-02-14,128.405,128.315,128.46,128.314,4158,52854589.0,0.11,-0.09,-0.111,1.44
2022-02-15,128.303,128.317,128.349,128.204,4269,54212899.0,0.11,0.0,0.002,1.48
2022-02-16,128.313,128.414,128.432,128.271,3898,49541137.0,0.13,0.08,0.097,1.35
2022-02-17,128.3,128.425,128.518,128.3,4145,52707908.0,0.17,0.01,0.011,1.43
2022-02-18,128.37,128.347,128.474,128.305,6181,78556397.0,0.13,-0.06,-0.078,2.14
2022-02-21,128.303,128.065,128.303,128.033,4070,51653698.0,0.21,-0.22,-0.282,1.41
2022-02-22,128.013,127.996,128.086,127.939,5317,67401535.0,0.11,-0.05,-0.069,1.84
2022-02-23,127.996,128.129,128.13,127.986,4491,56938473.0,0.11,0.1,0.133,1.55
2022-02-24,128.105,128.173,128.231,128.105,4154,52712379.0,0.1,0.03,0.044,1.44
2022-02-25,128.204,128.25,128.269,127.939,3836,48693896.0,0.26,0.06,0.077,1.33
2022-02-28,128.25,128.293,128.378,128.201,3691,46876875.0,0.14,0.03,0.043,1.28
2022-03-01,128.293,128.074,128.294,128.064,2712,34416968.0,0.18,-0.17,-0.219,0.94
2022-03-02,128.077,128.017,128.077,127.972,4013,50854002.0,0.08,-0.04,-0.057,1.39
2022-03-03,128.011,128.023,128.21,127.97,4075,51670870.0,0.19,0.0,0.006,1.41
2022-03-04,127.975,127.963,128.059,127.912,5456,69129978.0,0.11,-0.05,-0.06,1.89
2022-03-07,127.96,128.228,128.368,127.946,5724,72622672.0,0.33,0.21,0.265,1.98
2022-03-08,128.23,128.355,128.419,128.226,4860,61756024.0,0.15,0.1,0.127,1.68
2022-03-09,128.364,128.08,128.405,127.981,5101,64677958.0,0.33,-0.21,-0.275,1.77
2022-03-10,128.035,128.132,128.35,128.035,4326,54892836.0,0.25,0.04,0.052,1.5
2022-03-11,128.128,128.359,128.389,128.038,5250,66598792.0,0.27,0.18,0.227,1.82
2022-03-14,128.362,128.72,128.73,128.362,7096,90405056.0,0.29,0.28,0.361,2.46
2022-03-15,128.72,128.254,128.769,128.222,6132,77966057.0,0.42,-0.36,-0.466,2.12
2022-03-16,128.65,128.19,128.65,128.071,5260,66740416.0,0.45,-0.05,-0.064,1.82
2022-03-17,128.183,128.214,128.287,128.152,4233,53732186.0,0.11,0.02,0.024,1.46
2022-03-18,128.214,128.385,128.44,128.214,5645,71750641.0,0.18,0.13,0.171,1.95
2022-03-21,128.385,128.335,128.458,128.259,4131,52491673.0,0.16,-0.04,-0.05,1.43
2022-03-22,128.286,128.19,128.286,128.14,4856,61636806.0,0.11,-0.11,-0.145,1.68
2022-03-23,128.188,128.231,128.497,128.14,5213,66194962.0,0.28,0.03,0.041,1.8
2022-03-24,128.222,128.335,128.45,128.17,4795,60916391.0,0.22,0.08,0.104,1.66
2022-03-25,128.374,128.44,128.58,128.336,2856,36334168.0,0.19,0.08,0.105,0.99
2022-03-28,128.49,128.445,128.63,128.436,5090,64790784.0,0.15,0.0,0.005,1.76
2022-03-29,128.48,128.387,128.67,128.382,4707,59873383.0,0.22,-0.05,-0.058,1.63
2022-03-30,128.387,128.357,128.477,128.339,4969,63164573.0,0.11,-0.02,-0.03,1.72
2022-03-31,128.344,128.256,128.468,128.238,5483,69676964.0,0.18,-0.08,-0.101,1.9
2022-04-01,128.256,128.414,128.446,128.256,3605,45829156.0,0.15,0.12,0.158,1.25
2022-04-06,128.449,128.53,128.67,128.449,8062,102610899.0,0.17,0.09,0.116,2.79
2022-04-07,128.53,128.675,128.769,128.53,7395,94186293.0,0.19,0.11,0.145,2.56
2022-04-08,128.68,128.846,128.939,128.675,5497,70130742.0,0.21,0.13,0.171,1.9
2022-04-11,128.846,128.59,128.927,128.568,6419,81823349.0,0.28,-0.2,-0.256,2.22
2022-04-12,128.603,128.637,128.835,128.594,5575,71053222.0,0.19,0.04,0.047,1.93
2022-04-13,128.637,128.674,128.766,128.542,6448,82155814.0,0.17,0.03,0.037,2.23
2022-04-14,128.724,128.875,129.08,128.723,7667,97900502.0,0.28,0.16,0.201,2.65
2022-04-15,128.875,128.763,128.948,128.733,3987,50875287.0,0.17,-0.09,-0.112,1.38
2022-04-18,128.763,128.615,128.763,128.59,2977,37918580.0,0.13,-0.11,-0.148,1.03
2022-04-19,128.63,128.664,128.739,128.616,5353,68188943.0,0.1,0.04,0.049,1.85
2022-04-20,128.714,128.7,128.714,128.524,5294,67409206.0,0.15,0.03,0.036,1.83
2022-04-21,128.7,128.59,128.729,128.585,6702,85372674.0,0.11,-0.09,-0.11,2.32
2022-04-22,128.59,128.558,128.685,128.54,5282,67279300.0,0.11,-0.02,-0.032,1.83
2022-04-25,128.558,128.565,128.681,128.543,4872,62053524.0,0.11,0.01,0.007,1.69
2022-04-26,128.568,128.637,128.674,128.565,7470,95136917.0,0.08,0.06,0.072,2.59
2022-04-27,128.627,128.596,128.683,128.58,8026,102212357.0,0.08,-0.03,-0.041,2.78
2022-04-28,128.603,128.528,128.679,128.514,7428,94555826.0,0.13,-0.05,-0.068,2.57
2022-04-29,128.528,128.659,128.678,128.508,10277,130860314.0,0.13,0.1,0.131,3.56
2022-05-05,128.659,128.66,128.703,128.609,7518,95755914.0,0.07,0.0,0.001,2.6
2022-05-06,128.66,128.565,128.859,128.48,9585,122062401.0,0.29,-0.07,-0.095,3.32
2022-05-09,128.569,128.647,128.68,128.569,7827,99692229.0,0.09,0.06,0.082,2.71
2022-05-10,128.679,128.909,128.929,128.648,7882,100561565.0,0.22,0.2,0.262,2.73
2022-05-11,128.959,128.812,128.959,128.781,10141,129375993.0,0.14,-0.08,-0.097,3.51
2022-05-12,128.781,128.88,129.031,128.766,9786,124933745.0,0.21,0.05,0.068,3.39
2022-05-13,128.9,128.988,129.115,128.893,8846,112964752.0,0.17,0.08,0.108,3.06
2022-05-16,128.938,128.973,129.036,128.931,9331,119143841.0,0.08,-0.01,-0.015,3.23
2022-05-17,128.956,129.122,129.19,128.956,10403,132971772.0,0.18,0.12,0.149,3.6
2022-05-18,129.15,129.32,129.425,129.078,10570,135278803.0,0.27,0.15,0.198,3.66
2022-05-19,129.369,129.216,129.473,129.06,10157,129952882.0,0.32,-0.08,-0.104,3.51
2022-05-20,129.18,129.147,129.34,129.054,9312,119067277.0,0.22,-0.05,-0.069,3.22
2022-05-23,129.1,129.202,129.3,129.1,8506,108817769.0,0.15,0.04,0.055,2.94
2022-05-24,129.201,129.264,129.55,129.161,10354,132561823.0,0.3,0.05,0.062,3.58
2022-05-25,129.314,129.364,129.51,129.255,8826,113085543.0,0.2,0.08,0.1,3.05
2022-05-26,129.414,129.596,129.624,129.408,9971,127935143.0,0.17,0.18,0.232,3.45
2022-05-27,129.596,129.38,129.644,129.318,6802,87199020.0,0.25,-0.17,-0.216,2.35
2022-05-30,129.331,129.23,129.429,129.206,10068,128883670.0,0.17,-0.12,-0.15,3.48
2022-05-31,129.23,129.111,129.279,129.046,8451,108028623.0,0.18,-0.09,-0.119,2.92
2022-06-01,129.085,129.075,129.219,128.996,12282,156941531.0,0.17,-0.03,-0.036,4.25
2022-06-02,129.12,129.054,129.12,129.004,11282,144180780.0,0.09,-0.02,-0.021,3.9
2022-06-06,129.054,129.095,129.11,129.024,10435,133351099.0,0.07,0.03,0.041,3.61
2022-06-07,129.13,129.089,129.13,129.066,9755,124680427.0,0.05,0.0,-0.006,3.38
2022-06-08,129.08,129.059,129.119,129.039,9477,121102489.0,0.06,-0.02,-0.03,3.28
2022-06-09,129.044,129.08,129.08,129.044,15360,196295088.0,0.03,0.02,0.021,5.32
2022-06-10,129.084,129.034,129.159,128.99,9794,125141934.0,0.13,-0.04,-0.046,3.39
2022-06-13,128.994,129.028,129.029,128.984,18676,238572171.0,0.03,0.0,-0.006,6.46
2022-06-14,129.022,128.967,129.022,128.9,14226,181604993.0,0.09,-0.05,-0.061,4.92
2022-06-15,128.97,128.91,129.051,128.841,18154,231800903.0,0.16,-0.04,-0.057,6.28
2022-06-16,128.951,128.905,129.022,128.86,14469,184770287.0,0.13,0.0,-0.005,5.01
2022-06-17,128.915,129.01,129.05,128.912,10360,132335944.0,0.11,0.08,0.105,3.59
2022-06-20,129.01,128.994,129.013,128.917,18861,240851807.0,0.07,-0.01,-0.016,6.53
2022-06-21,128.988,128.977,129.05,128.954,19802,252911439.0,0.07,-0.01,-0.017,6.85
2022-06-22,129.01,129.072,129.109,129.004,20473,261598921.0,0.08,0.07,0.095,7.08
2022-06-23,129.074,129.072,129.098,129.025,17851,228120598.0,0.06,0.0,0.0,6.18
2022-06-24,129.076,129.079,129.154,129.005,18781,240011603.0,0.12,0.01,0.007,6.5
2022-06-27,129.059,128.887,129.059,128.861,15933,203386671.0,0.15,-0.15,-0.192,5.51
2022-06-28,128.87,128.902,129.079,128.87,18696,238803766.0,0.16,0.01,0.015,6.47
2022-06-29,128.949,129.001,129.076,128.9,18280,233560820.0,0.14,0.08,0.099,6.33
2022-06-30,128.956,129.005,129.11,128.915,18878,241202296.0,0.15,0.0,0.004,6.53
2022-07-01,129.005,129.187,129.25,128.984,19107,244210170.0,0.21,0.14,0.182,6.61
2022-07-04,129.187,128.966,129.22,128.912,18134,231731995.0,0.24,-0.17,-0.221,6.28
2022-07-05,128.966,128.848,129.06,128.826,20128,257083337.0,0.18,-0.09,-0.118,6.97
2022-07-06,128.845,128.885,128.945,128.845,18150,231622532.0,0.08,0.03,0.037,6.28
2022-07-07,128.886,128.893,128.929,128.883,16991,216845484.0,0.04,0.01,0.008,5.88
2022-07-08,128.927,128.836,128.927,128.824,15768,201166294.0,0.08,-0.04,-0.057,5.46
2022-07-11,128.87,128.881,128.94,128.798,21185,270284128.0,0.11,0.03,0.045,7.33
2022-07-12,128.932,128.957,128.98,128.9,18004,229815325.0,0.06,0.06,0.076,6.23
2022-07-13,129.005,129.033,129.136,128.95,14529,185634178.0,0.14,0.06,0.076,5.03
2022-07-14,129.083,129.132,129.138,129.033,17042,217789366.0,0.08,0.08,0.099,5.9
2022-07-15,129.141,129.308,129.335,129.141,25101,321133971.0,0.15,0.14,0.176,8.69
2022-07-18,129.297,129.219,129.32,129.1,24288,310824229.0,0.17,-0.07,-0.089,8.41
2022-07-19,129.185,129.171,129.25,129.094,22267,284749775.0,0.12,-0.04,-0.048,7.71
2022-07-20,129.125,129.222,129.23,129.121,25316,323792539.0,0.08,0.04,0.051,8.76
2022-07-21,129.221,129.295,129.36,129.221,23721,303680471.0,0.11,0.06,0.073,8.21
2022-07-22,129.295,129.388,129.416,129.252,20490,262342348.0,0.13,0.07,0.093,7.09
2022-07-25,129.297,129.409,129.422,129.281,24852,318322010.0,0.11,0.02,0.021,8.6
2022-07-26,129.456,129.537,129.64,129.385,24250,311096121.0,0.2,0.1,0.128,8.39
2022-07-27,129.537,129.546,129.679,129.519,22543,289231234.0,0.12,0.01,0.009,7.8
2022-07-28,129.551,129.52,129.655,129.497,23495,301454805.0,0.12,-0.02,-0.026,8.13
2022-07-29,129.508,129.779,130.09,129.508,26313,338127151.0,0.45,0.2,0.259,9.11
2022-08-01,129.779,129.974,129.978,129.751,19065,245338058.0,0.17,0.15,0.195,6.6
2022-08-02,129.974,130.157,130.169,129.93,27242,350940338.0,0.18,0.14,0.183,9.43
2022-08-03,130.148,130.113,130.172,130.006,28683,369551151.0,0.13,-0.03,-0.044,9.93
2022-08-04,130.113,130.265,130.395,130.113,28363,365881447.0,0.22,0.12,0.152,9.82
2022-08-05,130.265,130.075,130.265,130.07,25034,322667817.0,0.15,-0.15,-0.19,8.66
2022-08-08,130.09,130.1,130.148,130.05,15164,195352977.0,0.08,0.02,0.025,5.25
2022-08-09,130.1,130.014,130.178,129.989,22511,289938507.0,0.15,-0.07,-0.086,7.79
2022-08-10,130.024,130.067,130.218,130.014,35008,451131785.0,0.16,0.04,0.053,12.12
2022-08-11,130.074,130.032,130.13,129.997,20068,258461990.0,0.1,-0.03,-0.035,6.94
2022-08-12,130.024,130.035,130.122,130.013,21984,283092397.0,0.08,0.0,0.003,7.61
2022-08-15,130.085,130.485,133.28,130.085,26739,345130789.0,2.46,0.35,0.45,9.25
2022-08-16,130.529,130.664,130.757,130.529,19516,252477716.0,0.17,0.14,0.179,6.75
2022-08-17,130.663,130.694,130.713,130.614,30688,397094081.0,0.08,0.02,0.03,10.62
2022-08-18,130.69,130.78,130.86,130.652,21631,280134507.0,0.16,0.07,0.086,7.49
2022-08-19,130.78,130.869,130.901,130.741,28603,370575260.0,0.12,0.07,0.089,9.9
2022-08-22,130.851,130.875,131.045,130.749,20172,261430027.0,0.23,0.0,0.006,6.98
2022-08-23,130.853,130.785,130.964,130.785,18695,242251758.0,0.14,-0.07,-0.09,6.47
2022-08-24,130.786,130.755,130.857,130.747,19789,256321957.0,0.08,-0.02,-0.03,6.85
2022-08-25,130.802,130.671,130.819,130.67,26560,343823453.0,0.11,-0.06,-0.084,9.19
2022-08-26,130.671,130.612,130.671,130.58,25405,328591304.0,0.07,-0.05,-0.059,8.79
2022-08-29,130.615,130.62,130.737,130.51,17613,227819089.0,0.17,0.01,0.008,6.1
2022-08-30,130.628,130.736,130.82,130.622,20117,260431144.0,0.15,0.09,0.116,6.96
2022-08-31,130.744,130.788,130.805,130.702,30075,389400205.0,0.08,0.04,0.052,10.41
2022-09-01,130.779,130.801,130.825,130.738,32015,414621440.0,0.07,0.01,0.013,11.08
2022-09-02,130.81,130.955,131.047,130.792,31422,407347513.0,0.19,0.12,0.154,10.87
2022-09-05,130.851,131.009,131.16,130.851,31597,409932280.0,0.24,0.04,0.054,10.93
2022-09-06,131.029,130.965,131.145,130.937,27940,362441164.0,0.16,-0.03,-0.044,9.67
2022-09-07,130.965,130.971,131.091,130.794,32553,422095671.0,0.23,0.0,0.006,11.27
2022-09-08,130.959,130.923,130.985,130.841,31109,403367671.0,0.11,-0.04,-0.048,10.77
2022-09-09,130.902,130.812,131.015,130.791,23555,305402882.0,0.17,-0.08,-0.111,8.15
2022-09-13,130.775,130.706,130.81,130.681,12440,161017030.0,0.1,-0.08,-0.106,4.31
2022-09-14,130.71,130.593,130.755,130.579,33422,432306776.0,0.13,-0.09,-0.113,11.57
2022-09-15,130.594,130.588,130.68,130.546,31893,412519653.0,0.1,0.0,-0.005,11.04
2022-09-16,130.568,130.473,130.587,130.38,24105,311472907.0,0.16,-0.09,-0.115,8.34
2022-09-19,130.431,130.488,130.58,130.426,13947,180234189.0,0.12,0.01,0.015,4.83
2022-09-20,130.488,130.632,130.667,130.479,30717,397237881.0,0.14,0.11,0.144,10.63
2022-09-21,130.651,130.658,130.738,130.604,27407,354567271.0,0.1,0.02,0.026,9.48
2022-09-22,130.697,130.655,130.708,130.639,30746,397833800.0,0.05,0.0,-0.003,10.64
2022-09-23,130.61,130.528,130.651,130.5,31788,410970064.0,0.12,-0.1,-0.127,11.0
2022-09-26,130.604,130.226,130.604,130.18,31614,408109313.0,0.32,-0.23,-0.302,10.94
2022-09-27,130.178,130.228,130.28,129.993,23055,297281391.0,0.22,0.0,0.002,7.98
2022-09-28,130.228,130.185,130.269,130.181,30719,396095392.0,0.07,-0.03,-0.043,10.63
2022-09-29,130.136,129.964,130.221,129.933,31354,403952804.0,0.22,-0.17,-0.221,10.85
2022-09-30,129.965,130.06,130.06,129.914,31806,409421344.0,0.11,0.07,0.096,11.01
2022-10-10,130.05,130.27,130.31,130.05,23061,297401160.0,0.2,0.16,0.21,7.98
2022-10-11,130.32,130.439,130.472,130.22,22298,287805577.0,0.19,0.13,0.169,7.72
2022-10-12,130.439,130.351,130.482,130.135,32067,414094353.0,0.27,-0.07,-0.088,11.1
2022-10-13,130.365,130.438,130.44,130.318,26592,343281481.0,0.09,0.07,0.087,9.2
2022-10-14,130.438,130.73,131.177,130.399,34742,449151388.0,0.6,0.22,0.292,12.02
2022-10-17,130.729,130.545,130.729,130.53,31835,411776094.0,0.15,-0.14,-0.185,11.02
2022-10-18,130.547,130.526,130.585,130.408,35190,454784003.0,0.14,-0.01,-0.019,12.18
2022-10-19,130.536,130.619,130.639,130.496,31138,402525631.0,0.11,0.07,0.093,10.78
2022-10-20,130.62,130.529,130.64,130.496,31034,401264886.0,0.11,-0.07,-0.09,10.74
2022-10-21,130.574,130.544,130.645,130.503,36384,470364357.0,0.11,0.01,0.015,12.59
2022-10-24,130.544,130.655,130.723,130.52,27223,352157389.0,0.16,0.09,0.111,9.42
2022-10-25,130.659,130.577,130.659,130.486,26622,344191209.0,0.13,-0.06,-0.078,9.21
2022-10-26,130.577,130.583,130.657,130.527,33508,433282865.0,0.1,0.0,0.006,11.6
2022-10-27,130.629,130.674,130.75,130.584,22981,297344793.0,0.13,0.07,0.091,7.95
2022-10-28,130.68,130.855,130.905,130.68,24361,315635739.0,0.17,0.14,0.181,8.43
2022-10-31,130.817,130.948,130.983,130.817,27150,352056010.0,0.13,0.07,0.093,9.4
2022-11-01,130.998,130.817,130.998,130.78,16774,217322545.0,0.17,-0.1,-0.131,5.8
2022-11-02,130.806,130.7,130.851,130.412,27185,351721849.0,0.34,-0.09,-0.117,9.41
2022-11-03,130.7,130.817,130.856,130.67,22911,296616196.0,0.14,0.09,0.117,7.93
2022-11-04,130.593,130.693,130.855,130.593,31681,410255695.0,0.2,-0.09,-0.124,10.96
2022-11-07,130.743,130.692,130.744,130.688,43830,567269168.0,0.04,0.0,-0.001,15.17
2022-11-08,130.69,130.721,130.723,130.654,34086,441124132.0,0.05,0.02,0.029,11.8
2022-11-09,130.693,130.79,130.825,130.693,6569,85067735.0,0.1,0.05,0.069,2.27
2022-11-10,130.795,130.699,130.839,130.68,31894,413058881.0,0.12,-0.07,-0.091,11.04
2022-11-11,130.681,130.447,130.748,130.322,24344,314964749.0,0.33,-0.19,-0.252,8.42
2022-11-14,130.447,130.101,130.447,130.032,15152,195244758.0,0.32,-0.27,-0.346,5.24
2022-11-15,130.051,129.96,130.051,129.789,32215,414489033.0,0.2,-0.11,-0.141,11.15
2022-11-16,129.958,129.761,130.08,129.75,19734,254017749.0,0.25,-0.15,-0.199,6.83
2022-11-17,129.761,129.92,129.925,129.71,34534,443857348.0,0.17,0.12,0.159,11.95
2022-11-18,129.91,129.85,130.069,129.785,54753,704511154.0,0.22,-0.05,-0.07,18.95
2022-11-21,129.867,130.089,130.14,129.867,27177,350061850.0,0.21,0.18,0.239,9.41
2022-11-22,130.08,130.143,130.385,129.949,44123,568582676.0,0.34,0.04,0.054,15.27
2022-11-23,130.135,130.363,130.463,130.135,40484,522278259.0,0.25,0.17,0.22,14.01
2022-11-24,130.413,130.523,130.613,130.413,64315,831153173.0,0.15,0.12,0.16,22.26
2022-11-25,130.524,130.28,130.572,130.28,46294,597824748.0,0.22,-0.19,-0.243,16.02
2022-11-28,130.47,130.043,130.47,130.026,44704,575825260.0,0.34,-0.18,-0.237,15.47
2022-11-29,130.03,129.694,130.042,129.592,16277,209180088.0,0.35,-0.27,-0.349,5.63
2022-11-30,129.7,129.788,129.83,129.7,17332,222718371.0,0.1,0.07,0.094,6.0
2022-12-01,129.738,129.862,129.899,129.593,54378,698693014.0,0.24,0.06,0.074,18.82
2022-12-02,129.911,129.901,129.955,129.866,50966,655615373.0,0.07,0.03,0.039,17.64
2022-12-05,129.862,129.844,129.923,129.812,67647,869890296.0,0.09,-0.04,-0.057,23.41
2022-12-06,129.795,129.711,129.842,129.686,95077,1221634398.0,0.12,-0.1,-0.133,32.9
2022-12-07,129.742,129.635,129.749,129.627,30263,388517532.0,0.09,-0.06,-0.076,10.47
2022-12-08,129.643,129.821,129.898,129.643,54384,698700720.0,0.2,0.14,0.186,18.82
2022-12-09,129.795,129.711,129.89,129.681,46866,602365771.0,0.16,-0.08,-0.11,16.22
2022-12-12,129.736,129.732,129.76,129.697,78992,1014609625.0,0.05,0.02,0.021,27.34
2022-12-13,129.744,129.435,129.745,129.4,71261,914898300.0,0.27,-0.23,-0.297,24.66
2022-12-14,129.435,129.7,129.75,129.435,22518,289146454.0,0.24,0.2,0.265,7.79
2022-12-15,129.736,129.781,129.86,129.69,25463,327312216.0,0.13,0.06,0.081,8.81
2022-12-16,129.733,129.749,129.829,129.68,24714,317606149.0,0.11,-0.02,-0.032,8.55
2022-12-19,129.799,129.937,129.98,129.799,30428,391532056.0,0.14,0.14,0.188,10.53
2022-12-20,129.95,129.949,130.049,129.941,43231,556390347.0,0.08,0.01,0.012,14.96
2022-12-21,129.949,129.879,129.949,129.779,24450,314422271.0,0.13,-0.05,-0.07,8.46
2022-12-22,129.879,129.92,129.941,129.879,27380,352203741.0,0.05,0.03,0.041,9.48
2022-12-23,129.929,129.958,129.969,129.913,53922,693636787.0,0.04,0.03,0.038,18.66
2022-12-26,129.96,129.907,130.008,129.864,28208,362789592.0,0.11,-0.04,-0.051,9.76
2022-12-27,129.906,129.921,130.075,129.89,30010,386479789.0,0.14,0.01,0.014,10.39
2022-12-28,129.97,130.106,130.114,129.93,23895,307715795.0,0.14,0.14,0.185,8.27
2022-12-29,130.106,130.177,130.234,130.08,41049,528951266.0,0.12,0.05,0.071,14.21
2022-12-30,130.227,130.384,130.572,130.18,2179,28133131.0,0.3,0.16,0.207,0.75
2023-01-03,130.434,130.347,130.495,130.336,64776,836731628.0,0.12,-0.03,-0.037,22.42
2023-01-04,130.334,130.568,130.67,130.311,29465,380604147.0,0.28,0.17,0.221,10.2
2023-01-05,130.568,130.501,130.613,130.476,35761,462246443.0,0.1,-0.05,-0.067,12.38
2023-01-06,130.551,130.237,130.551,130.231,31533,406829194.0,0.25,-0.2,-0.264,10.91
2023-01-09,130.236,130.24,130.299,130.224,27688,357056494.0,0.06,0.0,0.003,9.58
2023-01-10,130.237,130.165,130.253,130.135,34059,439056191.0,0.09,-0.06,-0.075,11.79
2023-01-11,130.165,130.03,130.165,129.998,34832,448467430.0,0.13,-0.1,-0.135,12.05
2023-01-12,130.018,130.065,130.101,130.018,43170,556077360.0,0.06,0.03,0.035,14.94
2023-01-13,130.1,130.093,130.114,130.015,55751,718060483.0,0.08,0.02,0.028,19.29
2023-01-16,130.066,129.99,130.067,129.96,16720,215203731.0,0.08,-0.08,-0.103,5.79
2023-01-17,129.99,129.999,130.012,129.971,34600,445342878.0,0.03,0.01,0.009,11.97
2023-01-18,130.011,129.98,130.09,129.95,43955,565976119.0,0.11,-0.01,-0.019,15.21
2023-01-19,129.98,130.009,130.01,129.95,49355,635202640.0,0.05,0.02,0.029,17.08
2023-01-20,130.058,130.134,130.137,130.011,4361,56155476.0,0.1,0.1,0.125,1.51
2023-01-30,130.134,130.134,130.174,130.071,44877,578274147.0,0.08,0.0,0.0,15.53
2023-01-31,130.134,130.118,130.186,130.01,37368,481491718.0,0.14,-0.01,-0.016,12.93
2023-02-01,130.121,130.167,130.204,130.111,33848,436211692.0,0.07,0.04,0.049,11.71
2023-02-02,130.167,130.252,130.267,130.148,23496,302898711.0,0.09,0.07,0.085,8.13
2023-02-03,130.252,130.298,130.32,130.252,34394,443810960.0,0.05,0.04,0.046,11.9
2023-02-06,130.299,130.236,130.347,130.181,21820,281434132.0,0.13,-0.05,-0.062,7.55
2023-02-07,130.248,130.255,130.263,130.207,49729,641336162.0,0.04,0.01,0.019,17.21
2023-02-08,130.279,130.298,130.34,130.255,77599,1001281564.0,0.07,0.03,0.043,26.85
2023-02-09,130.3,130.308,130.33,130.267,58704,757320802.0,0.05,0.01,0.01,20.32
2023-02-10,130.309,130.359,130.364,130.309,44569,575246171.0,0.04,0.04,0.051,15.42
2023-02-13,130.379,130.369,130.408,130.359,34659,447465052.0,0.04,0.01,0.01,11.99
2023-02-14,130.361,130.373,130.397,130.326,87311,1127146905.0,0.05,0.0,0.004,30.22
2023-02-15,130.377,130.379,130.422,130.333,52530,678053550.0,0.07,0.0,0.006,18.18
2023-02-16,130.38,130.367,130.42,130.329,15263,197081412.0,0.07,-0.01,-0.012,5.28
2023-02-17,130.38,130.382,130.414,130.336,34858,450045924.0,0.06,0.01,0.015,12.06
2023-02-20,130.424,130.288,130.432,130.28,30785,397390564.0,0.12,-0.07,-0.094,10.65
2023-02-21,130.288,130.247,130.288,130.238,47602,614015767.0,0.04,-0.03,-0.041,16.47
2023-02-22,130.256,130.272,130.329,130.256,13636,175907187.0,0.06,0.02,0.025,4.72
2023-02-23,130.271,130.27,130.31,130.26,36937,476460250.0,0.04,0.0,-0.002,12.78
2023-02-24,130.318,130.273,130.318,130.27,23678,305451613.0,0.04,0.0,0.003,8.19
2023-02-27,130.273,130.252,130.312,130.201,24690,318482262.0,0.09,-0.02,-0.021,8.54
2023-02-28,130.301,130.234,130.301,130.203,37093,478467792.0,0.08,-0.01,-0.018,12.84
2023-03-01,130.236,130.243,130.271,130.236,62552,806801213.0,0.03,0.01,0.009,21.65
2023-03-02,130.257,130.271,130.291,130.24,5544,71505720.0,0.04,0.02,0.028,1.92
2023-03-03,130.27,130.254,130.281,130.233,18943,244311120.0,0.04,-0.01,-0.017,6.56
2023-03-06,130.241,130.343,130.348,130.241,23218,299591651.0,0.08,0.07,0.089,8.03
2023-03-07,130.343,130.443,130.449,130.336,5842,75427720.0,0.09,0.08,0.1,2.02
2023-03-08,130.446,130.512,130.543,130.398,18116,234135700.0,0.11,0.05,0.069,6.27
2023-03-09,130.515,130.531,130.549,130.515,17066,220584742.0,0.03,0.01,0.019,5.91
2023-03-10,130.541,130.58,130.622,130.51,30005,387949673.0,0.09,0.04,0.049,10.38
2023-03-13,130.538,130.575,130.626,130.538,18028,233153691.0,0.07,0.0,-0.005,6.24
2023-03-14,130.575,130.618,130.637,130.552,33108,428180717.0,0.07,0.03,0.043,11.46
2023-03-15,130.586,130.587,130.618,130.576,21349,276046248.0,0.03,-0.02,-0.031,7.39
2023-03-16,130.592,130.646,130.655,130.592,21689,280565651.0,0.05,0.05,0.059,7.51
2023-03-17,130.622,130.716,130.747,130.597,23759,307508621.0,0.11,0.05,0.07,8.22
2023-03-20,130.766,130.801,130.844,130.68,29706,384822322.0,0.13,0.07,0.085,10.28
2023-03-21,130.851,130.739,130.851,130.68,25054,324455752.0,0.13,-0.05,-0.062,8.67
2023-03-22,130.708,130.733,130.78,130.633,32170,416345391.0,0.11,0.0,-0.006,11.13
2023-03-23,130.692,130.707,130.774,130.687,30417,393736141.0,0.07,-0.02,-0.026,10.53
2023-03-24,130.687,130.653,130.749,130.63,38251,495143000.0,0.09,-0.04,-0.054,13.24
2023-03-27,130.653,130.663,130.695,130.564,10455,135275008.0,0.1,0.01,0.01,3.62
2023-03-28,130.665,130.687,130.709,130.665,19520,252609750.0,0.03,0.02,0.024,6.76
2023-03-29,130.729,130.715,130.737,130.648,44493,575964626.0,0.07,0.02,0.028,15.4
2023-03-30,130.68,130.75,130.79,130.68,18134,234813430.0,0.08,0.03,0.035,6.28
2023-03-31,130.8,130.76,130.83,130.75,33838,438278396.0,0.06,0.01,0.01,11.71
2023-04-03,130.761,130.75,130.81,130.731,66325,858684593.0,0.06,-0.01,-0.01,22.95
2023-04-04,130.73,130.794,130.794,130.701,40258,521251685.0,0.07,0.03,0.044,13.93
2023-04-06,130.79,130.834,130.84,130.779,38497,498720583.0,0.05,0.03,0.04,13.32
2023-04-07,130.818,130.867,130.87,130.806,37441,485104728.0,0.05,0.03,0.033,12.96
2023-04-10,130.867,130.977,131.06,130.854,25760,333953672.0,0.16,0.08,0.11,8.91
2023-04-11,130.977,131.022,131.155,130.928,38753,502848404.0,0.17,0.03,0.045,13.41
2023-04-12,131.021,131.055,131.072,131.021,16850,218679971.0,0.04,0.03,0.033,5.83
2023-04-13,131.055,131.026,131.105,131.005,30850,400369521.0,0.08,-0.02,-0.029,10.68
2023-04-14,131.046,130.991,131.046,130.977,20276,263055562.0,0.05,-0.03,-0.035,7.02
2023-04-17,130.99,130.963,131.025,130.944,29356,380724162.0,0.06,-0.02,-0.028,10.16
2023-04-18,130.954,131.016,131.023,130.949,45828,594485236.0,0.06,0.04,0.053,15.86
2023-04-19,131.015,131.092,131.186,131.015,17699,229741690.0,0.13,0.06,0.076,6.13
2023-04-20,131.081,131.072,131.103,131.002,28781,373608235.0,0.08,-0.02,-0.02,9.96
2023-04-21,131.072,131.131,131.137,131.072,24726,321034926.0,0.05,0.05,0.059,8.56
2023-04-24,131.129,131.164,131.255,131.118,35063,455448043.0,0.1,0.03,0.033,12.13
2023-04-25,131.166,131.174,131.214,131.142,31477,408847633.0,0.05,0.01,0.01,10.89
2023-04-26,131.174,131.175,131.209,131.144,28067,364590936.0,0.05,0.0,0.001,9.71
2023-04-27,131.19,131.358,131.37,131.19,20789,270325325.0,0.14,0.14,0.183,7.19
2023-04-28,131.372,131.415,131.45,131.313,24639,320591751.0,0.1,0.04,0.057,8.53
2023-05-04,131.465,131.527,131.565,131.416,19461,253466721.0,0.11,0.09,0.112,6.73
2023-05-05,131.527,131.759,131.792,131.478,24226,315989504.0,0.24,0.18,0.232,8.38
2023-05-08,131.755,131.695,131.79,131.653,7382,96275702.0,0.1,-0.05,-0.064,2.55
2023-05-09,131.743,131.743,131.85,131.681,20516,267672810.0,0.13,0.04,0.048,7.1
2023-05-10,131.747,131.913,131.92,131.747,25766,336510386.0,0.13,0.13,0.17,8.92
2023-05-11,132.03,132.091,132.178,131.965,33491,437941268.0,0.16,0.13,0.178,11.59
2023-05-12,132.089,132.02,132.16,131.983,13655,178576886.0,0.13,-0.05,-0.071,4.73
2023-05-15,132.029,132.09,132.212,132.029,15318,200415198.0,0.14,0.05,0.07,5.3
2023-05-16,132.088,132.02,132.09,132.0,23216,303530877.0,0.07,-0.05,-0.07,8.03
2023-05-17,132.027,132.008,132.066,131.972,34685,453442925.0,0.07,-0.01,-0.012,12.0
2023-05-18,132.008,131.968,132.008,131.807,29491,385304464.0,0.15,-0.03,-0.04,10.21
2023-05-19,131.953,132.054,132.06,131.928,13746,179691762.0,0.1,0.07,0.086,4.76
2023-05-22,132.056,132.215,132.221,132.055,40847,534641899.0,0.13,0.12,0.161,14.14
2023-05-23,132.25,132.54,132.581,132.216,24308,318730703.0,0.28,0.25,0.325,8.41
2023-05-24,132.58,132.463,132.581,132.362,34021,446224481.0,0.17,-0.06,-0.077,11.77
2023-05-25,132.466,132.3,132.466,132.259,32659,427920134.0,0.16,-0.12,-0.163,11.3
2023-05-26,132.34,132.294,132.429,132.28,47512,622821176.0,0.11,0.0,-0.006,16.44
2023-05-29,132.248,132.324,132.366,132.08,23610,309136094.0,0.22,0.02,0.03,8.17
2023-05-30,132.34,132.43,132.47,132.34,33462,438790462.0,0.1,0.08,0.106,11.58
2023-05-31,132.43,132.498,132.581,132.43,37618,493565554.0,0.11,0.05,0.068,13.02
2023-06-01,132.452,132.606,132.628,132.452,28477,373875153.0,0.13,0.08,0.108,9.85
2023-06-02,132.621,132.428,132.635,132.356,32985,433163511.0,0.21,-0.13,-0.178,11.41
2023-06-05,132.38,132.559,132.579,132.38,8265,108493412.0,0.15,0.1,0.131,2.86
2023-06-06,132.559,132.608,132.627,132.559,23186,304476578.0,0.05,0.04,0.049,8.02
2023-06-07,132.656,132.733,132.737,132.614,32481,426881688.0,0.09,0.09,0.125,11.24
2023-06-08,132.733,132.673,132.74,132.63,28282,371697104.0,0.08,-0.05,-0.06,9.79
2023-06-09,132.632,132.75,132.798,132.632,13942,183219806.0,0.13,0.06,0.077,4.82
2023-06-12,132.777,132.824,132.839,132.732,33844,445018420.0,0.08,0.06,0.074,11.71
2023-06-13,132.825,132.97,133.009,132.825,31430,413960267.0,0.14,0.11,0.146,10.88
2023-06-14,132.973,133.065,133.099,132.973,34686,457082368.0,0.09,0.07,0.095,12.0
2023-06-15,133.06,132.717,133.064,128.06,23959,315448792.0,3.76,-0.26,-0.348,8.29
2023-06-16,132.618,132.438,132.785,132.331,26094,342938153.0,0.34,-0.21,-0.279,9.03
2023-06-19,132.462,132.476,132.577,132.439,14489,190087260.0,0.1,0.03,0.038,5.01
2023-06-20,132.426,132.502,132.525,132.426,23121,303408221.0,0.07,0.02,0.026,8.0
2023-06-21,132.51,132.64,132.643,132.51,8069,105985474.0,0.1,0.1,0.138,2.79
2023-06-26,132.647,132.719,132.722,132.647,17688,232480019.0,0.06,0.06,0.079,6.12
2023-06-27,132.719,132.643,132.73,132.549,18489,242885290.0,0.14,-0.06,-0.076,6.4
2023-06-28,132.641,132.665,132.685,132.641,18874,247996931.0,0.03,0.02,0.022,6.53
2023-06-29,132.668,132.631,132.707,132.631,24742,325114694.0,0.06,-0.03,-0.034,8.56
2023-06-30,132.68,132.809,132.812,132.672,17665,232139968.0,0.11,0.13,0.178,6.11
2023-07-03,132.859,132.869,132.925,132.781,33780,444419539.0,0.11,0.05,0.06,11.69
2023-07-04,132.869,132.847,132.986,132.82,1938,25514973.0,0.12,-0.02,-0.022,0.67
2023-07-05,132.851,133.036,133.038,132.851,2447,32224900.0,0.14,0.14,0.189,0.85
2023-07-06,133.045,133.079,133.127,132.986,7248,95530754.0,0.11,0.03,0.043,2.51
2023-07-07,133.047,133.092,133.128,133.047,12351,162804073.0,0.06,0.01,0.013,4.27
2023-07-10,133.091,133.084,133.12,132.991,38836,511772671.0,0.1,-0.01,-0.008,13.44
2023-07-11,133.079,133.1,133.133,133.079,15704,207039614.0,0.04,0.01,0.016,5.43
2023-07-12,133.104,133.097,133.118,133.051,27915,367976034.0,0.05,0.0,-0.003,9.66
2023-07-13,133.088,133.079,133.107,133.047,22041,290526284.0,0.05,-0.01,-0.018,7.63
2023-07-14,133.081,133.038,133.081,132.991,38272,504254287.0,0.07,-0.03,-0.041,13.24
2023-07-17,133.038,133.13,133.149,133.038,19564,257905657.0,0.08,0.07,0.092,6.77
2023-07-18,133.134,133.212,133.238,133.134,18657,246126131.0,0.08,0.06,0.082,6.46
2023-07-19,133.222,133.246,133.338,133.212,26977,356021905.0,0.09,0.03,0.034,9.34
2023-07-20,133.246,133.243,133.246,133.198,18669,246320038.0,0.04,0.0,-0.003,6.46
2023-07-21,133.292,133.376,133.378,133.243,20426,269689961.0,0.1,0.1,0.133,7.07
2023-07-24,133.349,133.412,133.466,133.329,19778,261327026.0,0.1,0.03,0.036,6.84
2023-07-25,133.262,133.081,133.262,133.08,32774,432118881.0,0.14,-0.25,-0.331,11.34
2023-07-26,133.08,133.105,133.108,132.88,49935,658099492.0,0.17,0.02,0.024,17.28
2023-07-27,133.118,133.217,133.226,133.115,29896,394288126.0,0.08,0.08,0.112,10.35
2023-07-28,133.2,133.126,133.278,133.06,40530,534588534.0,0.16,-0.07,-0.091,14.03
2023-07-31,133.116,133.007,133.116,132.781,38139,502367084.0,0.25,-0.09,-0.119,13.2
2023-08-01,133.01,133.101,133.16,133.01,38412,506379659.0,0.11,0.07,0.094,13.29
2023-08-02,133.102,133.106,133.151,133.097,35022,461744090.0,0.04,0.0,0.005,12.12
2023-08-03,133.11,133.163,133.179,133.11,28023,369558033.0,0.05,0.04,0.057,9.7
2023-08-04,133.163,133.207,133.313,133.114,8637,113936478.0,0.15,0.03,0.044,2.99
2023-08-07,133.257,133.263,133.276,133.239,31109,410608196.0,0.03,0.04,0.056,10.77
2023-08-08,133.266,133.29,133.299,133.256,23325,307883107.0,0.03,0.02,0.027,8.07
2023-08-09,133.34,133.315,133.34,133.24,25941,342502890.0,0.08,0.02,0.025,8.98
2023-08-10,133.306,133.264,133.33,133.243,28507,376273673.0,0.07,-0.04,-0.051,9.87
2023-08-11,133.264,133.302,133.321,133.264,32870,433937190.0,0.04,0.03,0.038,11.38
2023-08-14,133.317,133.368,133.401,133.317,32210,425453103.0,0.06,0.05,0.066,11.15
2023-08-15,133.368,133.641,133.759,133.368,18317,242331532.0,0.29,0.2,0.273,6.34
2023-08-16,133.66,133.712,133.78,133.66,40170,532053169.0,0.09,0.05,0.071,13.9
2023-08-17,133.732,133.67,133.758,133.591,50072,662992562.0,0.12,-0.03,-0.042,17.33
2023-08-18,133.67,133.737,133.762,133.625,33130,438689398.0,0.1,0.05,0.067,11.47
2023-08-21,133.753,133.858,133.874,133.753,32990,437185078.0,0.09,0.09,0.121,11.42
2023-08-22,133.858,133.784,133.895,133.58,35735,473578700.0,0.24,-0.06,-0.074,12.37
2023-08-23,133.786,133.771,133.827,133.748,32232,427080198.0,0.06,-0.01,-0.013,11.15
2023-08-24,133.741,133.74,133.801,133.714,34923,462600724.0,0.07,-0.02,-0.031,12.09
2023-08-25,133.747,133.677,133.79,133.665,26396,349582933.0,0.09,-0.05,-0.063,9.13
2023-08-28,133.455,133.512,133.552,132.135,36151,477962129.0,1.06,-0.12,-0.165,12.51
2023-08-29,133.531,133.35,133.66,133.309,27171,358904360.0,0.26,-0.12,-0.162,9.4
2023-08-30,133.301,133.603,133.673,133.29,37123,491143561.0,0.29,0.19,0.253,12.85
2023-08-31,133.605,133.629,133.665,133.595,29511,390606086.0,0.05,0.02,0.026,10.21
2023-09-01,133.585,133.488,133.59,133.479,29137,385365357.0,0.08,-0.11,-0.141,10.08
2023-09-04,133.41,133.168,133.41,133.071,26614,351146844.0,0.25,-0.24,-0.32,9.21
2023-09-05,133.245,133.263,133.277,133.191,34148,450689636.0,0.06,0.07,0.095,11.82
2023-09-06,133.269,133.163,133.324,133.133,45076,594859280.0,0.14,-0.08,-0.1,15.6
2023-09-07,133.161,133.002,133.161,132.985,27480,362147293.0,0.13,-0.12,-0.161,9.51
2023-09-08,133.055,133.107,133.129,133.042,29664,391031766.0,0.07,0.08,0.105,10.27
2023-09-11,133.107,133.107,133.164,133.052,28002,369167353.0,0.08,0.0,0.0,9.69
2023-09-12,133.107,133.13,133.198,133.099,17140,226038468.0,0.07,0.02,0.023,5.93
2023-09-13,133.168,133.264,133.315,133.15,35354,466676446.0,0.12,0.1,0.134,12.23
2023-09-14,133.23,133.331,133.357,133.23,38508,508389498.0,0.1,0.05,0.067,13.33
2023-09-15,133.33,133.265,133.35,133.246,25571,337515666.0,0.08,-0.05,-0.066,8.85
2023-09-18,133.215,133.123,133.215,133.08,29555,389654351.0,0.1,-0.11,-0.142,10.23
2023-09-19,133.152,133.108,133.152,133.093,25879,341219746.0,0.04,-0.01,-0.015,8.96
2023-09-20,133.108,133.056,133.119,133.045,22783,300281036.0,0.06,-0.04,-0.052,7.88
2023-09-21,133.056,133.153,133.175,133.007,26749,352695114.0,0.13,0.07,0.097,9.26
2023-09-22,133.153,133.058,133.18,133.048,26261,346221592.0,0.1,-0.07,-0.095,9.09
2023-09-25,133.057,133.031,133.18,133.029,31232,411669555.0,0.11,-0.02,-0.027,10.81
2023-09-26,132.984,132.882,133.043,132.847,33886,446313628.0,0.15,-0.11,-0.149,11.73
2023-09-27,132.883,132.584,132.929,132.581,3745,49205761.0,0.26,-0.22,-0.298,1.3
2023-09-28,132.932,133.162,133.24,132.87,27356,360752444.0,0.28,0.44,0.578,9.47
2023-10-09,133.163,133.273,133.329,133.144,23688,312652565.0,0.14,0.08,0.111,8.2
2023-10-10,133.236,133.179,133.289,133.173,27877,367859102.0,0.09,-0.07,-0.094,9.65
2023-10-11,133.14,132.939,133.162,132.89,23312,307138057.0,0.2,-0.18,-0.24,8.07
2023-10-12,132.889,132.92,132.96,132.74,34944,459807435.0,0.17,-0.01,-0.019,12.09
2023-10-13,132.924,133.029,133.057,132.924,25687,338376288.0,0.1,0.08,0.109,8.89
2023-10-16,133.079,133.043,133.18,133.021,47490,625810972.0,0.12,0.01,0.014,16.43
2023-10-17,133.013,132.978,133.017,132.946,40160,528878663.0,0.05,-0.05,-0.065,13.9
2023-10-18,132.978,132.953,133.003,132.937,28848,379928341.0,0.05,-0.02,-0.025,9.98
2023-10-19,132.907,132.718,132.933,131.506,42310,556641030.0,1.07,-0.18,-0.235,14.64
2023-10-20,132.718,132.82,132.859,132.718,29304,385371929.0,0.11,0.08,0.102,10.14
2023-10-23,132.88,132.942,132.955,132.878,35683,469834574.0,0.06,0.09,0.122,12.35
2023-10-24,132.912,132.88,132.927,132.824,27500,361975223.0,0.08,-0.05,-0.062,9.52
2023-10-25,132.881,133.034,133.059,132.812,19847,261317852.0,0.19,0.12,0.154,6.87
2023-10-26,133.036,133.19,133.201,133.036,28836,380318363.0,0.12,0.12,0.156,9.98
2023-10-27,133.19,133.13,133.255,133.113,27313,360238494.0,0.11,-0.05,-0.06,9.45
2023-10-30,133.127,133.306,133.349,133.127,26887,354822534.0,0.17,0.13,0.176,9.3
2023-10-31,133.281,133.346,133.403,133.281,27278,360303314.0,0.09,0.03,0.04,9.44
2023-11-01,133.43,133.373,133.43,133.331,27528,363597904.0,0.07,0.02,0.027,9.53
2023-11-02,133.376,133.471,133.483,133.363,27548,364126128.0,0.09,0.07,0.098,9.53
2023-11-03,133.461,133.462,133.572,133.385,29496,389886213.0,0.14,-0.01,-0.009,10.21
2023-11-06,133.46,133.425,133.46,133.371,29974,396096233.0,0.07,-0.03,-0.037,10.37
2023-11-07,133.425,133.46,133.49,133.425,29705,392697354.0,0.05,0.03,0.035,10.28
2023-11-08,133.475,133.473,133.475,133.383,28572,377615800.0,0.07,0.01,0.013,9.89
2023-11-09,133.518,133.48,133.545,133.451,39085,516764697.0,0.07,0.01,0.007,13.53
2023-11-10,133.481,133.485,133.518,133.443,28517,376994077.0,0.06,0.0,0.005,9.87
2023-11-13,133.484,133.643,133.714,133.448,46505,615227094.0,0.2,0.12,0.158,16.09
2023-11-14,133.641,133.632,133.641,133.536,29665,392512751.0,0.08,-0.01,-0.011,10.27
2023-11-15,133.632,133.629,133.647,133.586,31885,421971382.0,0.05,0.0,-0.003,11.03
2023-11-16,133.61,133.705,133.725,133.61,27902,369450386.0,0.09,0.06,0.076,9.66
2023-11-17,133.706,133.717,133.75,133.652,28266,374291714.0,0.07,0.01,0.012,9.78
2023-11-20,133.746,133.647,133.746,133.635,33507,443597853.0,0.08,-0.05,-0.07,11.6
2023-11-21,133.615,133.586,133.63,133.544,27321,361522071.0,0.06,-0.05,-0.061,9.45
2023-11-22,133.586,133.435,133.586,133.411,28070,371105577.0,0.13,-0.11,-0.151,9.71
2023-11-23,133.45,133.27,133.45,133.21,27811,367208779.0,0.18,-0.12,-0.165,9.62
2023-11-24,133.318,133.366,133.459,133.29,26883,355049262.0,0.13,0.07,0.096,9.3
2023-11-27,133.32,133.347,133.42,133.285,30525,403162654.0,0.1,-0.01,-0.019,10.56
2023-11-28,133.35,133.335,133.506,133.28,36535,482504162.0,0.17,-0.01,-0.012,12.64
2023-11-29,133.336,133.287,133.355,133.281,43993,580900954.0,0.06,-0.04,-0.048,15.22
2023-11-30,133.3,133.381,133.422,133.29,31820,420419477.0,0.1,0.07,0.094,11.01
2023-12-01,133.431,133.48,133.58,133.425,46148,610146584.0,0.12,0.07,0.099,15.97
2023-12-04,133.48,133.385,133.539,133.374,44993,594621236.0,0.12,-0.07,-0.095,15.57
2023-12-05,133.387,133.371,133.404,133.347,22145,292521389.0,0.04,-0.01,-0.014,7.66
2023-12-06,133.371,133.353,133.404,133.323,34370,454050433.0,0.06,-0.01,-0.018,11.89
2023-12-07,133.353,133.424,133.432,133.335,34286,453052722.0,0.07,0.05,0.071,11.87
2023-12-08,133.519,133.49,133.548,133.468,32707,432516448.0,0.06,0.05,0.066,11.32
2023-12-11,133.545,133.675,133.711,133.545,30451,403067643.0,0.12,0.14,0.185,10.54
2023-12-12,133.675,133.663,133.713,133.634,33835,447930163.0,0.06,-0.01,-0.012,11.71
2023-12-13,133.681,133.845,133.894,133.681,22260,294983516.0,0.16,0.14,0.182,7.7
2023-12-14,133.851,133.721,133.851,133.7,18697,247695562.0,0.11,-0.09,-0.124,6.47
2023-12-15,133.749,133.838,133.853,133.732,33805,448072693.0,0.09,0.09,0.117,11.7
2023-12-18,133.854,133.945,133.98,133.854,32852,435803161.0,0.09,0.08,0.107,11.37
2023-12-19,133.952,133.932,133.962,133.91,34199,453695956.0,0.04,-0.01,-0.013,11.84
2023-12-20,133.934,133.841,133.979,133.833,33343,442207626.0,0.11,-0.07,-0.091,11.54
2023-12-21,133.843,133.89,133.919,133.801,29682,393473151.0,0.09,0.04,0.049,10.27
2023-12-22,133.981,134.067,134.097,133.943,14535,192990701.0,0.12,0.13,0.177,5.03
2023-12-25,134.117,134.175,134.209,134.066,10951,145467781.0,0.11,0.08,0.108,3.79
2023-12-26,134.18,134.277,134.395,134.147,19286,256504978.0,0.18,0.08,0.102,6.67
2023-12-27,134.339,134.406,134.439,134.339,31812,423501805.0,0.07,0.1,0.129,11.01
2023-12-28,134.459,134.525,134.68,134.387,7875,104887087.0,0.22,0.09,0.119,2.73
2023-12-29,134.542,134.643,134.667,134.542,26287,350506070.0,0.09,0.09,0.118,9.1
2024-01-02,134.644,134.532,134.644,134.31,31664,422059052.0,0.25,-0.08,-0.111,10.96
2024-01-03,134.495,134.497,134.527,134.435,41739,555849698.0,0.07,-0.03,-0.035,14.44
2024-01-04,134.485,134.6,134.674,134.451,4005,53394226.0,0.17,0.08,0.103,1.39
2024-01-05,134.598,134.737,134.872,134.563,3307,44113446.0,0.23,0.1,0.137,1.14
2024-01-08,134.724,134.703,134.979,134.64,30614,408421848.0,0.25,-0.03,-0.034,10.59
2024-01-09,134.702,134.724,134.766,134.69,29256,390354639.0,0.06,0.02,0.021,10.12
2024-01-10,134.749,134.707,134.767,134.676,22250,296839811.0,0.07,-0.01,-0.017,7.7
2024-01-11,134.708,134.74,134.756,134.649,27339,364757465.0,0.08,0.02,0.033,9.46
2024-01-12,134.779,134.697,134.779,134.534,26873,358434741.0,0.18,-0.03,-0.043,9.3
2024-01-15,134.697,134.653,134.736,134.647,61964,826566021.0,0.07,-0.03,-0.044,21.44
2024-01-16,134.611,134.562,134.639,134.56,46331,617761839.0,0.06,-0.07,-0.091,16.03
2024-01-17,134.544,134.659,134.659,134.544,42925,572341542.0,0.09,0.07,0.097,14.85
2024-01-18,134.695,134.63,134.837,134.614,42701,569876312.0,0.17,-0.02,-0.029,14.78
2024-01-19,134.72,134.855,134.855,134.72,50477,673929522.0,0.1,0.17,0.225,17.47
2024-01-22,134.857,134.917,134.98,134.828,30624,409094798.0,0.11,0.05,0.062,10.6
2024-01-23,134.917,134.839,134.917,134.782,31376,418987630.0,0.1,-0.06,-0.078,10.86
2024-01-24,134.791,134.792,134.878,134.776,14214,189815057.0,0.08,-0.03,-0.047,4.92
2024-01-25,134.844,134.962,135.001,134.844,16875,225569346.0,0.12,0.13,0.17,5.84
2024-01-26,135.03,135.055,135.127,135.027,40995,548326574.0,0.07,0.07,0.093,14.19
2024-01-29,135.055,135.101,135.105,135.034,30873,413130976.0,0.05,0.03,0.046,10.68
2024-01-30,135.296,135.447,135.588,135.198,36493,489255910.0,0.29,0.26,0.346,12.63
2024-01-31,135.55,135.48,135.67,135.398,25205,338210701.0,0.2,0.02,0.033,8.72
2024-02-01,135.4,135.358,135.457,135.224,34043,456351073.0,0.17,-0.09,-0.122,11.78
2024-02-02,135.343,135.346,135.37,135.311,40738,546118929.0,0.04,-0.01,-0.012,14.1
2024-02-05,135.602,135.504,135.67,135.449,34413,461796508.0,0.16,0.12,0.158,11.91
2024-02-06,135.425,135.303,135.45,135.25,42677,572060128.0,0.15,-0.15,-0.201,14.77
2024-02-07,135.249,135.241,135.51,135.025,15312,205142624.0,0.36,-0.05,-0.062,5.3
2024-02-08,135.475,135.48,135.48,135.282,25645,343927269.0,0.15,0.18,0.239,8.87
2024-02-19,135.399,135.44,135.458,135.306,38908,521972404.0,0.11,-0.03,-0.04,13.46
2024-02-20,135.428,135.482,135.5,135.41,35983,482744989.0,0.07,0.03,0.042,12.45
2024-02-21,135.532,135.565,135.707,135.44,29469,395684697.0,0.2,0.06,0.083,10.2
2024-02-22,135.565,135.623,135.637,135.511,26980,362284554.0,0.09,0.04,0.058,9.34
2024-02-23,135.76,135.789,135.858,135.667,36790,494736824.0,0.14,0.12,0.166,12.73
2024-02-26,135.779,135.801,135.846,135.69,25915,348596463.0,0.11,0.01,0.012,8.97
2024-02-27,135.831,135.839,135.892,135.808,28539,384026914.0,0.06,0.03,0.038,9.88
2024-02-28,135.805,135.85,135.877,135.778,25255,339736624.0,0.07,0.01,0.011,8.74
2024-02-29,135.861,135.901,135.919,135.86,54219,729932059.0,0.04,0.04,0.051,18.76
2024-03-01,135.88,135.82,135.904,135.81,52223,702672881.0,0.07,-0.06,-0.081,18.07
2024-03-04,135.787,135.825,135.846,135.705,43927,591032483.0,0.1,0.0,0.005,15.2
2024-03-05,135.807,135.83,135.858,135.781,41925,564130439.0,0.06,0.0,0.005,14.51
2024-03-06,135.92,136.01,136.014,135.86,37172,500761277.0,0.11,0.13,0.18,12.86
2024-03-07,136.235,136.126,136.235,136.022,37630,507391105.0,0.16,0.09,0.116,13.02
2024-03-08,136.124,136.073,136.153,136.0,43724,589453577.0,0.11,-0.04,-0.053,15.13
2024-03-11,135.976,135.988,136.072,135.951,42286,569558883.0,0.09,-0.06,-0.085,14.63
2024-03-12,135.888,135.861,135.94,135.788,41780,562296870.0,0.11,-0.09,-0.127,14.46
2024-03-13,135.749,135.824,135.835,135.654,39384,529420557.0,0.13,-0.03,-0.037,13.63
2024-03-14,135.793,135.751,135.793,135.693,34673,466290866.0,0.07,-0.05,-0.073,12.0
2024-03-15,135.779,135.834,135.883,135.772,41887,563565878.0,0.08,0.06,0.083,14.5
2024-03-18,135.824,135.957,135.96,135.814,41509,558782778.0,0.11,0.09,0.123,14.36
2024-03-19,135.96,136.063,136.072,135.96,34378,463246829.0,0.08,0.08,0.106,11.9
2024-03-20,136.057,136.039,136.074,136.014,67407,908402705.0,0.04,-0.02,-0.024,23.33
2024-03-21,135.989,136.063,136.071,135.904,35896,483576756.0,0.12,0.02,0.024,12.42
2024-03-22,136.12,136.096,136.18,136.063,38493,518969632.0,0.09,0.02,0.033,13.32
2024-03-25,135.96,136.032,136.056,135.938,41118,553835634.0,0.09,-0.05,-0.064,14.23
2024-03-26,135.985,136.017,136.024,135.978,31516,424598115.0,0.03,-0.01,-0.015,10.91
2024-03-27,136.012,136.071,136.092,136.001,40304,543158055.0,0.07,0.04,0.054,13.95
2024-03-28,136.128,136.055,136.128,136.036,2827,38109293.0,0.07,-0.01,-0.016,0.98
2024-03-29,136.087,136.203,136.213,136.059,40632,548002566.0,0.11,0.11,0.148,14.06
2024-04-01,136.205,136.158,136.206,136.096,30373,409613209.0,0.08,-0.03,-0.045,10.51
2024-04-02,136.158,136.206,136.21,136.158,37738,509095249.0,0.04,0.04,0.048,13.06
2024-04-03,136.256,136.343,136.35,136.248,34318,463414435.0,0.07,0.1,0.137,11.88
2024-04-08,136.343,136.51,136.538,136.332,31544,426404639.0,0.15,0.12,0.167,10.92
2024-04-09,136.51,136.635,136.653,136.462,41409,560376532.0,0.14,0.09,0.125,14.33
2024-04-10,136.567,136.649,136.68,136.538,52895,715854808.0,0.1,0.01,0.014,18.31
2024-04-11,136.65,136.674,136.737,136.648,39365,533063942.0,0.07,0.02,0.025,13.62
2024-04-12,136.717,136.849,136.879,136.717,39987,541980870.0,0.12,0.13,0.175,13.84
2024-04-15,136.855,136.83,136.925,136.822,30803,417584221.0,0.08,-0.01,-0.019,10.66
2024-04-16,136.83,136.757,136.83,136.668,38683,524038437.0,0.12,-0.05,-0.073,13.39
2024-04-17,136.757,136.792,136.822,136.757,34128,462501503.0,0.05,0.03,0.035,11.81
2024-04-18,136.84,136.898,136.909,136.772,31451,426368681.0,0.1,0.08,0.106,10.88
2024-04-19,136.959,136.986,137.016,136.959,68993,936298335.0,0.04,0.06,0.088,23.88
2024-04-22,137.0,137.067,137.07,137.0,30708,416881888.0,0.05,0.06,0.081,10.63
2024-04-23,137.078,137.257,137.259,137.073,29838,405530649.0,0.14,0.14,0.19,10.33
2024-04-24,137.065,136.898,137.257,136.848,34713,471142568.0,0.3,-0.26,-0.359,12.01
2024-04-25,136.906,136.993,137.062,136.906,31794,431549647.0,0.11,0.07,0.095,11.0
2024-04-26,137.045,136.769,137.12,136.76,28061,380788172.0,0.26,-0.16,-0.224,9.71
2024-04-29,136.905,136.209,136.905,135.792,10692,144190462.0,0.81,-0.41,-0.56,3.7
2024-04-30,136.35,136.592,136.62,136.35,36085,488135623.0,0.2,0.28,0.383,12.49
2024-05-06,136.597,136.805,136.805,136.338,18296,247889785.0,0.34,0.16,0.213,6.33
2024-05-07,136.922,136.971,137.075,136.825,29758,403983601.0,0.18,0.12,0.166,10.3
2024-05-08,136.971,136.995,137.014,136.959,28353,384760094.0,0.04,0.02,0.024,9.81
2024-05-09,136.93,136.876,136.94,136.839,41169,558285771.0,0.07,-0.09,-0.119,14.25
2024-05-10,136.868,136.852,136.904,136.834,29335,397753233.0,0.05,-0.02,-0.024,10.15
2024-05-13,136.892,136.996,136.999,136.88,27803,377206359.0,0.09,0.11,0.144,9.62
2024-05-14,137.029,137.071,137.106,137.001,38968,529176557.0,0.08,0.05,0.075,13.49
2024-05-15,137.077,137.07,137.131,137.011,34142,463696607.0,0.09,0.0,-0.001,11.82
2024-05-16,137.058,137.006,137.058,136.936,33005,447901104.0,0.09,-0.05,-0.064,11.42
2024-05-17,136.908,136.907,136.99,136.807,38343,520056659.0,0.13,-0.07,-0.099,13.27
2024-05-20,136.982,137.069,137.07,136.91,33931,460591794.0,0.12,0.12,0.162,11.74
2024-05-21,137.077,136.999,137.077,136.978,32296,438365632.0,0.07,-0.05,-0.07,11.18
2024-05-22,137.012,137.057,137.06,137.002,33810,459043440.0,0.04,0.04,0.058,11.7
2024-05-23,137.09,137.151,137.158,137.09,34495,468626305.0,0.05,0.07,0.094,11.94
2024-05-24,137.179,137.154,137.186,137.118,32052,435493170.0,0.05,0.0,0.003,11.09
2024-05-27,137.153,137.12,137.153,137.084,35643,484134371.0,0.05,-0.02,-0.034,12.33
2024-05-28,137.137,137.196,137.201,137.123,30882,419630816.0,0.06,0.06,0.076,10.69
2024-05-29,137.246,137.268,137.28,137.209,28917,393217257.0,0.05,0.05,0.072,10.01
2024-05-30,137.266,137.321,137.328,137.265,28778,391452427.0,0.05,0.04,0.053,9.96
2024-05-31,137.26,137.298,137.339,137.26,35903,488344735.0,0.06,-0.02,-0.023,12.42
2024-06-03,137.305,137.44,137.44,137.303,43246,588590463.0,0.1,0.1,0.142,14.97
2024-06-04,137.42,137.472,137.479,137.404,35781,487162149.0,0.05,0.02,0.032,12.38
2024-06-05,137.438,137.511,137.629,137.438,33142,451510230.0,0.14,0.03,0.039,11.47
2024-06-06,137.513,137.485,137.55,137.439,28371,386461629.0,0.08,-0.02,-0.026,9.82
2024-06-07,137.495,137.534,137.535,137.488,32798,446804856.0,0.03,0.04,0.049,11.35
2024-06-11,137.534,137.534,137.578,137.498,26420,359971961.0,0.06,0.0,0.0,9.14
2024-06-12,137.523,137.516,137.564,137.491,25551,348113356.0,0.05,-0.01,-0.018,8.84
2024-06-13,137.518,137.529,137.557,137.517,28111,383015862.0,0.03,0.01,0.013,9.73
2024-06-14,137.545,137.55,137.559,137.513,33934,462389224.0,0.03,0.02,0.021,11.74
2024-06-17,137.552,137.607,137.608,137.551,27625,376491110.0,0.04,0.04,0.057,9.56
2024-06-18,137.607,137.644,137.662,137.607,28487,388415339.0,0.04,0.03,0.037,9.86
2024-06-19,137.646,137.671,137.703,137.451,53157,724892385.0,0.18,0.02,0.027,18.4
2024-06-20,137.756,137.786,137.79,137.704,30529,416635556.0,0.06,0.08,0.115,10.57
2024-06-21,137.789,137.717,137.789,137.672,29703,405267714.0,0.08,-0.05,-0.069,10.28
2024-06-24,137.717,137.8,137.805,137.611,28418,387723210.0,0.14,0.06,0.083,9.83
2024-06-25,137.795,137.842,137.9,137.794,38625,527605233.0,0.08,0.03,0.042,13.37
2024-06-26,137.875,137.942,137.957,137.875,35230,481371445.0,0.06,0.07,0.1,12.19
2024-06-27,137.954,138.083,138.092,137.954,31055,424762226.0,0.1,0.1,0.141,10.75
2024-06-28,138.118,138.179,138.226,138.113,49050,671355110.0,0.08,0.07,0.096,16.97
2024-07-01,138.21,137.952,138.26,137.84,8915,121957868.0,0.3,-0.16,-0.227,3.09
2024-07-02,137.919,138.075,138.078,137.611,34446,470877130.0,0.34,0.09,0.123,11.92
2024-07-03,138.097,138.287,138.319,138.097,40451,553749871.0,0.16,0.15,0.212,14.0
2024-07-04,138.312,138.214,138.312,138.187,64538,883819042.0,0.09,-0.05,-0.073,22.33
2024-07-05,138.215,138.108,138.262,138.06,45067,616550151.0,0.15,-0.08,-0.106,15.6
2024-07-08,137.968,137.841,137.968,137.691,46433,633828016.0,0.2,-0.19,-0.267,16.07
2024-07-09,137.915,138.009,138.012,137.915,34476,471260267.0,0.07,0.12,0.168,11.93
2024-07-10,138.009,138.095,138.102,137.959,40662,556048440.0,0.1,0.06,0.086,14.07
2024-07-11,138.094,138.088,138.105,138.008,44301,605995419.0,0.07,-0.01,-0.007,15.33
2024-07-12,138.115,138.196,138.227,138.115,32251,441525725.0,0.08,0.08,0.108,11.16
2024-07-15,138.21,138.248,138.264,138.196,34516,472735322.0,0.05,0.04,0.052,11.94
2024-07-16,138.25,138.247,138.274,138.143,32254,441735710.0,0.09,0.0,-0.001,11.16
2024-07-17,138.251,138.279,138.309,138.22,38830,531856232.0,0.06,0.02,0.032,13.44
2024-07-18,138.286,138.238,138.287,138.197,18601,254751432.0,0.07,-0.03,-0.041,6.44
2024-07-19,138.241,138.33,138.335,138.241,38215,523565601.0,0.07,0.07,0.092,13.22
2024-07-22,138.472,138.621,138.68,138.37,30731,421893553.0,0.22,0.21,0.291,10.63
2024-07-23,138.744,138.766,138.77,138.643,45656,627477998.0,0.09,0.1,0.145,15.8
2024-07-24,138.777,138.768,138.822,138.71,40589,557941088.0,0.08,0.0,0.002,14.05
2024-07-25,138.768,138.788,138.868,138.761,35684,490721426.0,0.08,0.01,0.02,12.35
2024-07-26,138.804,138.847,138.861,138.783,18868,259492947.0,0.06,0.04,0.059,6.53
2024-07-29,138.86,138.824,138.86,138.798,34882,479801006.0,0.04,-0.02,-0.023,12.07
2024-07-30,138.829,138.844,138.876,138.784,38542,530140343.0,0.07,0.01,0.02,13.34
2024-07-31,138.91,138.941,139.03,138.881,32067,441450945.0,0.11,0.07,0.097,11.1
2024-08-01,139.034,139.167,139.28,138.93,24949,343700335.0,0.25,0.16,0.226,8.63
2024-08-02,139.25,139.368,139.568,139.238,25648,354010935.0,0.24,0.14,0.201,8.88
2024-08-05,139.374,139.419,139.53,139.27,38029,525168199.0,0.19,0.04,0.051,13.16
2024-08-06,139.196,139.22,139.241,138.881,27544,379823604.0,0.26,-0.14,-0.199,9.53
2024-08-07,139.214,139.411,139.49,139.214,39797,549421280.0,0.2,0.14,0.191,13.77
2024-08-08,139.38,139.291,139.38,139.078,40429,557716555.0,0.22,-0.09,-0.12,13.99
2024-08-09,139.102,139.106,139.127,139.005,29740,409834442.0,0.09,-0.13,-0.185,10.29
2024-08-12,138.83,138.484,139.029,138.48,48832,670790971.0,0.39,-0.45,-0.622,16.9
2024-08-13,138.598,138.889,138.948,138.489,56401,775790600.0,0.33,0.29,0.405,19.52
2024-08-14,139.038,139.016,139.269,138.963,36982,509655437.0,0.22,0.09,0.127,12.8
2024-08-15,139.016,138.88,139.116,138.831,24381,335713097.0,0.21,-0.1,-0.136,8.44
2024-08-16,138.865,138.857,138.945,138.8,36548,502938450.0,0.1,-0.02,-0.023,12.65
2024-08-19,138.943,138.916,138.943,138.808,41832,575601000.0,0.1,0.04,0.059,14.48
2024-08-20,138.918,138.894,138.918,138.851,40906,562956075.0,0.05,-0.02,-0.022,14.16
2024-08-21,138.893,138.747,138.92,138.735,52970,728438040.0,0.13,-0.11,-0.147,18.33
2024-08-22,138.948,139.023,139.025,138.781,21531,296505454.0,0.18,0.2,0.276,7.45
2024-08-23,139.013,139.224,139.226,139.01,39433,543410882.0,0.16,0.14,0.201,13.65
2024-08-26,139.22,139.226,139.28,139.099,31747,437899175.0,0.13,0.0,0.002,10.99
2024-08-27,139.112,139.136,139.226,139.109,41563,573048361.0,0.08,-0.06,-0.09,14.38
2024-08-28,139.115,139.181,139.186,139.05,48146,663689773.0,0.1,0.03,0.045,16.66
2024-08-29,139.181,139.107,139.235,139.1,35408,488190046.0,0.1,-0.05,-0.074,12.25
2024-08-30,139.132,139.065,139.158,138.944,32779,451610334.0,0.15,-0.03,-0.042,11.34
2024-09-02,139.308,139.386,139.43,139.109,43363,598891652.0,0.23,0.23,0.321,15.01
2024-09-03,139.437,139.569,139.57,139.339,42128,582406440.0,0.17,0.13,0.183,14.58
2024-09-04,139.648,139.617,139.766,139.53,42708,590911718.0,0.17,0.03,0.048,14.78
2024-09-05,139.688,139.703,139.778,139.688,34083,471901680.0,0.06,0.06,0.086,11.8
2024-09-06,139.686,139.748,139.789,139.618,32606,451442774.0,0.12,0.03,0.045,11.28
2024-09-09,139.748,139.821,139.999,139.748,10826,149963461.0,0.18,0.05,0.073,3.75
2024-09-10,139.871,139.939,139.959,139.822,30735,425915369.0,0.1,0.08,0.118,10.64
2024-09-11,139.94,140.146,140.163,139.937,24002,333183361.0,0.16,0.15,0.207,8.31
2024-09-12,140.146,139.931,140.192,139.928,15217,211198651.0,0.19,-0.15,-0.215,5.27
2024-09-13,140.07,140.125,140.168,140.028,14481,201007071.0,0.1,0.14,0.194,5.01
2024-09-18,140.259,140.159,140.259,140.125,11386,158139154.0,0.1,0.02,0.034,3.94
2024-09-19,140.185,139.975,140.2,139.935,26325,365367755.0,0.19,-0.13,-0.184,9.11
2024-09-20,140.017,140.074,140.099,140.006,26995,374644194.0,0.07,0.07,0.099,9.34
2024-09-23,140.108,140.104,140.185,140.086,20696,287365284.0,0.07,0.02,0.03,7.16
2024-09-24,140.186,139.952,140.248,139.795,23423,325022013.0,0.32,-0.11,-0.152,8.11
2024-09-25,139.735,140.277,140.32,139.582,17573,243887602.0,0.53,0.23,0.325,6.08
2024-09-26,140.421,140.17,140.421,140.11,18483,256839374.0,0.22,-0.08,-0.107,6.4
2024-09-27,139.96,139.59,139.96,139.481,9873,136649607.0,0.34,-0.41,-0.58,3.42
2024-09-30,138.28,139.124,139.168,136.93,29722,408040372.0,1.6,-0.33,-0.466,10.29
2024-10-08,138.329,139.07,139.382,138.329,18848,259664706.0,0.76,-0.04,-0.054,6.52
2024-10-09,139.189,139.35,139.78,139.081,24818,342442212.0,0.5,0.2,0.28,8.59
2024-10-10,139.3,139.678,139.76,139.282,13708,189523482.0,0.34,0.24,0.328,4.74
2024-10-11,139.765,139.75,139.859,139.63,33894,469396265.0,0.16,0.05,0.072,11.73
2024-10-14,139.764,139.728,139.86,139.7,32374,448294641.0,0.11,-0.02,-0.022,11.2
2024-10-15,139.769,139.764,139.769,139.709,32637,451883611.0,0.04,0.03,0.036,11.29
2024-10-16,139.814,139.783,139.827,139.747,46099,638376064.0,0.06,0.01,0.019,15.95
2024-10-17,139.786,139.971,139.98,139.707,52197,723563962.0,0.2,0.13,0.188,18.06
2024-10-18,140.04,139.817,140.06,139.677,72249,1000947534.0,0.27,-0.11,-0.154,25.0
2024-10-21,139.817,139.799,139.866,139.704,34468,477447413.0,0.12,-0.01,-0.018,11.93
2024-10-22,139.795,139.605,139.83,139.58,17004,235453765.0,0.18,-0.14,-0.194,5.88
2024-10-23,139.565,139.466,139.602,139.346,44680,617394854.0,0.18,-0.1,-0.139,15.46
2024-10-24,139.479,139.52,139.604,139.479,40460,559374573.0,0.09,0.04,0.054,14.0
2024-10-25,139.521,139.508,139.53,139.449,48924,676179307.0,0.06,-0.01,-0.012,16.93
2024-10-28,139.556,139.535,139.608,139.512,31677,437979923.0,0.07,0.02,0.027,10.96
2024-10-29,139.562,139.672,139.679,139.55,17659,244297751.0,0.09,0.1,0.137,6.11
2024-10-30,139.88,139.715,139.88,139.656,19408,268680316.0,0.16,0.03,0.043,6.72
2024-10-31,139.721,139.704,139.722,139.625,16582,229504083.0,0.07,-0.01,-0.011,5.74
2024-11-01,139.808,139.911,139.915,139.757,10652,147606218.0,0.11,0.15,0.207,3.69
2024-11-04,139.972,139.97,139.993,139.91,14599,202478306.0,0.06,0.04,0.059,5.05
2024-11-05,139.954,139.958,140.008,139.906,22315,309446791.0,0.07,-0.01,-0.012,7.72
2024-11-06,139.963,140.009,140.08,139.963,10041,139311498.0,0.08,0.04,0.051,3.47
2024-11-07,140.037,140.129,140.16,140.037,20181,280148422.0,0.09,0.09,0.12,6.98
2024-11-08,140.011,140.182,140.185,140.011,44914,623820729.0,0.12,0.04,0.053,15.54
2024-11-11,140.205,140.22,140.239,140.157,12833,178281047.0,0.06,0.03,0.038,4.44
2024-11-12,140.245,140.411,140.43,140.245,18063,251271818.0,0.13,0.14,0.191,6.25
2024-11-13,140.407,140.41,140.429,140.36,21947,305333619.0,0.05,0.0,-0.001,7.6
2024-11-14,140.413,140.417,140.42,140.337,17297,240601059.0,0.06,0.0,0.007,5.99
2024-11-15,140.422,140.515,140.605,140.422,10855,151113900.0,0.13,0.07,0.098,3.76
2024-11-18,140.501,140.44,140.502,140.316,37385,520176740.0,0.13,-0.05,-0.075,12.94
2024-11-19,140.438,140.409,140.467,140.338,10371,144314270.0,0.09,-0.02,-0.031,3.59
2024-11-20,140.455,140.504,140.514,140.453,16014,222917818.0,0.04,0.07,0.095,5.54
2024-11-21,140.519,140.591,140.595,140.505,33598,467966528.0,0.06,0.06,0.087,11.63
2024-11-22,140.635,140.617,140.641,140.569,37658,524686907.0,0.05,0.02,0.026,13.03
2024-11-25,140.617,140.73,140.731,140.524,13868,193324700.0,0.15,0.08,0.113,4.8
2024-11-26,140.73,140.703,140.78,140.651,31489,438998863.0,0.09,-0.02,-0.027,10.9
2024-11-27,140.68,140.644,140.702,140.636,23838,332261446.0,0.05,-0.04,-0.059,8.25
2024-11-28,140.643,140.742,140.747,140.643,29668,413599030.0,0.07,0.07,0.098,10.27
2024-11-29,140.785,140.819,140.827,140.718,26459,369125332.0,0.08,0.05,0.077,9.16
2024-12-02,140.967,141.124,141.138,140.819,23929,334502591.0,0.23,0.22,0.305,8.28
2024-12-03,141.159,141.097,141.208,141.087,32736,457763394.0,0.09,-0.02,-0.027,11.33
2024-12-04,141.1,141.218,141.245,141.1,33480,468453598.0,0.1,0.09,0.121,11.59
2024-12-05,141.215,141.248,141.271,141.1,21527,301263806.0,0.12,0.02,0.03,7.45
2024-12-06,141.246,141.205,141.27,141.201,76784,1074468242.0,0.05,-0.03,-0.043,26.57
2024-12-09,141.206,141.217,141.255,141.205,24478,342553708.0,0.04,0.01,0.012,8.47
2024-12-10,141.16,141.653,141.674,141.131,46065,646045300.0,0.38,0.31,0.436,15.94
2024-12-11,141.63,141.662,141.696,141.43,31006,435188652.0,0.19,0.01,0.009,10.73
2024-12-12,141.691,141.843,141.908,141.691,34696,487421064.0,0.15,0.13,0.181,12.01
2024-12-13,142.15,142.335,142.377,142.15,37769,532686553.0,0.16,0.35,0.492,13.07
2024-12-16,142.434,142.443,142.684,142.432,20894,295108021.0,0.18,0.08,0.108,7.23
2024-12-17,142.384,142.243,142.384,142.197,99246,1399074018.0,0.13,-0.14,-0.2,34.35
2024-12-18,142.305,142.235,142.444,141.987,19936,280967253.0,0.32,-0.01,-0.008,6.9
2024-12-19,142.251,142.28,142.349,142.251,34594,487811661.0,0.07,0.03,0.045,11.97
2024-12-20,142.471,142.717,142.78,142.47,22046,311518796.0,0.22,0.31,0.437,7.63
2024-12-23,142.785,142.641,142.882,142.599,39287,555449871.0,0.2,-0.05,-0.076,13.6
2024-12-24,142.61,142.533,142.665,142.528,30995,437956407.0,0.1,-0.08,-0.108,10.73
2024-12-25,142.534,142.275,142.571,142.233,20638,291154302.0,0.24,-0.18,-0.258,7.14
2024-12-26,142.305,142.277,142.367,142.267,28753,405468565.0,0.07,0.0,0.002,9.95
2024-12-27,142.4,142.568,142.579,142.346,29039,410049161.0,0.16,0.2,0.291,10.05
2024-12-30,142.547,142.283,142.55,142.235,18093,255258235.0,0.22,-0.2,-0.285,6.26
2024-12-31,142.43,142.496,142.526,142.291,23833,336517938.0,0.17,0.15,0.213,8.25
2025-01-02,142.64,142.691,142.718,142.54,27487,388656746.0,0.12,0.14,0.195,9.51
2025-01-03,142.75,143.067,143.079,142.75,21161,299664872.0,0.23,0.26,0.376,7.32
2025-01-06,143.087,143.069,143.279,142.881,31543,447313768.0,0.28,0.0,0.002,10.92
2025-01-07,143.073,142.838,143.073,142.733,15614,221098456.0,0.24,-0.16,-0.231,5.4
2025-01-08,142.79,142.883,142.955,142.79,34266,485293134.0,0.12,0.03,0.045,11.86
2025-01-09,142.831,142.578,142.881,142.55,26075,368708413.0,0.23,-0.21,-0.305,9.02
2025-01-10,142.23,142.489,142.567,141.941,15031,211894199.0,0.44,-0.06,-0.089,5.2
2025-01-13,142.482,142.319,142.482,142.181,32960,464892516.0,0.21,-0.12,-0.17,11.41
2025-01-14,142.299,142.391,142.409,142.14,23460,330815325.0,0.19,0.05,0.072,8.12
2025-01-15,142.53,142.547,142.625,142.519,37847,534647062.0,0.07,0.11,0.156,13.1
2025-01-16,142.509,142.523,142.605,142.396,26141,369128199.0,0.15,-0.02,-0.024,9.05
2025-01-17,142.573,142.458,142.573,142.446,24902,351623333.0,0.09,-0.05,-0.065,8.62
2025-01-20,142.408,142.469,142.5,142.365,82198,1160577519.0,0.09,0.01,0.011,28.45
2025-01-21,142.366,142.499,142.506,142.366,10240,144584689.0,0.1,0.02,0.03,3.54
2025-01-22,142.58,142.59,142.627,142.568,124685,1761877034.0,0.04,0.06,0.091,43.15
2025-01-23,142.539,142.426,142.545,142.373,126339,1783187892.0,0.12,-0.12,-0.164,43.72
2025-01-24,142.422,142.284,142.422,142.192,154365,2176190516.0,0.16,-0.1,-0.142,53.42
2025-01-27,142.402,142.776,142.779,142.402,118679,1677881693.0,0.26,0.35,0.492,41.07
2025-02-05,142.711,142.739,142.768,142.442,104712,1480642754.0,0.23,-0.03,-0.037,36.24
2025-02-06,142.753,142.874,142.892,142.702,110857,1568559965.0,0.13,0.09,0.135,38.36
2025-02-07,142.898,142.791,142.939,142.78,158454,2242793282.0,0.11,-0.06,-0.083,54.84
2025-02-10,142.745,142.561,142.745,142.538,151570,2141896017.0,0.14,-0.16,-0.23,52.45
2025-02-11,142.545,142.528,142.617,142.476,52802,745854857.0,0.1,-0.02,-0.033,18.27
2025-02-12,142.538,142.53,142.621,142.518,28326,400237911.0,0.07,0.0,0.002,9.8
2025-02-13,142.532,142.507,142.533,142.449,152223,2149203552.0,0.06,-0.02,-0.023,52.68
2025-02-14,142.506,142.206,142.506,142.195,144112,2031037213.0,0.22,-0.21,-0.301,49.87
2025-02-17,142.198,142.112,142.198,142.01,15595,219615204.0,0.13,-0.07,-0.094,5.4
2025-02-18,142.102,141.917,142.102,141.761,157012,2208975781.0,0.24,-0.14,-0.195,54.34
2025-02-19,141.941,142.097,142.099,141.895,146661,2062844991.0,0.14,0.13,0.18,50.75
2025-02-20,142.098,141.863,142.098,141.79,58578,824264508.0,0.22,-0.16,-0.234,20.27
2025-02-21,141.76,141.73,141.953,141.56,157081,2204531142.0,0.28,-0.09,-0.133,54.36
2025-02-24,141.63,141.344,141.68,141.211,158630,2224846986.0,0.33,-0.27,-0.386,54.9
2025-02-25,141.459,141.533,141.736,141.192,18767,263078803.0,0.38,0.13,0.189,6.49
2025-02-26,141.573,141.545,141.723,141.487,145746,2044656259.0,0.17,0.01,0.012,50.44
2025-02-27,141.556,141.487,141.63,141.446,153011,2146722170.0,0.13,-0.04,-0.058,52.95
2025-02-28,141.466,141.534,141.62,141.312,20762,291037256.0,0.22,0.03,0.047,7.19
2025-03-03,141.57,141.88,141.916,141.492,156581,2197633370.0,0.3,0.24,0.346,54.19
2025-03-04,141.992,141.874,142.143,141.713,21393,300824219.0,0.3,0.0,-0.006,7.4
2025-03-05,141.86,141.826,141.954,141.823,149918,2108131530.0,0.09,-0.03,-0.048,51.88
2025-03-06,141.816,141.697,141.816,141.619,149712,2101496941.0,0.14,-0.09,-0.129,51.81
2025-03-07,141.566,141.417,141.566,141.28,18771,262948958.0,0.2,-0.2,-0.28,6.5
2025-03-10,141.279,141.185,141.375,141.166,23009,322151634.0,0.15,-0.16,-0.232,7.96
2025-03-11,141.215,140.861,141.231,140.807,12963,181089081.0,0.3,-0.23,-0.324,4.49
2025-03-12,140.81,141.353,141.413,140.655,183836,2567643999.0,0.54,0.35,0.492,63.62
2025-03-13,141.28,141.371,141.53,141.21,20625,289055370.0,0.23,0.01,0.018,7.14
2025-03-14,141.271,141.346,141.408,141.021,52481,734683334.0,0.27,-0.02,-0.025,18.16
2025-03-17,141.218,141.059,141.224,141.051,12210,170742795.0,0.12,-0.2,-0.287,4.23
2025-03-18,141.042,141.16,141.236,141.009,23671,331114763.0,0.16,0.07,0.101,8.19
2025-03-19,141.16,141.072,141.278,141.02,32373,452586542.0,0.18,-0.06,-0.088,11.2
2025-03-20,141.192,141.245,141.33,141.18,37766,528672465.0,0.11,0.12,0.173,13.07
2025-03-21,141.292,141.192,141.292,141.186,13837,193642852.0,0.08,-0.04,-0.053,4.79
2025-03-24,141.16,141.124,141.185,141.07,14798,206968095.0,0.08,-0.05,-0.068,5.12
2025-03-25,141.295,141.297,141.35,141.2,40245,563393410.0,0.11,0.12,0.173,13.93
2025-03-26,141.287,141.456,141.463,141.224,8144,114073831.0,0.17,0.11,0.159,2.82
2025-03-27,141.46,141.507,141.538,141.382,11059,155030948.0,0.11,0.04,0.051,3.83
2025-03-28,141.498,141.477,141.583,141.425,9230,129437244.0,0.11,-0.02,-0.03,3.19
2025-03-31,141.473,141.467,141.574,141.44,90483,1268608186.0,0.09,-0.01,-0.01,31.31
2025-04-01,141.511,141.46,141.564,141.436,70994,995092985.0,0.09,0.0,-0.007,24.57
2025-04-02,141.458,141.562,141.585,141.414,18733,262688842.0,0.12,0.07,0.102,6.48
2025-04-03,141.75,142.074,142.11,141.685,21176,297898903.0,0.3,0.36,0.512,7.33
2025-04-07,142.425,142.497,142.55,142.316,23109,326222256.0,0.16,0.3,0.423,8.0
2025-04-08,142.332,142.383,143.02,142.215,68766,970298725.0,0.56,-0.08,-0.114,23.8
2025-04-09,142.47,142.464,142.518,142.272,22420,316324997.0,0.17,0.06,0.081,7.76
2025-04-10,142.38,142.598,142.628,142.235,98584,1392052075.0,0.28,0.09,0.134,34.12
2025-04-11,142.686,142.645,142.765,142.563,86298,1220245213.0,0.14,0.03,0.047,29.86
2025-04-14,142.603,142.523,142.61,142.502,194777,2751360169.0,0.08,-0.09,-0.122,67.41
2025-04-15,142.529,142.526,142.58,142.511,14094,199086331.0,0.05,0.0,0.003,4.88
2025-04-16,142.53,142.644,142.675,142.51,176795,2499038307.0,0.12,0.08,0.118,61.18
2025-04-17,142.637,142.556,142.686,142.541,126369,1785632175.0,0.1,-0.06,-0.088,43.73
2025-04-18,142.555,142.497,142.581,142.48,178050,2514789067.0,0.07,-0.04,-0.059,61.62
2025-04-21,142.497,142.379,142.516,142.35,7962,112369628.0,0.12,-0.08,-0.118,2.76
2025-04-22,142.383,142.43,142.453,142.383,45982,648966577.0,0.05,0.04,0.051,15.91
2025-04-23,142.408,142.301,142.408,142.26,9591,135259736.0,0.1,-0.09,-0.129,3.32
2025-04-24,142.34,142.183,142.37,142.176,117553,1657710810.0,0.14,-0.08,-0.118,40.68
2025-04-25,142.26,142.309,142.352,142.214,12027,169593657.0,0.1,0.09,0.126,4.16
2025-04-28,142.318,142.271,142.343,142.263,102934,1451560136.0,0.06,-0.03,-0.038,35.62
2025-04-29,142.298,142.456,142.46,142.298,74728,1054460936.0,0.11,0.13,0.185,25.86
2025-04-30,142.472,142.563,142.58,142.421,20061,283278065.0,0.11,0.08,0.107,6.94
2025-05-06,142.55,142.488,142.55,142.447,187147,2642918335.0,0.07,-0.05,-0.075,64.76
2025-05-07,142.529,142.45,142.575,142.432,44691,631050549.0,0.1,-0.03,-0.038,15.47
2025-05-08,142.552,142.73,142.739,142.55,48415,684567461.0,0.13,0.2,0.28,16.75
2025-05-09,142.742,142.69,142.83,142.669,17149,242591105.0,0.11,-0.03,-0.04,5.93
2025-05-12,142.632,142.625,142.725,142.555,15726,222325869.0,0.12,-0.05,-0.065,5.44
2025-05-13,142.57,142.531,142.59,142.497,21606,305174618.0,0.07,-0.07,-0.094,7.48
2025-05-14,142.529,142.415,142.58,142.401,13478,190289071.0,0.13,-0.08,-0.116,4.66
2025-05-15,142.411,142.317,142.45,142.311,10882,153524008.0,0.1,-0.07,-0.098,3.77
2025-05-16,142.307,142.223,142.307,142.182,10243,144356714.0,0.09,-0.07,-0.094,3.54
2025-05-19,142.223,142.292,142.317,142.223,11215,158124469.0,0.07,0.05,0.069,3.88
2025-05-20,142.36,142.339,142.411,142.281,10686,150735318.0,0.09,0.03,0.047,3.7
2025-05-21,142.29,142.324,142.35,142.29,6659,93920227.0,0.04,-0.01,-0.015,2.3
2025-05-22,142.35,142.323,142.391,142.308,6494,91609588.0,0.06,0.0,-0.001,2.25
2025-05-23,142.345,142.429,142.438,142.305,7615,107431278.0,0.09,0.07,0.106,2.64
2025-05-26,142.43,142.426,142.495,142.392,52579,742069945.0,0.07,0.0,-0.003,18.2
2025-05-27,142.433,142.374,142.466,142.361,66876,943822379.0,0.07,-0.04,-0.052,23.14
2025-05-28,142.393,142.381,142.393,142.328,32829,463154890.0,0.05,0.0,0.007,11.36
2025-05-29,142.364,142.223,142.374,142.21,12326,173763878.0,0.12,-0.11,-0.158,4.27
2025-05-30,142.323,142.356,142.392,142.293,23656,333760140.0,0.07,0.09,0.133,8.19
2025-06-03,142.409,142.349,142.41,142.315,158852,2241350095.0,0.07,0.0,-0.007,54.97
2025-06-04,142.364,142.439,142.441,142.355,234587,3309652314.0,0.06,0.06,0.09,81.18
2025-06-05,142.438,142.506,142.54,142.396,113705,1605657541.0,0.1,0.05,0.067,39.35
2025-06-06,142.57,142.621,142.625,142.564,152139,2150296184.0,0.04,0.08,0.115,52.65
2025-06-09,142.637,142.67,142.672,142.63,121585,1718978403.0,0.03,0.03,0.049,42.08
2025-06-10,142.695,142.686,142.706,142.641,221953,3138435082.0,0.05,0.01,0.016,76.81
2025-06-11,142.704,142.679,142.73,142.63,141283,1997668355.0,0.07,0.0,-0.007,48.89
2025-06-12,142.678,142.649,142.698,142.631,103178,1458824820.0,0.05,-0.02,-0.03,35.71
2025-06-13,142.649,142.678,142.681,142.64,192043,2715223508.0,0.03,0.02,0.029,66.46
2025-06-16,142.686,142.709,142.745,142.681,137211,1940597436.0,0.04,0.02,0.031,47.48
2025-06-17,142.693,142.863,142.875,142.693,131917,1867025044.0,0.13,0.11,0.154,45.65
2025-06-18,142.88,142.879,142.891,142.846,14264,201963862.0,0.03,0.01,0.016,4.94
2025-06-19,142.882,142.885,142.914,142.873,11456,162234983.0,0.03,0.0,0.006,3.96
2025-06-20,142.893,142.91,142.92,142.861,5534,78370916.0,0.04,0.02,0.025,1.92
2025-06-23,142.908,142.881,142.955,142.853,10042,142186288.0,0.07,-0.02,-0.029,3.48
2025-06-24,142.881,142.828,142.91,142.808,280304,3967299893.0,0.07,-0.04,-0.053,97.0
2025-06-25,142.828,142.792,142.87,142.791,196281,2778588414.0,0.06,-0.03,-0.036,67.93
2025-06-26,142.792,142.83,142.89,142.791,271713,3845598972.0,0.07,0.03,0.038,94.03
2025-06-27,142.83,142.925,142.955,142.83,197700,2800057202.0,0.09,0.07,0.095,68.42
2025-06-30,142.928,142.861,142.941,142.756,78009,1104500634.0,0.13,-0.04,-0.064,27.0
2025-07-01,142.874,142.911,142.922,142.869,130705,1851012477.0,0.04,0.04,0.05,45.23
2025-07-02,142.912,142.991,142.998,142.912,221222,3134424889.0,0.06,0.06,0.08,76.56
2025-07-03,143.01,143.009,143.038,142.973,190406,2698971004.0,0.05,0.01,0.018,65.89
2025-07-04,143.024,143.042,143.049,143.016,191611,2716145342.0,0.02,0.02,0.033,66.31
2025-07-07,143.045,143.021,143.065,142.998,94947,1345666324.0,0.05,-0.01,-0.021,32.86
2025-07-08,143.013,142.911,143.013,142.899,103800,1470175661.0,0.08,-0.08,-0.11,35.92
2025-07-09,142.92,142.909,142.938,142.897,204550,2896966771.0,0.03,0.0,-0.002,70.79
2025-07-10,142.915,142.817,142.915,142.815,241126,3413609029.0,0.07,-0.06,-0.092,83.45
2025-07-11,142.813,142.779,142.815,142.72,28346,401020180.0,0.07,-0.03,-0.038,9.81
2025-07-14,142.78,142.707,142.78,142.677,14642,207082394.0,0.07,-0.05,-0.072,5.07
2025-07-15,142.73,142.847,142.851,142.73,217189,3073925072.0,0.08,0.1,0.14,75.16
2025-07-16,142.852,142.856,142.896,142.836,137680,1949148478.0,0.04,0.01,0.009,47.65
2025-07-17,142.832,142.848,142.85,142.798,10799,152867821.0,0.04,-0.01,-0.008,3.74
2025-07-18,142.848,142.836,142.859,142.788,11338,160478386.0,0.05,-0.01,-0.012,3.92
2025-07-21,142.836,142.749,142.86,142.731,69880,988643031.0,0.09,-0.06,-0.087,24.18
2025-07-22,142.753,142.675,143.31,142.666,96063,1359760771.0,0.45,-0.05,-0.074,33.24
2025-07-23,142.615,142.621,142.671,142.471,41098,580452933.0,0.14,-0.04,-0.054,14.22
2025-07-24,142.582,142.354,142.604,142.351,113994,1608854283.0,0.18,-0.19,-0.267,39.45
2025-07-25,142.36,142.385,142.48,142.335,62686,884715833.0,0.1,0.02,0.031,21.69
2025-07-28,142.481,142.518,142.595,142.42,145640,2056132830.0,0.12,0.09,0.133,50.4
2025-07-29,142.533,142.344,142.533,142.334,73632,1039197397.0,0.14,-0.12,-0.174,25.48
2025-07-30,142.358,142.483,142.494,142.293,116716,1647708359.0,0.14,0.1,0.139,40.39
2025-07-31,142.486,142.593,142.609,142.459,119712,1691440828.0,0.11,0.08,0.11,41.43
2025-08-01,142.574,142.601,142.642,142.475,162478,2295315358.0,0.12,0.01,0.008,56.23
2025-08-04,142.632,142.573,143.28,142.565,235391,3328242167.0,0.5,-0.02,-0.028,81.46
2025-08-05,142.533,142.617,142.624,142.492,84474,1193442724.0,0.09,0.03,0.044,29.23
2025-08-06,142.61,142.631,142.663,142.519,117942,1666621556.0,0.1,0.01,0.014,40.82
2025-08-07,142.67,142.731,142.777,142.656,95938,1357236056.0,0.08,0.07,0.1,33.2
2025-08-08,142.93,142.788,143.014,142.714,133447,1888073147.0,0.21,0.04,0.057,46.18
2025-08-11,142.789,142.621,142.789,142.597,124355,1758131820.0,0.13,-0.12,-0.167,43.03
2025-08-12,142.628,142.593,142.646,142.541,12510,176761130.0,0.07,-0.02,-0.028,4.33
2025-08-13,142.58,142.691,142.735,142.525,93018,1314980260.0,0.15,0.07,0.098,32.19
2025-08-14,142.69,142.638,142.69,142.544,81088,1146241959.0,0.1,-0.04,-0.053,28.06
2025-08-15,142.66,142.625,142.68,142.595,11732,165836762.0,0.06,-0.01,-0.013,4.06
2025-08-18,142.65,142.327,142.722,142.283,65279,921224911.0,0.31,-0.21,-0.298,22.59
2025-08-19,142.35,142.338,142.359,142.297,28820,406516273.0,0.04,0.01,0.011,9.97
2025-08-20,142.402,142.276,142.454,142.25,15865,223840318.0,0.14,-0.04,-0.062,5.49
2025-08-21,142.28,142.338,142.356,142.208,11547,162810692.0,0.1,0.04,0.062,4.0
2025-08-22,142.38,142.301,142.398,142.23,106106,1496865833.0,0.12,-0.03,-0.037,36.72
2025-08-25,142.304,142.42,142.432,142.231,67599,953617259.0,0.14,0.08,0.119,23.39
2025-08-26,142.42,142.426,142.445,142.386,21903,309141375.0,0.04,0.0,0.006,7.58
2025-08-27,142.437,142.464,142.478,142.393,120517,1701443898.0,0.06,0.03,0.038,41.71
2025-08-28,142.478,142.396,142.478,142.387,97128,1371129482.0,0.06,-0.05,-0.068,33.61
2025-08-29,142.392,142.428,142.44,142.35,150720,2126926762.0,0.06,0.02,0.032,52.16
2025-09-01,142.42,142.539,142.54,142.383,17948,253403686.0,0.11,0.08,0.111,6.21
2025-09-02,142.546,142.537,142.597,142.515,206377,2915444474.0,0.06,0.0,-0.002,71.42
2025-09-03,142.578,142.682,142.699,142.541,106698,1508283479.0,0.11,0.1,0.145,36.92
2025-09-04,142.715,142.768,142.802,142.715,70465,997096842.0,0.06,0.06,0.086,24.39
2025-09-05,142.759,142.559,142.759,142.528,170921,2416047163.0,0.16,-0.15,-0.209,59.15
2025-09-08,142.57,142.531,142.57,142.48,152067,2148137329.0,0.06,-0.02,-0.028,52.63
2025-09-09,142.53,142.511,142.64,142.492,189836,2681317680.0,0.1,-0.01,-0.02,65.7
2025-09-10,142.53,142.435,142.532,142.41,205134,2896339774.0,0.09,-0.05,-0.076,70.99
2025-09-11,142.463,142.536,142.59,142.414,87079,1229280891.0,0.12,0.07,0.101,30.14
2025-09-12,142.538,142.581,142.615,142.536,179192,2531881924.0,0.06,0.03,0.045,62.01
2025-09-15,142.644,142.67,142.724,142.59,125685,1777011590.0,0.09,0.06,0.089,43.5
2025-09-16,143.08,142.755,143.084,142.446,142363,2012786765.0,0.45,0.06,0.085,49.27
2025-09-17,142.785,142.912,142.919,142.72,74286,1051596980.0,0.14,0.11,0.157,25.71
2025-09-18,142.889,142.82,142.89,142.808,14795,209446427.0,0.06,-0.06,-0.092,5.12
2025-09-19,142.82,142.665,142.854,142.61,22424,317255213.0,0.17,-0.11,-0.155,7.76
2025-09-22,142.68,142.777,142.99,142.659,46207,653769526.0,0.23,0.08,0.112,15.99
2025-09-23,142.83,142.652,142.83,142.531,20503,286766979.0,0.21,-0.09,-0.125,7.1
2025-09-24,142.703,142.534,142.703,142.518,17124,239540100.0,0.13,-0.08,-0.118,5.93
2025-09-25,142.472,142.482,142.523,142.347,10940,152811779.0,0.12,-0.04,-0.052,3.79
2025-09-26,142.51,142.586,142.633,142.49,13670,191160931.0,0.1,0.07,0.104,4.73
2025-09-29,142.64,142.551,142.668,142.534,8548,119550758.0,0.09,-0.02,-0.035,2.96
2025-09-30,142.56,142.758,142.77,142.551,9344,130786484.0,0.15,0.15,0.207,3.23
2025-10-09,142.77,142.853,142.874,142.679,207224,2903212974.0,0.14,0.07,0.095,71.71
2025-10-10,142.864,142.823,142.925,142.814,9361,131187618.0,0.08,-0.02,-0.03,3.24
2025-10-13,142.849,142.864,142.895,142.82,145693,2041830215.0,0.05,0.03,0.041,50.42
2025-10-14,142.84,142.911,142.94,142.74,275776,3864121551.0,0.14,0.03,0.047,95.44
2025-10-15,142.91,142.87,142.91,142.838,139224,1951086403.0,0.05,-0.03,-0.041,48.18
2025-10-16,142.87,142.876,142.915,142.869,16115,225882754.0,0.03,0.0,0.006,5.58
2025-10-17,142.903,142.976,142.979,142.888,272471,3820809676.0,0.06,0.07,0.1,94.29
2025-10-20,142.925,142.852,142.939,142.834,192456,2696776998.0,0.07,-0.09,-0.124,66.6
2025-10-21,142.851,142.872,142.898,142.808,168418,2360352711.0,0.06,0.01,0.02,58.28
2025-10-22,142.872,142.898,142.928,142.863,54490,763689778.0,0.05,0.02,0.026,18.86
2025-10-23,142.899,142.858,142.933,142.843,14635,205131598.0,0.06,-0.03,-0.04,5.06
2025-10-24,142.857,142.849,142.894,142.845,132531,1857074922.0,0.03,-0.01,-0.009,45.86
2025-10-27,142.811,142.896,142.929,142.767,22130,310154177.0,0.11,0.03,0.047,7.66
2025-10-28,143.058,143.175,143.176,143.006,127528,1790619992.0,0.12,0.2,0.279,44.13
2025-10-29,143.125,143.291,143.37,143.086,20539,288715938.0,0.2,0.08,0.116,7.11
2025-10-30,143.359,143.404,143.429,143.308,118846,1671640546.0,0.08,0.08,0.113,41.13
2025-10-31,143.453,143.42,143.51,143.389,107682,1514989542.0,0.08,0.01,0.016,37.26
2025-11-03,143.423,143.358,143.457,143.335,207629,2919850898.0,0.09,-0.04,-0.062,71.85
2025-11-04,143.38,143.351,143.38,143.29,11606,163167321.0,0.06,0.0,-0.007,4.02
2025-11-05,143.404,143.356,143.411,143.342,120721,1697717912.0,0.05,0.0,0.005,41.78
2025-11-06,143.357,143.29,143.375,143.265,224263,3152261364.0,0.08,-0.05,-0.066,77.61
2025-11-07,143.318,143.319,143.342,143.29,86362,1214077719.0,0.04,0.02,0.029,29.89
2025-11-10,143.319,143.315,143.328,143.27,24369,342585581.0,0.04,0.0,-0.004,8.43
2025-11-11,143.309,143.332,143.408,143.309,70718,994472664.0,0.07,0.01,0.017,24.47
2025-11-12,143.396,143.39,143.396,143.35,115655,1626726873.0,0.03,0.04,0.058,40.02
2025-11-13,143.39,143.334,143.396,143.318,40391,567929741.0,0.05,-0.04,-0.056,13.98
2025-11-14,143.334,143.317,143.36,143.295,109408,1538069442.0,0.05,-0.01,-0.017,37.86
2025-11-17,143.317,143.343,143.375,143.317,169897,2389023218.0,0.04,0.02,0.026,58.8
2025-11-18,143.343,143.351,143.37,143.316,163019,2292207003.0,0.04,0.01,0.008,56.42
2025-11-19,143.352,143.309,143.362,143.29,7313,102803877.0,0.05,-0.03,-0.042,2.53
2025-11-20,143.308,143.382,143.416,143.294,8750,123069611.0,0.09,0.05,0.073,3.03
2025-11-21,143.398,143.344,143.425,143.314,22211,312346385.0,0.08,-0.03,-0.038,7.69
2025-11-24,143.339,143.36,143.393,143.33,25788,362680824.0,0.04,0.01,0.016,8.92
2025-11-25,143.36,143.363,143.397,143.34,12705,178675378.0,0.04,0.0,0.003,4.4
2025-11-26,143.375,143.211,143.375,143.208,8553,120220448.0,0.12,-0.11,-0.152,2.96
2025-11-27,143.213,143.203,143.23,143.167,176208,2475191555.0,0.04,-0.01,-0.008,60.98
2025-11-28,143.204,143.258,143.26,143.191,54604,767277624.0,0.05,0.04,0.055,18.9
2025-12-01,143.256,143.305,143.329,143.204,6955,97746569.0,0.09,0.03,0.047,2.41
2025-12-02,143.316,143.27,143.323,143.26,138482,1946453657.0,0.04,-0.02,-0.035,47.92
2025-12-03,143.27,143.282,143.341,143.25,21602,303603829.0,0.06,0.01,0.012,7.48
2025-12-04,143.281,143.141,143.282,143.113,7206,101194425.0,0.12,-0.1,-0.141,2.49
2025-12-05,143.146,143.213,143.241,143.13,80403,1129231503.0,0.08,0.05,0.072,27.82
2025-12-08,143.236,143.198,143.236,143.135,10304,144721563.0,0.07,-0.01,-0.015,3.57
2025-12-09,143.241,143.275,143.291,143.239,46431,652541606.0,0.04,0.05,0.077,16.07
2025-12-10,143.259,143.296,143.309,143.25,34187,480455777.0,0.04,0.01,0.021,11.83
2025-12-11,143.318,143.39,143.401,143.302,71021,998954330.0,0.07,0.07,0.094,24.58
2025-12-12,143.478,143.351,143.478,143.3,121593,1710045851.0,0.12,-0.03,-0.039,42.08
2025-12-15,143.322,143.292,143.354,143.282,9522,133867934.0,0.05,-0.04,-0.059,3.3
2025-12-16,143.265,143.266,143.341,143.258,77847,1094298398.0,0.06,-0.02,-0.026,26.94
2025-12-17,143.283,143.359,143.363,143.25,86837,1220560151.0,0.08,0.06,0.093,30.05
2025-12-18,143.366,143.443,143.472,143.327,15296,215201281.0,0.1,0.06,0.084,5.29
2025-12-19,143.48,143.517,143.528,143.451,20448,287806491.0,0.05,0.05,0.074,7.08
2025-12-22,143.52,143.445,143.528,143.402,32913,463266345.0,0.09,-0.05,-0.072,11.39
2025-12-23,143.441,143.682,143.695,143.437,112949,1590619850.0,0.18,0.17,0.237,39.09
2025-12-24,143.631,143.624,143.658,143.573,27781,391354276.0,0.06,-0.04,-0.058,9.61
2025-12-25,143.624,143.577,143.656,143.562,24865,350359154.0,0.07,-0.03,-0.047,8.6
2025-12-26,143.584,143.669,143.675,143.584,21476,301239032.0,0.06,0.06,0.092,7.43
2025-12-29,143.651,143.5,143.699,143.454,64110,898161012.0,0.17,-0.12,-0.169,22.19
2025-12-30,143.5,143.477,143.526,143.432,22818,319708291.0,0.07,-0.02,-0.023,7.9
2025-12-31,143.483,143.48,143.488,143.409,17226,241243464.0,0.06,0.0,0.003,5.96
2026-01-05,143.474,143.349,143.474,143.338,12972,181611918.0,0.09,-0.09,-0.131,4.49
2026-01-06,143.349,143.244,143.354,143.176,112357,1570924207.0,0.12,-0.07,-0.105,38.88
2026-01-07,143.185,143.167,143.254,143.086,167378,2340480836.0,0.12,-0.05,-0.077,57.92
2026-01-08,143.234,143.288,143.293,143.164,39895,557781282.0,0.09,0.08,0.121,13.81
2026-01-09,143.288,143.277,143.293,143.194,12286,171833972.0,0.07,-0.01,-0.011,4.25
2026-01-12,143.255,143.346,143.409,143.155,16725,234056872.0,0.18,0.05,0.069,5.79
2026-01-13,143.364,143.386,143.399,143.308,8034,112451723.0,0.06,0.03,0.04,2.78
2026-01-14,143.412,143.477,143.539,143.312,150378,2104882648.0,0.16,0.06,0.091,52.04
2026-01-15,143.477,143.532,143.588,143.426,12254,171717523.0,0.11,0.04,0.055,4.24
2026-01-16,143.502,143.622,143.654,143.502,28525,399848109.0,0.11,0.06,0.09,9.87
2026-01-19,143.668,143.613,143.674,143.6,194803,2731692858.0,0.05,-0.01,-0.009,67.41
2026-01-20,143.634,143.702,143.709,143.609,131432,1843502135.0,0.07,0.06,0.089,45.48
2026-01-21,143.705,143.699,143.729,143.637,7478,104913570.0,0.06,0.0,-0.003,2.59
2026-01-22,143.664,143.686,143.728,143.664,326892,4586112978.0,0.04,-0.01,-0.013,113.13
2026-01-23,143.667,143.733,143.782,143.655,185941,2609245846.0,0.09,0.03,0.047,64.35
2026-01-26,143.736,143.706,143.764,143.695,14382,201839995.0,0.05,-0.02,-0.027,4.98
2026-01-27,143.708,143.719,143.76,143.692,206811,2902384149.0,0.05,0.01,0.013,71.57
2026-01-28,143.7,143.741,143.748,143.699,20130,282511254.0,0.03,0.02,0.022,6.97
2026-01-29,143.748,143.827,143.89,143.736,174755,2455320580.0,0.11,0.06,0.086,60.48
2026-01-30,143.828,143.813,143.881,143.79,9467,132960114.0,0.06,-0.01,-0.014,3.28
2026-02-02,143.833,143.816,143.861,143.784,203063,2851431322.0,0.05,0.0,0.003,70.27
2026-02-03,143.798,143.865,143.879,143.759,17589,247050033.0,0.08,0.03,0.049,6.09
2026-02-04,143.884,143.85,143.884,143.82,201750,2833934279.0,0.04,-0.01,-0.015,69.82
2026-02-05,143.85,143.934,143.936,143.819,7987,112208158.0,0.08,0.06,0.084,2.76
2026-02-06,143.984,143.97,143.984,143.897,12868,180871019.0,0.06,0.03,0.036,4.45
2026-02-09,143.964,144.056,144.061,143.927,8479,119245705.0,0.09,0.06,0.086,2.93
2026-02-10,144.064,144.053,144.076,143.963,5421,76259714.0,0.08,0.0,-0.003,1.88
2026-02-11,144.059,144.117,144.127,144.052,6064,85336447.0,0.05,0.04,0.064,2.1
2026-02-12,144.113,144.175,144.182,144.087,6040,85023235.0,0.07,0.04,0.058,2.09
2026-02-13,144.274,144.229,144.294,144.154,18809,264879853.0,0.1,0.04,0.054,6.51
2026-02-24,144.219,144.245,144.269,144.188,10633,149773178.0,0.06,0.01,0.016,3.68
2026-02-25,144.245,144.129,144.245,144.121,9877,139060363.0,0.09,-0.08,-0.116,3.42
2026-02-26,144.129,143.994,144.137,143.981,8914,125362222.0,0.11,-0.09,-0.135,3.08
2026-02-27,143.994,144.082,144.085,143.979,116101,1633170980.0,0.07,0.06,0.088,40.18
2026-03-02,144.083,144.203,144.203,144.083,8054,113379940.0,0.08,0.08,0.121,2.79
2026-03-03,144.203,144.192,144.209,144.154,15663,220550049.0,0.04,-0.01,-0.011,5.42
2026-03-04,144.209,144.313,144.324,144.186,6088,85755837.0,0.1,0.08,0.121,2.11
2026-03-05,144.314,144.254,144.317,144.217,102599,1445202167.0,0.07,-0.04,-0.059,35.51
2026-03-06,144.257,144.29,144.297,144.257,257192,3623453034.0,0.03,0.02,0.036,89.01
2026-03-09,144.292,144.121,144.296,144.104,97514,1372498930.0,0.13,-0.12,-0.169,33.75
2026-03-10,144.146,144.129,144.179,144.064,23681,333197917.0,0.08,0.01,0.008,8.2
2026-03-11,144.116,144.119,144.139,144.073,36833,518344812.0,0.05,-0.01,-0.01,12.75
2026-03-12,144.083,144.123,144.149,144.082,51026,718108320.0,0.05,0.0,0.004,17.66
2026-03-13,144.141,144.156,144.184,144.11,13807,194367506.0,0.05,0.02,0.033,4.78
2026-03-16,144.159,144.062,144.184,144.049,148540,2089975756.0,0.09,-0.07,-0.094,51.4
2026-03-17,144.072,144.064,144.108,144.054,27101,381256370.0,0.04,0.0,0.002,9.38
2026-03-18,144.074,144.202,144.203,144.014,13928,196057791.0,0.13,0.1,0.138,4.82
2026-03-19,144.194,144.278,144.288,144.156,244510,3444857036.0,0.09,0.05,0.076,84.62
2026-03-20,144.272,144.237,144.272,144.229,188748,2658540561.0,0.03,-0.03,-0.041,65.32
2026-03-23,144.207,144.184,144.311,144.151,25126,353840647.0,0.11,-0.04,-0.053,8.7
2026-03-24,144.184,144.148,144.184,144.134,29171,410657475.0,0.03,-0.02,-0.036,10.1
2026-03-25,144.137,144.193,144.266,144.122,103562,1451880805.0,0.1,0.03,0.045,35.84
2026-03-26,144.186,144.247,144.295,144.168,25678,360196720.0,0.09,0.04,0.054,8.89
2026-03-27,144.251,144.332,144.336,144.228,117229,1645336838.0,0.07,0.06,0.085,40.57
2026-03-30,144.341,144.42,144.442,144.341,108977,1530325060.0,0.07,0.06,0.088,37.71
2026-03-31,144.442,144.46,144.474,144.391,26502,372298158.0,0.06,0.03,0.04,9.17
2026-04-01,144.459,144.341,144.459,144.326,90957,1276869393.0,0.09,-0.08,-0.119,31.48
2026-04-02,144.349,144.366,144.399,144.299,28037,393562799.0,0.07,0.02,0.025,9.7
2026-04-03,144.373,144.432,144.451,144.373,15423,216651600.0,0.05,0.05,0.066,5.34
2026-04-07,144.432,144.415,144.468,144.407,18288,256892861.0,0.04,-0.01,-0.017,6.33
2026-04-08,144.396,144.343,144.396,144.256,70776,993720023.0,0.1,-0.05,-0.072,24.49
2026-04-09,144.343,144.36,144.402,144.311,25511,358126493.0,0.06,0.01,0.017,8.83
2026-04-10,144.36,144.362,144.371,144.33,40741,571981864.0,0.03,0.0,0.002,14.1
2026-04-13,144.368,144.398,144.414,144.336,30418,427188473.0,0.05,0.02,0.036,10.53
2026-04-14,144.402,144.424,144.454,144.376,51408,722004013.0,0.05,0.02,0.026,17.79
2026-04-15,144.406,144.557,144.565,144.404,33118,465441359.0,0.11,0.09,0.133,11.46
2026-04-16,144.562,144.643,144.653,144.524,29215,410935490.0,0.09,0.06,0.086,10.11
2026-04-17,144.642,144.71,144.719,144.642,23830,335391041.0,0.05,0.05,0.067,8.25
2026-04-20,144.712,144.695,144.751,144.676,56866,800322151.0,0.05,-0.01,-0.015,19.68
2026-04-21,144.679,144.69,144.734,144.659,7982,112355403.0,0.05,0.0,-0.005,2.76
