日期,开盘,收盘,最高,最低,成交量,成交额,振幅,涨跌幅,涨跌额,换手率
2017-08-24,100.126,99.487,100.126,92.0,2782,27657872.0,8.12,-0.64,-0.64,0.2
2017-08-25,99.487,99.809,99.838,99.001,2889,28791174.0,0.84,0.32,0.322,0.21
2017-08-28,99.817,99.979,99.988,99.79,2726,27231186.0,0.2,0.17,0.17,0.19
2017-08-29,99.98,99.773,99.98,99.753,531,5299552.0,0.23,-0.21,-0.206,0.04
2017-08-30,99.783,99.877,99.9,99.735,411,4099607.0,0.17,0.1,0.104,0.03
2017-08-31,98.853,99.998,100.0,98.853,1115,11143288.0,1.15,0.12,0.121,0.08
2017-09-01,99.815,99.866,99.99,99.815,267,2665704.0,0.18,-0.13,-0.132,0.02
2017-09-04,99.867,99.878,99.988,99.867,185,1849267.0,0.12,0.01,0.012,0.01
2017-09-05,99.277,99.87,99.889,99.277,47,465406.0,0.61,-0.01,-0.008,0.0
2017-09-06,99.849,99.871,100.0,99.83,826,8255089.0,0.17,0.0,0.001,0.06
2017-09-07,99.71,99.822,99.999,99.71,426,4258319.0,0.29,-0.05,-0.049,0.03
2017-09-08,99.751,99.961,99.99,99.751,366,3658059.0,0.24,0.14,0.139,0.03
2017-09-11,99.97,99.998,100.01,99.816,862,8620788.0,0.19,0.04,0.037,0.06
2017-09-12,99.951,99.962,100.03,99.951,237,2366807.0,0.08,-0.04,-0.036,0.02
2017-09-13,99.935,99.995,100.038,99.935,199,1989393.0,0.1,0.03,0.033,0.01
2017-09-14,99.408,100.009,100.069,99.408,347,3473908.0,0.66,0.01,0.014,0.02
2017-09-15,99.73,100.195,100.198,99.73,171,1711662.0,0.47,0.19,0.186,0.01
2017-09-18,100.041,100.276,100.298,100.041,680,6819123.0,0.26,0.08,0.081,0.05
2017-09-19,100.03,100.121,100.276,100.03,212,2125625.0,0.25,-0.15,-0.155,0.02
2017-09-20,100.124,100.225,100.32,100.124,717,7190835.0,0.2,0.1,0.104,0.05
2017-09-21,100.119,100.28,100.35,100.119,516,5169979.0,0.23,0.05,0.055,0.04
2017-09-22,100.103,100.454,100.51,100.103,1421,14244148.0,0.41,0.17,0.174,0.1
2017-09-25,100.126,100.546,100.6,100.126,1109,11124494.0,0.47,0.09,0.092,0.08
2017-09-26,100.2,100.34,100.501,100.2,2363,23728960.0,0.3,-0.2,-0.206,0.17
2017-09-27,100.207,100.315,100.413,100.206,1010,10129438.0,0.21,-0.02,-0.025,0.07
2017-09-28,100.318,100.428,100.445,100.318,933,9367143.0,0.13,0.11,0.113,0.07
2017-09-29,100.2,100.01,100.2,99.921,355,3551955.0,0.28,-0.42,-0.418,0.03
2017-10-09,100.2,100.136,100.2,100.111,1020,10217320.0,0.09,0.13,0.126,0.07
2017-10-10,100.133,100.2,100.2,100.133,598,5989936.0,0.07,0.06,0.064,0.04
2017-10-11,100.167,99.994,100.172,98.001,357,3574362.0,2.17,-0.21,-0.206,0.03
2017-10-12,99.997,99.99,100.12,99.007,757,7568549.0,1.11,0.0,-0.004,0.05
2017-10-13,99.99,99.914,100.168,99.664,933,9318381.0,0.5,-0.08,-0.076,0.07
2017-10-16,99.911,99.901,99.911,99.502,1849,18469954.0,0.41,-0.01,-0.013,0.13
2017-10-17,99.898,99.601,99.898,99.564,1064,10620990.0,0.33,-0.3,-0.3,0.08
2017-10-18,99.604,99.65,99.998,99.6,373,3715475.0,0.4,0.05,0.049,0.03
2017-10-19,99.653,99.836,99.836,99.6,1156,11526268.0,0.24,0.19,0.186,0.08
2017-10-20,99.833,99.741,99.833,99.522,834,8315980.0,0.31,-0.1,-0.095,0.06
2017-10-23,99.629,99.7,99.856,99.629,1207,12037832.0,0.23,-0.04,-0.041,0.09
2017-10-24,99.55,99.668,99.68,99.55,1046,10420286.0,0.13,-0.03,-0.032,0.07
2017-10-25,99.551,99.66,99.7,99.5,390,3889053.0,0.2,-0.01,-0.008,0.03
2017-10-26,99.5,99.608,99.608,99.408,1303,12973871.0,0.2,-0.05,-0.052,0.09
2017-10-27,99.308,99.6,99.7,99.308,1348,13427947.0,0.39,-0.01,-0.008,0.1
2017-10-30,99.597,99.4,99.6,98.64,191,1896972.0,0.96,-0.2,-0.2,0.01
2017-10-31,99.4,99.386,99.65,99.1,1017,10109128.0,0.55,-0.01,-0.014,0.07
2017-11-01,99.389,99.4,99.4,99.156,1071,10643246.0,0.25,0.01,0.014,0.08
2017-11-02,99.203,99.3,99.3,99.203,1183,11748173.0,0.1,-0.1,-0.1,0.08
2017-11-03,99.2,99.2,99.298,99.2,664,6588887.0,0.1,-0.1,-0.1,0.05
2017-11-06,99.2,99.214,99.215,99.2,961,9538433.0,0.02,0.01,0.014,0.07
2017-11-07,99.214,99.215,99.215,99.214,2086,20698233.0,0.0,0.0,0.001,0.15
2017-11-08,99.1,99.2,99.215,99.001,518,5142513.0,0.22,-0.02,-0.015,0.04
2017-11-09,99.01,99.098,99.1,98.5,1077,10670536.0,0.6,-0.1,-0.102,0.08
2017-11-10,99.095,98.676,99.095,98.58,1173,11578262.0,0.52,-0.43,-0.422,0.08
2017-11-13,98.9,98.7,98.9,98.504,1520,15003519.0,0.4,0.02,0.024,0.11
2017-11-14,98.7,98.98,98.98,98.502,865,8536698.0,0.48,0.28,0.28,0.06
2017-11-15,98.977,98.288,98.977,97.922,138,1357856.0,1.07,-0.7,-0.692,0.01
2017-11-16,98.288,98.0,98.398,98.0,3808,37323704.0,0.4,-0.29,-0.288,0.27
2017-11-17,98.01,98.183,98.19,98.01,500,4902732.0,0.18,0.19,0.183,0.04
2017-11-20,98.998,98.213,98.998,98.2,1366,13416189.0,0.81,0.03,0.03,0.1
2017-11-21,98.213,98.231,98.359,98.213,1379,13557515.0,0.15,0.02,0.018,0.1
2017-11-22,98.234,98.048,99.5,98.039,544,5356633.0,1.49,-0.19,-0.183,0.04
2017-11-23,98.051,98.88,98.999,97.964,272,2675005.0,1.06,0.85,0.832,0.02
2017-11-24,98.88,98.2,99.997,98.059,539,5324440.0,1.96,-0.69,-0.68,0.04
2017-11-27,98.197,98.697,98.871,98.15,1313,12942344.0,0.73,0.51,0.497,0.09
2017-11-28,98.697,98.1,98.697,98.1,1003,9855942.0,0.6,-0.6,-0.597,0.07
2017-11-29,97.834,97.454,98.001,97.1,871,8484743.0,0.92,-0.66,-0.646,0.06
2017-11-30,97.451,97.822,98.0,97.27,390,3817653.0,0.75,0.38,0.368,0.03
2017-12-01,97.825,97.996,98.19,97.77,477,4673363.0,0.43,0.18,0.174,0.03
2017-12-04,97.999,97.993,98.088,97.901,238,2328245.0,0.19,0.0,-0.003,0.02
2017-12-05,98.0,97.994,98.247,97.831,1554,15232159.0,0.42,0.0,0.001,0.11
2017-12-06,97.997,97.85,98.04,97.834,736,7215394.0,0.21,-0.15,-0.144,0.05
2017-12-07,97.853,98.002,98.011,97.704,605,5924759.0,0.31,0.16,0.152,0.04
2017-12-08,97.866,97.802,98.0,97.802,302,2960412.0,0.2,-0.2,-0.2,0.02
2017-12-11,97.805,97.805,98.048,97.614,477,4673920.0,0.44,0.0,0.003,0.03
2017-12-12,97.808,97.9,97.999,97.75,1437,14070038.0,0.25,0.1,0.095,0.1
2017-12-13,97.897,97.949,97.949,97.806,1716,16807958.0,0.15,0.05,0.049,0.12
2017-12-14,97.946,97.903,98.0,97.903,1213,11889223.0,0.1,-0.05,-0.046,0.09
2017-12-15,97.906,97.801,98.037,97.8,327,3205561.0,0.24,-0.1,-0.102,0.02
2017-12-18,97.825,97.9,97.999,97.825,754,7385616.0,0.18,0.1,0.099,0.05
2017-12-19,97.903,97.85,97.984,97.813,1617,15842941.0,0.17,-0.05,-0.05,0.12
2017-12-20,97.853,98.15,98.498,97.853,469,4605443.0,0.66,0.31,0.3,0.03
2017-12-21,98.147,98.148,98.46,97.962,566,5552224.0,0.51,0.0,-0.002,0.04
2017-12-22,98.15,98.155,98.383,98.126,2476,24304244.0,0.26,0.01,0.007,0.18
2017-12-25,98.164,98.16,98.228,98.011,525,5151857.0,0.22,0.01,0.005,0.04
2017-12-26,98.163,98.25,98.394,98.001,212,2083893.0,0.4,0.09,0.09,0.02
2017-12-27,98.247,98.113,98.481,98.113,1130,11091298.0,0.37,-0.14,-0.137,0.08
2017-12-28,98.116,97.05,98.25,97.05,229,2246414.0,1.22,-1.08,-1.063,0.02
2017-12-29,97.502,98.116,98.4,97.502,366,3590987.0,0.93,1.1,1.066,0.03
2018-01-02,98.119,98.2,98.2,98.002,1070,10511179.0,0.2,0.09,0.084,0.08
2018-01-03,98.203,98.16,98.203,98.101,754,7405183.0,0.1,-0.04,-0.04,0.05
2018-01-04,98.11,98.161,98.161,98.081,1364,13389083.0,0.08,0.0,0.001,0.1
2018-01-05,98.164,98.078,98.477,97.501,565,5528626.0,0.99,-0.08,-0.083,0.04
2018-01-08,98.075,97.986,98.342,97.851,365,3578728.0,0.5,-0.09,-0.092,0.03
2018-01-09,97.98,98.124,98.294,97.855,775,7594558.0,0.45,0.14,0.138,0.06
2018-01-10,98.12,98.004,98.12,97.93,361,3538959.0,0.19,-0.12,-0.12,0.03
2018-01-11,98.001,97.742,98.001,97.621,327,3196335.0,0.39,-0.27,-0.262,0.02
2018-01-12,97.751,97.755,97.888,97.751,130,1272889.0,0.14,0.01,0.013,0.01
2018-01-15,97.758,97.8,97.889,97.65,97,949686.0,0.24,0.05,0.045,0.01
2018-01-16,97.803,97.859,97.859,97.731,935,9140864.0,0.13,0.06,0.059,0.07
2018-01-17,97.856,97.634,97.856,97.6,22,215799.0,0.26,-0.23,-0.225,0.0
2018-01-18,97.653,97.702,97.779,97.551,332,3246741.0,0.23,0.07,0.068,0.02
2018-01-19,97.641,97.997,97.997,97.641,126,1233207.0,0.36,0.3,0.295,0.01
2018-01-22,97.987,98.456,98.499,97.714,138,1353979.0,0.8,0.47,0.459,0.01
2018-01-23,98.2,98.25,98.399,98.2,861,8453955.0,0.2,-0.21,-0.206,0.06
2018-01-24,98.244,98.25,98.396,98.061,3013,29605605.0,0.34,0.0,0.0,0.22
2018-01-25,98.242,97.816,98.39,97.502,628,6170791.0,0.9,-0.44,-0.434,0.04
2018-01-26,98.001,98.027,98.456,98.001,1210,11885411.0,0.47,0.22,0.211,0.09
2018-01-29,98.036,98.01,98.279,98.0,1062,10410758.0,0.28,-0.02,-0.017,0.08
2018-01-30,98.013,97.861,98.339,97.852,970,9503686.0,0.5,-0.15,-0.149,0.07
2018-01-31,97.864,98.053,98.054,97.763,245,2400002.0,0.3,0.2,0.192,0.02
2018-02-01,98.056,97.966,98.171,97.851,988,9699858.0,0.33,-0.09,-0.087,0.07
2018-02-02,97.978,98.168,98.168,97.931,139,1363638.0,0.24,0.21,0.202,0.01
2018-02-05,98.165,98.17,98.299,98.1,478,4692586.0,0.2,0.0,0.002,0.03
2018-02-06,98.173,98.001,98.2,97.951,117,1144684.0,0.25,-0.17,-0.169,0.01
2018-02-07,98.103,98.201,98.249,98.1,341,3348293.0,0.15,0.2,0.2,0.02
2018-02-08,98.2,98.342,98.896,98.2,140,1378537.0,0.71,0.14,0.141,0.01
2018-02-09,98.28,98.4,98.488,98.28,171,1685578.0,0.21,0.06,0.058,0.01
2018-02-12,98.399,98.251,98.947,98.251,115,1133661.0,0.71,-0.15,-0.149,0.01
2018-02-13,98.421,98.282,98.58,98.263,7,69941.0,0.32,0.03,0.031,0.0
2018-02-14,98.285,98.891,98.9,98.285,147,1457562.0,0.63,0.62,0.609,0.01
2018-02-22,98.844,98.6,98.879,98.6,28,276819.0,0.28,-0.29,-0.291,0.0
2018-02-23,98.371,98.6,98.959,98.371,284,2800279.0,0.6,0.0,0.0,0.02
2018-02-26,98.98,99.345,100.56,98.98,724,7195701.0,1.6,0.76,0.745,0.05
2018-02-27,99.348,99.5,100.3,99.348,425,4230761.0,0.96,0.16,0.155,0.03
2018-02-28,99.4,99.467,99.499,99.4,994,9887048.0,0.1,-0.03,-0.033,0.07
2018-03-01,99.401,99.392,99.401,99.111,143,1421279.0,0.29,-0.08,-0.075,0.01
2018-03-02,99.06,99.292,99.392,99.06,283,2806185.0,0.33,-0.1,-0.1,0.02
2018-03-05,99.08,99.201,99.301,99.06,27,268997.0,0.24,-0.09,-0.091,0.0
2018-03-06,99.011,99.255,99.255,99.011,227,2253042.0,0.25,0.05,0.054,0.02
2018-03-07,99.26,99.2,99.26,99.032,2078,20617365.0,0.23,-0.06,-0.055,0.15
2018-03-08,99.0,99.072,99.124,99.0,455,4508923.0,0.13,-0.13,-0.128,0.03
2018-03-09,99.072,99.08,99.194,99.005,256,2536256.0,0.19,0.01,0.008,0.02
2018-03-12,99.08,99.092,99.2,99.029,200,1981750.0,0.17,0.01,0.012,0.01
2018-03-13,99.089,99.05,99.17,99.004,54,535976.0,0.17,-0.04,-0.042,0.0
2018-03-14,99.0,98.978,99.065,98.952,141,1396544.0,0.11,-0.07,-0.072,0.01
2018-03-15,98.988,99.019,99.03,98.988,52,516823.0,0.04,0.04,0.041,0.0
2018-03-16,99.022,99.03,99.091,98.995,143,1417712.0,0.1,0.01,0.011,0.01
2018-03-19,99.03,99.17,99.25,99.03,47,465754.0,0.22,0.14,0.14,0.0
2018-03-20,99.075,99.2,99.2,99.075,65,645280.0,0.13,0.03,0.03,0.0
2018-03-21,99.203,99.184,99.36,99.12,62,619362.0,0.24,-0.02,-0.016,0.0
2018-03-22,99.185,99.39,100.202,99.185,49,487314.0,1.03,0.21,0.206,0.0
2018-03-23,99.61,99.99,100.0,99.5,190,1897222.0,0.5,0.6,0.6,0.01
2018-03-26,99.99,99.7,100.296,99.55,44,439944.0,0.75,-0.29,-0.29,0.0
2018-03-27,99.47,99.56,99.99,99.47,28,279242.0,0.52,-0.14,-0.14,0.0
2018-03-28,99.563,99.668,99.76,99.563,17,171433.0,0.2,0.11,0.108,0.0
2018-03-29,99.671,99.331,99.991,99.282,353,3521226.0,0.71,-0.34,-0.337,0.03
2018-03-30,99.334,99.565,100.094,99.334,243,2424123.0,0.77,0.24,0.234,0.02
2018-04-02,99.568,99.769,99.79,99.334,287,2862732.0,0.46,0.2,0.204,0.02
2018-04-03,99.772,99.78,100.16,99.621,236,2354551.0,0.54,0.01,0.011,0.02
2018-04-04,99.783,99.879,99.88,99.518,261,2606451.0,0.36,0.1,0.099,0.02
2018-04-09,99.703,100.226,100.226,99.703,140,1396658.0,0.52,0.35,0.347,0.01
2018-04-10,100.101,100.151,100.151,100.101,134,1338987.0,0.05,-0.07,-0.075,0.01
2018-04-11,100.082,100.251,100.251,100.082,92,922534.0,0.17,0.1,0.1,0.01
2018-04-12,100.254,100.296,100.3,100.248,76,758134.0,0.05,0.04,0.045,0.01
2018-04-13,100.288,100.29,100.29,100.286,33,332959.0,0.0,-0.01,-0.006,0.0
2018-04-16,100.223,100.4,100.4,100.222,8,76247.0,0.18,0.11,0.11,0.0
2018-04-17,100.4,100.699,100.699,100.131,78,782399.0,0.57,0.3,0.299,0.01
2018-04-18,100.702,101.001,101.2,100.596,100,1009891.0,0.6,0.3,0.302,0.01
2018-04-19,101.331,101.6,102.35,101.33,55,562979.0,1.01,0.59,0.599,0.0
2018-04-20,101.597,101.621,101.8,101.597,18,178921.0,0.2,0.02,0.021,0.0
2018-04-23,101.031,101.6,101.7,101.031,30,306010.0,0.66,-0.02,-0.021,0.0
2018-04-24,101.5,101.7,101.7,101.5,70,710645.0,0.2,0.1,0.1,0.0
2018-04-25,101.601,101.6,101.601,101.6,15,151384.0,0.0,-0.1,-0.1,0.0
2018-04-26,101.6,101.6,101.6,101.6,2,24384.0,0.0,0.0,0.0,0.0
2018-04-27,101.6,101.6,101.8,101.6,5,52852.0,0.2,0.0,0.0,0.0
2018-05-02,101.089,101.091,101.091,101.088,3,30327.0,0.0,-0.5,-0.509,0.0
2018-05-03,101.094,101.11,101.11,101.0,16,161763.0,0.11,0.02,0.019,0.0
2018-05-04,101.186,101.186,101.186,101.186,3,30356.0,0.0,0.08,0.076,0.0
2018-05-07,101.189,101.203,101.203,101.189,7,71853.0,0.01,0.02,0.017,0.0
2018-05-08,101.206,101.011,101.206,101.011,24,243580.0,0.19,-0.19,-0.192,0.0
2018-05-09,101.008,100.77,101.008,100.7,131,1321291.0,0.3,-0.24,-0.241,0.01
2018-05-10,100.61,100.6,100.61,100.6,130,1310821.0,0.01,-0.17,-0.17,0.01
2018-05-11,100.7,100.7,100.7,100.7,209,2107651.0,0.0,0.1,0.1,0.01
2018-05-14,101.7,100.206,101.7,100.206,61,620772.0,1.48,-0.49,-0.494,0.0
2018-05-15,100.209,100.401,101.2,100.209,68,690987.0,0.99,0.19,0.195,0.0
2018-05-16,100.4,100.5,100.5,100.4,19,185744.0,0.1,0.1,0.099,0.0
2018-05-17,100.4,100.6,100.6,100.4,121,1217240.0,0.2,0.1,0.1,0.01
2018-05-18,100.627,100.6,100.7,100.405,104,1047656.0,0.29,0.0,0.0,0.01
2018-05-21,100.603,100.7,101.7,100.603,102,1024800.0,1.09,0.1,0.1,0.01
2018-05-22,100.7,100.9,100.9,100.7,126,1270941.0,0.2,0.2,0.2,0.01
2018-05-23,100.9,100.9,100.9,100.9,22,221980.0,0.0,0.0,0.0,0.0
2018-05-24,101.1,101.143,101.156,101.1,78,792769.0,0.06,0.24,0.243,0.01
2018-05-25,100.9,101.081,101.2,100.9,53,535393.0,0.3,-0.06,-0.062,0.0
2018-05-28,101.084,101.559,102.576,101.084,176,1788317.0,1.48,0.47,0.478,0.01
2018-05-29,101.694,101.634,101.697,101.598,190,1930687.0,0.1,0.07,0.075,0.01
2018-05-30,101.65,101.8,110.901,101.65,207,2112286.0,9.1,0.16,0.166,0.01
2018-05-31,101.803,101.791,102.0,101.6,383,3898691.0,0.39,-0.01,-0.009,0.03
2018-06-01,101.794,101.704,101.794,101.6,80,813612.0,0.19,-0.09,-0.087,0.01
2018-06-04,101.542,101.642,101.642,101.542,32,326180.0,0.1,-0.06,-0.062,0.0
2018-06-05,101.342,101.424,101.424,101.342,8,76015.0,0.08,-0.21,-0.218,0.0
2018-06-06,101.267,101.466,101.467,101.267,20,202694.0,0.2,0.04,0.042,0.0
2018-06-07,101.4,101.267,101.425,101.267,3,31435.0,0.16,-0.2,-0.199,0.0
2018-06-08,101.264,101.109,101.264,100.59,56,570506.0,0.67,-0.16,-0.158,0.0
2018-06-11,100.9,101.362,101.478,100.9,47,472163.0,0.57,0.25,0.253,0.0
2018-06-12,101.359,101.344,101.386,100.452,203,2059236.0,0.92,-0.02,-0.018,0.01
2018-06-13,101.173,101.101,101.174,101.101,44,445040.0,0.07,-0.24,-0.243,0.0
2018-06-14,101.098,101.161,101.17,100.35,31,313498.0,0.81,0.06,0.06,0.0
2018-06-15,101.164,101.261,101.361,101.164,36,364640.0,0.19,0.1,0.1,0.0
2018-06-19,101.261,101.103,101.7,101.101,76,771592.0,0.59,-0.16,-0.158,0.01
2018-06-20,101.106,101.3,101.499,101.106,32,325562.0,0.39,0.19,0.197,0.0
2018-06-21,101.3,101.6,101.7,101.3,89,907948.0,0.39,0.3,0.3,0.01
2018-06-22,101.301,101.788,101.9,101.301,69,702417.0,0.59,0.19,0.188,0.0
2018-06-25,101.785,102.0,102.198,101.301,74,754584.0,0.88,0.21,0.212,0.01
2018-06-26,101.9,101.9,101.9,101.9,15,152850.0,0.0,-0.1,-0.1,0.0
2018-06-27,101.9,101.601,102.0,101.601,26,264862.0,0.39,-0.29,-0.299,0.0
2018-06-28,101.604,101.9,102.199,101.604,27,275376.0,0.59,0.29,0.299,0.0
2018-06-29,101.903,102.2,102.2,101.459,340,3468020.0,0.73,0.29,0.3,0.02
2018-07-02,102.203,102.396,102.7,102.203,168,1726130.0,0.49,0.19,0.196,0.01
2018-07-03,102.399,102.796,102.8,102.399,96,989376.0,0.39,0.39,0.4,0.01
2018-07-04,102.793,102.5,102.793,102.5,11,112859.0,0.29,-0.29,-0.296,0.0
2018-07-05,102.5,102.5,102.502,102.5,15,153751.0,0.0,0.0,0.0,0.0
2018-07-06,102.497,102.5,102.5,102.497,19,194750.0,0.0,0.0,0.0,0.0
2018-07-09,102.3,102.3,102.3,102.21,105,1074141.0,0.09,-0.2,-0.2,0.01
2018-07-10,102.16,102.374,102.4,102.1,53,542255.0,0.29,0.07,0.074,0.0
2018-07-11,102.3,102.157,102.3,102.14,9,93037.0,0.16,-0.21,-0.217,0.0
2018-07-12,102.166,102.4,102.507,102.166,46,471221.0,0.33,0.24,0.243,0.0
2018-07-13,102.397,102.401,102.41,102.286,24,246774.0,0.12,0.0,0.001,0.0
2018-07-16,102.413,102.74,102.799,102.413,34,349354.0,0.38,0.33,0.339,0.0
2018-07-17,102.79,102.88,102.889,102.79,6,61703.0,0.1,0.14,0.14,0.0
2018-07-18,103.015,102.728,103.015,102.727,37,381481.0,0.28,-0.15,-0.152,0.0
2018-07-19,102.725,102.999,102.999,102.671,11,113128.0,0.32,0.26,0.271,0.0
2018-07-20,103.187,103.1,103.2,103.1,34,350754.0,0.1,0.1,0.101,0.0
2018-07-23,103.002,102.8,103.002,102.6,53,545080.0,0.39,-0.29,-0.3,0.0
2018-07-24,102.601,102.614,102.799,102.601,6,62607.0,0.19,-0.18,-0.186,0.0
2018-07-25,102.611,102.5,102.611,102.401,14,144501.0,0.2,-0.11,-0.114,0.0
2018-07-26,102.4,102.589,102.589,102.4,12,123002.0,0.18,0.09,0.089,0.0
2018-07-27,102.901,102.649,102.901,102.5,21,216616.0,0.39,0.06,0.06,0.0
2018-07-30,102.652,102.6,102.652,102.599,15,154956.0,0.05,-0.05,-0.049,0.0
2018-07-31,102.488,102.699,102.7,102.488,5,52359.0,0.21,0.1,0.099,0.0
2018-08-01,102.79,102.698,102.85,102.698,16,164443.0,0.15,0.0,-0.001,0.0
2018-08-02,102.708,103.2,104.213,102.708,54,558114.0,1.47,0.49,0.502,0.0
2018-08-03,102.845,103.3,103.3,102.845,4,42252.0,0.44,0.1,0.1,0.0
2018-08-06,103.303,103.689,103.689,103.111,31,320288.0,0.56,0.38,0.389,0.0
2018-08-07,103.201,103.26,103.799,103.201,7,72317.0,0.58,-0.41,-0.429,0.0
2018-08-08,102.812,102.839,103.256,102.812,24,247209.0,0.43,-0.41,-0.421,0.0
2018-08-09,102.839,102.851,103.16,102.7,8,83368.0,0.45,0.01,0.012,0.0
2018-08-10,102.631,102.905,102.933,102.631,7,71990.0,0.29,0.05,0.054,0.0
2018-08-13,102.894,102.341,102.894,102.341,33,338459.0,0.54,-0.55,-0.564,0.0
2018-08-14,102.67,102.541,102.67,102.541,5,51309.0,0.13,0.2,0.2,0.0
2018-08-15,102.7,102.885,102.887,102.7,18,186036.0,0.18,0.34,0.344,0.0
2018-08-16,102.408,102.605,103.08,102.309,8,82202.0,0.75,-0.27,-0.28,0.0
2018-08-20,101.751,101.751,101.752,101.751,5,51893.0,0.0,-0.83,-0.854,0.0
2018-08-21,102.405,101.951,102.405,101.751,7,71482.0,0.64,0.2,0.2,0.0
2018-08-22,101.752,101.74,101.93,101.716,316,3216341.0,0.21,-0.21,-0.211,0.02
2018-08-23,102.0,102.2,102.2,101.999,244,2488820.0,0.2,0.45,0.46,0.02
2018-08-24,102.201,102.005,102.6,102.0,250,2554092.0,0.59,-0.19,-0.195,0.02
2018-08-27,102.5,102.227,102.5,102.222,165,1681679.0,0.27,0.22,0.222,0.01
2018-08-28,103.233,102.218,103.233,102.0,409,4183366.0,1.21,-0.01,-0.009,0.03
2018-08-29,102.5,102.333,103.25,102.296,1405,14377897.0,0.93,0.11,0.115,0.1
2018-08-30,102.48,102.496,102.496,102.3,1036,10607510.0,0.19,0.16,0.163,0.07
2018-08-31,101.464,102.577,102.596,101.464,352,3611539.0,1.1,0.08,0.081,0.03
2018-09-03,102.575,102.39,102.76,102.268,338,3457077.0,0.48,-0.18,-0.187,0.02
2018-09-04,102.1,102.381,102.4,101.93,798,8168610.0,0.46,-0.01,-0.009,0.06
2018-09-05,102.201,102.3,102.6,102.165,280,2864636.0,0.42,-0.08,-0.081,0.02
2018-09-06,101.398,102.188,102.193,101.398,261,2667111.0,0.78,-0.11,-0.112,0.02
2018-09-07,102.05,102.157,102.177,102.049,220,2250008.0,0.13,-0.03,-0.031,0.02
2018-09-10,102.104,102.11,102.18,102.1,205,2093260.0,0.08,-0.05,-0.047,0.01
2018-09-11,101.911,101.887,102.05,101.441,884,8994639.0,0.6,-0.22,-0.223,0.06
2018-09-12,101.75,101.771,101.87,101.599,168,1707301.0,0.27,-0.11,-0.116,0.01
2018-09-13,101.771,101.751,102.178,101.733,399,4071184.0,0.44,-0.02,-0.02,0.03
2018-09-14,101.781,101.98,102.035,101.781,274,2795508.0,0.25,0.23,0.229,0.02
2018-09-17,102.11,102.101,102.2,101.919,249,2540500.0,0.28,0.12,0.121,0.02
2018-09-18,102.101,102.184,102.252,102.101,209,2139834.0,0.15,0.08,0.083,0.01
2018-09-19,102.436,102.168,102.436,102.168,525,5365717.0,0.26,-0.02,-0.016,0.04
2018-09-20,102.43,101.97,102.43,101.899,3866,39425065.0,0.52,-0.19,-0.198,0.28
2018-09-21,101.889,101.819,101.9,101.808,376,3828245.0,0.09,-0.15,-0.151,0.03
2018-09-25,102.34,101.99,102.34,101.851,514,5243696.0,0.48,0.17,0.171,0.04
2018-09-26,102.4,102.03,102.4,101.91,741,7561420.0,0.48,0.04,0.04,0.05
2018-09-27,102.033,102.14,102.146,102.033,627,6403192.0,0.11,0.11,0.11,0.04
2018-09-28,102.299,102.373,102.373,102.239,635,6497411.0,0.13,0.23,0.233,0.05
2018-10-08,102.1,102.407,102.413,102.1,265,2714704.0,0.31,0.03,0.034,0.02
2018-10-09,102.108,102.532,102.533,102.108,554,5679993.0,0.42,0.12,0.125,0.04
2018-10-10,102.54,102.47,102.546,102.458,538,5517849.0,0.09,-0.06,-0.062,0.04
2018-10-11,102.5,102.639,102.639,102.5,524,5370948.0,0.14,0.16,0.169,0.04
2018-10-12,102.82,102.814,102.824,102.685,819,8420699.0,0.14,0.17,0.175,0.06
2018-10-15,102.806,102.806,102.809,102.806,1247,12820149.0,0.0,-0.01,-0.008,0.09
2018-10-16,102.837,102.84,102.84,102.836,1072,11025255.0,0.0,0.03,0.034,0.08
2018-10-17,102.915,102.916,102.917,102.9,668,6875831.0,0.02,0.07,0.076,0.05
2018-10-18,102.891,102.893,102.986,102.89,1542,15866219.0,0.09,-0.02,-0.023,0.11
2018-10-19,102.98,103.068,103.36,102.779,1098,11317075.0,0.56,0.17,0.175,0.08
2018-10-22,102.95,102.95,102.953,102.95,1541,15864882.0,0.0,-0.11,-0.118,0.11
2018-10-23,102.799,102.897,102.914,102.797,401,4123178.0,0.11,-0.05,-0.053,0.03
2018-10-24,103.65,102.99,103.65,102.603,1224,12603620.0,1.02,0.09,0.093,0.09
2018-10-25,103.17,103.169,103.18,103.169,920,9492357.0,0.01,0.17,0.179,0.07
2018-10-26,102.901,103.183,103.183,102.9,1043,10761836.0,0.27,0.01,0.014,0.07
2018-10-29,102.878,103.195,103.195,102.878,1130,11660891.0,0.31,0.01,0.012,0.08
2018-10-30,103.91,103.431,103.91,103.35,968,10012128.0,0.54,0.23,0.236,0.07
2018-10-31,103.4,103.402,103.402,103.4,1066,11022544.0,0.0,-0.03,-0.029,0.08
2018-11-01,103.471,103.471,103.7,103.47,733,7584563.0,0.22,0.07,0.069,0.05
2018-11-02,103.47,103.42,103.47,103.42,1023,10584219.0,0.05,-0.05,-0.051,0.07
2018-11-05,102.7,103.293,103.568,102.7,666,6877754.0,0.84,-0.12,-0.127,0.05
2018-11-06,102.718,103.461,103.865,102.718,968,10009731.0,1.11,0.16,0.168,0.07
2018-11-07,103.491,103.583,103.583,103.491,989,10243167.0,0.09,0.12,0.122,0.07
2018-11-08,103.815,103.9,103.901,103.815,1015,10537534.0,0.08,0.31,0.317,0.07
2018-11-09,103.8,103.83,103.83,103.8,986,10239036.0,0.03,-0.07,-0.07,0.07
2018-11-12,104.18,103.871,104.18,103.871,1117,11602458.0,0.3,0.04,0.041,0.08
2018-11-13,103.813,103.875,103.888,103.811,804,8348029.0,0.07,0.0,0.004,0.06
2018-11-14,103.981,104.203,104.249,103.98,10669,111112177.0,0.26,0.32,0.328,0.76
2018-11-15,104.345,104.511,104.518,104.02,16358,170648142.0,0.48,0.3,0.308,1.17
2018-11-16,104.56,104.708,104.782,104.56,18383,192267982.0,0.21,0.19,0.197,1.31
2018-11-19,104.918,104.843,105.218,104.833,4164,43692120.0,0.37,0.13,0.135,0.3
2018-11-20,104.645,104.736,104.8,104.645,19227,201440000.0,0.15,-0.1,-0.107,1.37
2018-11-21,104.9,104.743,104.9,104.697,16187,169584091.0,0.19,0.01,0.007,1.16
2018-11-22,105.808,104.674,105.808,104.674,18558,194482851.0,1.08,-0.07,-0.069,1.33
2018-11-23,104.77,104.684,104.771,104.502,16327,170825580.0,0.26,0.01,0.01,1.17
2018-11-26,104.598,104.498,104.646,104.482,11776,123117923.0,0.16,-0.18,-0.186,0.84
2018-11-27,104.298,104.507,104.507,104.298,15958,166696417.0,0.2,0.01,0.009,1.14
2018-11-28,104.52,104.545,104.563,104.52,10880,113758979.0,0.04,0.04,0.038,0.78
2018-11-29,104.61,104.752,104.996,104.61,10393,108799327.0,0.37,0.2,0.207,0.74
2018-11-30,104.705,104.587,104.752,101.645,12670,132648359.0,2.97,-0.16,-0.165,0.91
2018-12-03,104.587,104.737,104.741,104.4,12577,131708421.0,0.33,0.14,0.15,0.9
2018-12-04,104.778,104.966,104.976,104.778,9478,99435286.0,0.19,0.22,0.229,0.68
2018-12-05,105.199,105.223,105.72,105.004,14353,151303298.0,0.68,0.24,0.257,1.03
2018-12-06,105.228,105.339,105.48,105.202,14719,154959798.0,0.26,0.11,0.116,1.05
2018-12-07,105.255,105.38,105.409,105.255,7533,79375112.0,0.15,0.04,0.041,0.54
2018-12-10,105.38,105.499,105.82,105.35,14500,153043524.0,0.45,0.11,0.119,1.04
2018-12-11,105.548,105.654,105.658,105.548,3710,39179384.0,0.1,0.15,0.155,0.27
2018-12-12,105.654,105.685,105.696,105.504,1414,14941560.0,0.18,0.03,0.031,0.1
2018-12-13,105.413,105.335,105.555,105.25,940,9905651.0,0.29,-0.33,-0.35,0.07
2018-12-14,105.02,104.982,105.3,104.729,1977,20760416.0,0.54,-0.34,-0.353,0.14
2018-12-17,105.102,104.91,105.102,104.9,12605,132289429.0,0.19,-0.07,-0.072,0.9
2018-12-18,104.66,104.746,104.91,104.6,2694,28199719.0,0.3,-0.16,-0.164,0.19
2018-12-19,104.777,104.885,104.885,104.77,6463,67765520.0,0.11,0.13,0.139,0.46
2018-12-20,105.25,105.195,105.25,105.03,12120,127489204.0,0.21,0.3,0.31,0.87
2018-12-21,105.198,105.422,105.56,105.195,15552,164035611.0,0.35,0.22,0.227,1.11
2018-12-24,105.316,105.25,105.415,105.209,8526,89737140.0,0.2,-0.16,-0.172,0.61
2018-12-25,105.25,105.306,105.4,105.15,11817,124420020.0,0.24,0.05,0.056,0.84
2018-12-26,105.438,105.536,105.536,105.349,4488,47283939.0,0.18,0.22,0.23,0.32
2018-12-27,105.536,105.658,105.68,105.406,17165,181329284.0,0.26,0.12,0.122,1.23
2018-12-28,105.711,106.134,106.3,105.711,44686,474038576.0,0.56,0.45,0.476,3.19
2019-01-02,105.9,106.08,106.193,105.688,34564,366828624.0,0.48,-0.05,-0.054,2.47
2019-01-03,106.08,106.257,106.257,106.08,3386,35960846.0,0.17,0.17,0.177,0.24
2019-01-04,106.28,106.119,106.44,106.0,2113,22445327.0,0.41,-0.13,-0.138,0.15
2019-01-07,106.09,106.007,106.116,105.91,642,6807891.0,0.19,-0.11,-0.112,0.05
2019-01-08,106.04,106.092,106.123,106.0,1347,14285252.0,0.12,0.08,0.085,0.1
2019-01-09,106.121,106.172,106.182,106.075,935,9919823.0,0.1,0.08,0.08,0.07
2019-01-10,106.185,106.191,106.285,106.182,595,6321295.0,0.1,0.02,0.019,0.04
2019-01-11,106.191,106.184,106.201,106.141,1095,11627258.0,0.06,-0.01,-0.007,0.08
2019-01-14,106.213,106.144,106.226,106.1,1199,12723842.0,0.12,-0.04,-0.04,0.09
2019-01-15,106.104,106.1,106.155,106.059,701,7438166.0,0.09,-0.04,-0.044,0.05
2019-01-16,106.108,106.352,106.594,106.108,1669,17730804.0,0.46,0.24,0.252,0.12
2019-01-17,106.58,106.539,106.58,106.48,1289,13732463.0,0.09,0.18,0.187,0.09
2019-01-18,106.5,106.44,106.512,106.43,1136,12094432.0,0.08,-0.09,-0.099,0.08
2019-01-21,106.4,106.3,106.411,106.195,971,10320979.0,0.2,-0.13,-0.14,0.07
2019-01-22,106.19,106.319,106.34,106.19,2062,21922145.0,0.14,0.02,0.019,0.15
2019-01-23,106.28,106.221,106.3,106.198,334,3548688.0,0.1,-0.09,-0.098,0.02
2019-01-24,106.201,106.263,106.279,106.167,368,3909747.0,0.11,0.04,0.042,0.03
2019-01-25,106.263,106.113,106.263,106.083,1010,10718552.0,0.17,-0.14,-0.15,0.07
2019-01-28,106.064,106.109,106.12,106.01,1678,17797694.0,0.1,0.0,-0.004,0.12
2019-01-29,106.063,106.181,106.184,106.063,1233,13089414.0,0.11,0.07,0.072,0.09
2019-01-30,106.25,106.269,106.289,106.25,411,4367550.0,0.04,0.08,0.088,0.03
2019-01-31,106.3,106.351,106.415,106.3,591,6285339.0,0.11,0.08,0.082,0.04
2019-02-01,106.451,106.456,106.554,106.419,534,5684737.0,0.13,0.1,0.105,0.04
2019-02-11,106.456,106.641,106.641,106.4,1205,12839364.0,0.23,0.17,0.185,0.09
2019-02-12,106.645,106.72,106.79,106.645,647,6906235.0,0.14,0.07,0.079,0.05
2019-02-13,106.721,106.779,106.815,106.721,2638,28169652.0,0.09,0.06,0.059,0.19
2019-02-14,106.78,106.651,106.818,106.075,1263,13471701.0,0.7,-0.12,-0.128,0.09
2019-02-15,106.67,106.779,106.9,106.67,3373,35999357.0,0.22,0.12,0.128,0.24
2019-02-18,106.748,106.676,106.748,106.675,7593,80999996.0,0.07,-0.1,-0.103,0.54
2019-02-19,106.6,106.587,106.61,106.42,10333,110085784.0,0.18,-0.08,-0.089,0.74
2019-02-20,106.585,106.475,106.585,106.428,5892,62745245.0,0.15,-0.11,-0.112,0.42
2019-02-21,106.47,106.401,106.472,106.354,4360,46412275.0,0.11,-0.07,-0.074,0.31
2019-02-22,106.39,106.234,106.39,106.159,1603,17038914.0,0.22,-0.16,-0.167,0.11
2019-02-25,106.2,106.114,106.261,106.0,4309,45711075.0,0.25,-0.11,-0.12,0.31
2019-02-26,106.015,105.8,106.015,105.68,2527,26746825.0,0.32,-0.3,-0.314,0.18
2019-02-27,105.808,106.0,106.009,105.808,3639,38538353.0,0.19,0.19,0.2,0.26
2019-02-28,106.069,106.01,106.069,106.0,1205,12775796.0,0.07,0.01,0.01,0.09
2019-03-01,106.011,105.96,106.106,105.885,1422,15073202.0,0.21,-0.05,-0.05,0.1
2019-03-04,105.76,105.947,105.985,105.7,2933,31039714.0,0.27,-0.01,-0.013,0.21
2019-03-05,105.85,105.84,105.901,105.8,1621,17161428.0,0.1,-0.1,-0.107,0.12
2019-03-06,105.73,105.833,105.924,105.73,2176,23030792.0,0.18,-0.01,-0.007,0.16
2019-03-07,105.838,106.176,106.192,105.838,3006,31874868.0,0.33,0.32,0.343,0.21
2019-03-08,106.189,106.236,106.4,106.181,9455,100479249.0,0.21,0.06,0.06,0.68
2019-03-11,106.378,106.232,106.378,106.218,1585,16840008.0,0.15,0.0,-0.004,0.11
2019-03-12,106.233,106.317,106.41,106.233,4021,42762587.0,0.17,0.08,0.085,0.29
2019-03-13,106.241,106.373,106.398,106.241,447,4753636.0,0.15,0.05,0.056,0.03
2019-03-14,106.4,106.357,106.422,106.357,906,9638800.0,0.06,-0.02,-0.016,0.06
2019-03-15,106.35,106.394,106.395,106.307,524,5573619.0,0.08,0.03,0.037,0.04
2019-03-18,106.354,106.347,106.406,105.6,2184,23184560.0,0.76,-0.04,-0.047,0.16
2019-03-19,106.152,106.401,106.5,106.152,602,6409697.0,0.33,0.05,0.054,0.04
2019-03-20,106.45,106.489,106.533,106.45,294,3132808.0,0.08,0.08,0.088,0.02
2019-03-21,106.43,106.486,106.49,106.43,537,5717901.0,0.06,0.0,-0.003,0.04
2019-03-22,106.488,106.66,106.66,106.488,713,7602676.0,0.16,0.16,0.174,0.05
2019-03-25,106.76,106.889,106.999,106.76,666,7116265.0,0.22,0.21,0.229,0.05
2019-03-26,106.891,107.128,107.18,106.85,851,9115126.0,0.31,0.22,0.239,0.06
2019-03-27,107.128,107.09,107.173,107.032,868,9296453.0,0.13,-0.04,-0.038,0.06
2019-03-28,107.001,106.99,107.088,106.99,154,1648201.0,0.09,-0.09,-0.1,0.01
2019-03-29,107.279,106.88,107.279,106.733,2629,28124463.0,0.51,-0.1,-0.11,0.19
2019-04-01,106.568,106.782,106.899,106.568,780,8331415.0,0.31,-0.09,-0.098,0.06
2019-04-02,106.77,106.429,106.77,106.34,4377,46585872.0,0.4,-0.33,-0.353,0.31
2019-04-03,106.68,106.02,106.68,106.001,645,6850138.0,0.64,-0.38,-0.409,0.05
2019-04-04,105.849,105.725,105.921,105.706,1500,15865014.0,0.2,-0.28,-0.295,0.11
2019-04-08,105.699,105.5,105.7,105.2,12190,128654814.0,0.47,-0.21,-0.225,0.87
2019-04-09,105.505,105.533,105.7,105.505,818,8641640.0,0.18,0.03,0.033,0.06
2019-04-10,104.7,105.351,105.698,104.7,1136,11958994.0,0.95,-0.17,-0.182,0.08
2019-04-11,105.351,105.565,105.651,105.351,1547,16328950.0,0.28,0.2,0.214,0.11
2019-04-12,105.48,105.42,105.559,105.401,1568,16534513.0,0.15,-0.14,-0.145,0.11
2019-04-15,105.25,104.86,105.25,104.733,1633,17126034.0,0.49,-0.53,-0.56,0.12
2019-04-16,104.84,104.62,104.84,104.51,758,7935904.0,0.31,-0.23,-0.24,0.05
2019-04-17,105.588,104.895,105.588,104.501,1149,12012369.0,1.04,0.26,0.275,0.08
2019-04-18,104.563,104.801,104.811,104.563,740,7751971.0,0.24,-0.09,-0.094,0.05
2019-04-19,104.9,104.911,104.99,104.889,1124,11796233.0,0.1,0.1,0.11,0.08
2019-04-22,104.9,104.707,104.9,104.659,1092,11434784.0,0.23,-0.19,-0.204,0.08
2019-04-23,104.581,104.539,104.648,104.461,1430,14952755.0,0.18,-0.16,-0.168,0.1
2019-04-24,104.448,104.45,104.686,104.448,382,3994159.0,0.23,-0.09,-0.089,0.03
2019-04-25,104.45,104.529,104.88,104.252,853,8916185.0,0.6,0.08,0.079,0.06
2019-04-26,104.53,104.645,104.65,104.53,689,7207888.0,0.11,0.11,0.116,0.05
2019-04-29,104.548,104.49,104.645,104.435,834,8717350.0,0.2,-0.15,-0.155,0.06
2019-04-30,104.491,104.796,104.799,104.491,384,4019578.0,0.29,0.29,0.306,0.03
2019-05-06,104.896,105.09,105.2,104.896,1014,10652778.0,0.29,0.28,0.294,0.07
2019-05-07,105.17,105.128,105.2,105.022,445,4678546.0,0.17,0.04,0.038,0.03
2019-05-08,105.199,105.212,105.299,105.199,350,3682759.0,0.1,0.08,0.084,0.03
2019-05-09,105.311,105.35,105.379,105.3,732,7709905.0,0.08,0.13,0.138,0.05
2019-05-10,105.36,105.53,105.595,105.263,874,9216574.0,0.32,0.17,0.18,0.06
2019-05-13,105.63,105.949,105.997,105.63,1098,11628182.0,0.35,0.4,0.419,0.08
2019-05-14,105.95,105.81,105.99,105.798,520,5503665.0,0.18,-0.13,-0.139,0.04
2019-05-15,105.721,105.804,105.805,105.522,426,4504735.0,0.27,-0.01,-0.006,0.03
2019-05-16,105.88,105.87,105.899,105.801,823,8714242.0,0.09,0.06,0.066,0.06
2019-05-17,105.891,105.994,105.999,105.871,727,7703090.0,0.12,0.12,0.124,0.05
2019-05-20,105.988,106.006,106.076,105.909,420,4453016.0,0.16,0.01,0.012,0.03
2019-05-21,106.006,105.786,106.05,105.301,901,9531789.0,0.71,-0.21,-0.22,0.06
2019-05-22,105.786,105.699,105.786,105.62,734,7757008.0,0.16,-0.08,-0.087,0.05
2019-05-23,105.695,105.721,105.776,105.562,661,6985530.0,0.2,0.02,0.022,0.05
2019-05-24,105.626,105.651,105.72,105.626,265,2800099.0,0.09,-0.07,-0.07,0.02
2019-05-27,105.551,105.32,105.551,105.045,591,6228005.0,0.48,-0.31,-0.331,0.04
2019-05-28,105.488,105.543,105.577,105.363,332,3497442.0,0.2,0.21,0.223,0.02
2019-05-29,105.557,105.72,105.72,105.557,628,6636365.0,0.15,0.17,0.177,0.04
2019-05-30,105.72,105.826,105.827,105.72,587,6210214.0,0.1,0.1,0.106,0.04
2019-05-31,105.859,105.917,106.12,105.859,413,4374011.0,0.25,0.09,0.091,0.03
2019-06-03,106.017,106.114,106.199,106.0,510,5411601.0,0.19,0.19,0.197,0.04
2019-06-04,106.116,106.324,106.325,106.115,1051,11171014.0,0.2,0.2,0.21,0.08
2019-06-05,106.324,106.473,106.474,106.225,668,7108200.0,0.23,0.14,0.149,0.05
2019-06-06,106.473,106.496,106.658,106.422,833,8871797.0,0.22,0.02,0.023,0.06
2019-06-10,106.48,106.401,106.48,106.28,567,6030030.0,0.19,-0.09,-0.095,0.04
2019-06-11,106.31,106.161,106.31,105.952,2602,27606828.0,0.34,-0.23,-0.24,0.19
2019-06-12,106.16,106.14,106.19,106.062,299,3175247.0,0.12,-0.02,-0.021,0.02
2019-06-13,106.145,106.275,106.287,106.145,414,4399282.0,0.13,0.13,0.135,0.03
2019-06-14,106.283,106.44,106.44,106.283,701,7456467.0,0.15,0.16,0.165,0.05
2019-06-17,106.44,106.512,106.53,106.44,627,6678016.0,0.08,0.07,0.072,0.04
2019-06-18,106.464,106.41,106.472,106.389,445,4735507.0,0.08,-0.1,-0.102,0.03
2019-06-19,106.35,106.353,106.399,106.001,872,9262491.0,0.37,-0.05,-0.057,0.06
2019-06-20,106.4,106.402,106.48,106.4,599,6375325.0,0.08,0.05,0.049,0.04
2019-06-21,106.396,106.401,106.444,106.3,726,7723985.0,0.14,0.0,-0.001,0.05
2019-06-24,106.4,106.37,106.461,106.35,404,4297845.0,0.1,-0.03,-0.031,0.03
2019-06-25,106.371,106.444,106.549,106.371,766,8154762.0,0.17,0.07,0.074,0.05
2019-06-26,106.411,106.392,106.411,106.391,238,2532475.0,0.02,-0.05,-0.052,0.02
2019-06-27,106.45,106.35,106.45,106.213,424,4513564.0,0.22,-0.04,-0.042,0.03
2019-06-28,106.358,106.436,106.468,106.28,1199,12752867.0,0.18,0.08,0.086,0.09
2019-07-01,106.408,106.501,106.519,106.335,855,9103522.0,0.17,0.06,0.065,0.06
2019-07-02,106.565,106.595,106.699,106.229,3680,39196271.0,0.44,0.09,0.094,0.26
2019-07-03,106.715,106.796,107.0,106.601,590,6297684.0,0.37,0.19,0.201,0.04
2019-07-04,106.82,107.07,107.071,106.796,723,7728560.0,0.26,0.26,0.274,0.05
2019-07-05,106.72,106.89,117.0,106.72,6200,66271089.0,9.6,-0.17,-0.18,0.44
2019-07-08,106.886,106.815,106.886,106.684,930,9936106.0,0.19,-0.07,-0.075,0.07
2019-07-09,107.299,106.911,107.315,106.817,792,8465316.0,0.47,0.09,0.096,0.06
2019-07-10,106.899,106.862,106.976,106.859,599,6402059.0,0.11,-0.05,-0.049,0.04
2019-07-11,107.017,106.913,107.018,106.875,1007,10775327.0,0.13,0.05,0.051,0.07
2019-07-12,106.979,106.919,106.979,106.907,787,8415024.0,0.07,0.01,0.006,0.06
2019-07-15,107.019,106.99,107.199,106.957,967,10348826.0,0.23,0.07,0.071,0.07
2019-07-16,106.962,106.961,107.021,106.952,601,6430163.0,0.06,-0.03,-0.029,0.04
2019-07-17,106.999,106.98,106.999,106.963,968,10355992.0,0.03,0.02,0.019,0.07
2019-07-18,107.019,107.055,107.056,107.019,738,7899641.0,0.03,0.07,0.075,0.05
2019-07-19,107.12,107.076,107.199,107.069,480,5140129.0,0.12,0.02,0.021,0.03
2019-07-22,107.13,107.131,107.249,107.0,964,10330977.0,0.23,0.05,0.055,0.07
2019-07-23,107.161,107.175,107.223,107.16,715,7663761.0,0.06,0.04,0.044,0.05
2019-07-24,107.168,107.137,107.216,107.117,702,7521152.0,0.09,-0.04,-0.038,0.05
2019-07-25,107.071,107.031,107.095,106.698,349,3735396.0,0.37,-0.1,-0.106,0.02
2019-07-26,107.0,107.059,107.139,107.0,411,4400636.0,0.13,0.03,0.028,0.03
2019-07-29,107.014,107.002,107.05,106.91,657,7030123.0,0.13,-0.05,-0.057,0.05
2019-07-30,106.828,106.978,106.978,106.808,752,8042198.0,0.16,-0.02,-0.024,0.05
2019-07-31,106.978,107.139,107.14,106.978,812,8695867.0,0.15,0.15,0.161,0.06
2019-08-01,107.152,107.17,107.201,107.152,471,5048617.0,0.05,0.03,0.031,0.03
2019-08-02,107.576,107.441,107.576,107.27,747,8023791.0,0.29,0.25,0.271,0.05
2019-08-05,107.52,107.838,107.955,107.519,1160,12501785.0,0.41,0.37,0.397,0.08
2019-08-06,108.335,108.098,108.338,108.012,1245,13462555.0,0.3,0.24,0.26,0.09
2019-08-07,108.094,108.0,108.5,107.958,635,6867969.0,0.5,-0.09,-0.098,0.05
2019-08-08,108.0,108.12,108.299,107.821,415,4485814.0,0.44,0.11,0.12,0.03
2019-08-09,108.148,108.52,108.543,108.11,339,3672366.0,0.4,0.37,0.4,0.02
2019-08-12,108.542,108.439,108.542,108.22,310,3359754.0,0.3,-0.07,-0.081,0.02
2019-08-13,108.44,108.55,108.919,108.337,580,6296797.0,0.54,0.1,0.111,0.04
2019-08-14,108.551,108.61,109.003,108.479,1387,15073392.0,0.48,0.06,0.06,0.1
2019-08-15,108.501,108.566,108.898,108.42,559,6071050.0,0.44,-0.04,-0.044,0.04
2019-08-16,108.566,108.43,108.6,108.374,579,6279258.0,0.21,-0.13,-0.136,0.04
2019-08-19,108.231,108.289,108.446,108.23,565,6120994.0,0.2,-0.13,-0.141,0.04
2019-08-20,108.218,108.199,108.35,108.179,346,3744111.0,0.16,-0.08,-0.09,0.02
2019-08-21,108.009,108.141,108.399,108.001,637,6888502.0,0.37,-0.05,-0.058,0.05
2019-08-22,108.04,108.101,108.141,108.01,698,7550497.0,0.12,-0.04,-0.04,0.05
2019-08-23,107.801,107.986,108.06,107.801,896,9678890.0,0.24,-0.11,-0.115,0.06
2019-08-26,108.05,108.22,108.223,108.05,1261,13642453.0,0.16,0.22,0.234,0.09
2019-08-27,108.2,108.085,108.2,107.82,945,10212738.0,0.35,-0.12,-0.135,0.07
2019-08-28,108.089,108.132,108.159,108.085,1023,11062377.0,0.07,0.04,0.047,0.07
2019-08-29,108.131,108.232,108.267,108.01,1476,15959135.0,0.24,0.09,0.1,0.11
2019-08-30,108.04,108.159,108.232,108.04,1285,13897779.0,0.18,-0.07,-0.073,0.09
2019-09-02,108.101,108.05,108.195,108.0,553,5978112.0,0.18,-0.1,-0.109,0.04
2019-09-03,108.061,108.051,108.24,108.02,525,5675197.0,0.2,0.0,0.001,0.04
2019-09-04,108.05,108.061,108.09,108.05,756,8169804.0,0.04,0.01,0.01,0.05
2019-09-05,108.13,108.141,108.151,108.019,970,10486326.0,0.12,0.07,0.08,0.07
2019-09-06,108.133,108.39,108.41,107.9,667,7223247.0,0.47,0.23,0.249,0.05
2019-09-09,108.103,108.221,108.35,108.1,496,5368788.0,0.23,-0.16,-0.169,0.04
2019-09-10,108.22,108.121,108.22,108.11,254,2746683.0,0.1,-0.09,-0.1,0.02
2019-09-11,108.003,108.13,108.166,108.003,557,6020901.0,0.15,0.01,0.009,0.04
2019-09-12,108.101,107.999,108.11,107.999,445,4808174.0,0.1,-0.12,-0.131,0.03
2019-09-16,107.999,107.852,107.999,107.8,944,10187270.0,0.18,-0.14,-0.147,0.07
2019-09-17,107.857,107.919,108.02,107.857,437,4717743.0,0.15,0.06,0.067,0.03
2019-09-18,107.83,107.841,107.979,107.83,375,4044756.0,0.14,-0.07,-0.078,0.03
2019-09-19,107.839,107.799,107.901,107.788,413,4452505.0,0.1,-0.04,-0.042,0.03
2019-09-20,107.781,107.813,107.813,107.781,235,2533268.0,0.03,0.01,0.014,0.02
2019-09-23,107.83,107.825,107.891,107.638,539,5812535.0,0.23,0.01,0.012,0.04
2019-09-24,107.803,107.799,107.856,107.76,418,4509788.0,0.09,-0.02,-0.026,0.03
2019-09-25,107.799,107.79,107.801,107.768,263,2834669.0,0.03,-0.01,-0.009,0.02
2019-09-26,107.735,107.53,107.742,107.51,218,2346529.0,0.22,-0.24,-0.26,0.02
2019-09-27,107.51,107.424,107.63,107.424,132,1419175.0,0.19,-0.1,-0.106,0.01
2019-09-30,107.422,107.43,107.583,107.254,411,4413664.0,0.31,0.01,0.006,0.03
2019-10-08,107.4,107.539,107.539,107.4,491,5277724.0,0.13,0.1,0.109,0.04
2019-10-09,107.602,107.701,107.72,107.602,548,5902242.0,0.11,0.15,0.162,0.04
2019-10-10,107.719,107.72,107.768,107.65,498,5365355.0,0.11,0.02,0.019,0.04
2019-10-11,107.53,107.598,107.661,107.519,180,1936843.0,0.13,-0.11,-0.122,0.01
2019-10-14,107.598,107.535,107.601,107.406,419,4505966.0,0.18,-0.06,-0.063,0.03
2019-10-15,107.625,107.524,107.625,107.453,206,2215005.0,0.16,-0.01,-0.011,0.01
2019-10-16,107.49,107.491,107.52,107.482,117,1257657.0,0.04,-0.03,-0.033,0.01
2019-10-17,107.49,107.51,107.511,107.471,161,1730824.0,0.04,0.02,0.019,0.01
2019-10-18,107.66,107.419,107.66,107.4,370,3977475.0,0.24,-0.08,-0.091,0.03
2019-10-21,107.419,107.25,107.419,107.249,227,2436290.0,0.16,-0.16,-0.169,0.02
2019-10-22,107.171,107.12,107.171,107.119,349,3741893.0,0.05,-0.12,-0.13,0.02
2019-10-23,107.163,107.141,107.163,107.14,180,1928645.0,0.02,0.02,0.021,0.01
2019-10-24,107.64,107.176,107.64,107.176,202,2165779.0,0.43,0.03,0.035,0.01
2019-10-25,107.175,107.122,107.175,107.111,413,4424460.0,0.06,-0.05,-0.054,0.03
2019-10-28,107.122,106.921,107.122,106.92,461,4930974.0,0.19,-0.19,-0.201,0.03
2019-10-29,106.723,106.649,106.916,106.6,444,4736278.0,0.3,-0.25,-0.272,0.03
2019-10-30,106.7,106.5,106.7,106.499,121,1294867.0,0.19,-0.14,-0.149,0.01
2019-10-31,106.7,106.651,106.7,106.511,408,4348939.0,0.18,0.14,0.151,0.03
2019-11-01,106.7,106.741,106.845,106.7,510,5441118.0,0.14,0.08,0.09,0.04
2019-11-04,106.551,106.674,106.741,106.551,560,5974062.0,0.18,-0.06,-0.067,0.04
2019-11-05,106.603,106.8,106.8,106.603,652,6964192.0,0.18,0.12,0.126,0.05
2019-11-06,106.76,106.901,106.949,106.76,345,3687783.0,0.18,0.09,0.101,0.02
2019-11-07,106.9,106.88,106.98,106.86,383,4094443.0,0.11,-0.02,-0.021,0.03
2019-11-08,106.86,106.715,106.86,106.71,800,8541405.0,0.14,-0.15,-0.165,0.06
2019-11-11,106.801,106.881,106.995,106.717,1320,14096289.0,0.26,0.16,0.166,0.09
2019-11-12,106.923,106.948,106.996,106.923,649,6942074.0,0.07,0.06,0.067,0.05
2019-11-13,107.049,107.096,107.097,107.049,754,8072724.0,0.04,0.14,0.148,0.05
2019-11-14,107.144,107.212,107.249,107.096,966,10355389.0,0.14,0.11,0.116,0.07
2019-11-15,107.215,107.241,107.299,107.17,496,5318946.0,0.12,0.03,0.029,0.04
2019-11-18,107.268,107.442,107.458,107.079,963,10343563.0,0.35,0.19,0.201,0.07
2019-11-19,107.376,107.541,107.639,107.376,1003,10785345.0,0.24,0.09,0.099,0.07
2019-11-20,107.55,107.606,107.639,107.55,1168,12566052.0,0.08,0.06,0.065,0.08
2019-11-21,107.556,107.6,107.648,107.51,879,9458194.0,0.13,-0.01,-0.006,0.06
2019-11-22,107.55,107.565,107.598,107.503,516,5551901.0,0.09,-0.03,-0.035,0.04
2019-11-25,107.516,107.447,107.563,107.403,294,3161024.0,0.15,-0.11,-0.118,0.02
2019-11-26,107.412,107.491,107.548,107.412,1302,13990939.0,0.13,0.04,0.044,0.09
2019-11-27,107.581,107.569,107.68,107.521,403,4335312.0,0.15,0.07,0.078,0.03
2019-11-28,107.569,107.601,107.66,107.569,248,2669236.0,0.08,0.03,0.032,0.02
2019-11-29,107.552,107.6,107.68,107.552,594,6390757.0,0.12,0.0,-0.001,0.04
2019-12-02,107.55,107.691,107.75,107.528,25429,273851968.0,0.21,0.08,0.091,1.82
2019-12-03,107.641,107.672,107.707,107.542,10529,113402881.0,0.15,-0.02,-0.019,0.75
2019-12-04,107.673,107.823,107.9,107.673,727,7837582.0,0.21,0.14,0.151,0.05
2019-12-05,107.823,107.876,107.9,107.823,167,1800958.0,0.07,0.05,0.053,0.01
2019-12-06,107.841,107.845,107.87,107.629,184,1983987.0,0.22,-0.03,-0.031,0.01
2019-12-09,107.83,107.839,107.939,107.83,49,528456.0,0.1,-0.01,-0.006,0.0
2019-12-10,107.709,107.72,107.839,107.709,122,1315913.0,0.12,-0.11,-0.119,0.01
2019-12-11,107.726,107.748,107.79,107.719,248,2672119.0,0.07,0.03,0.028,0.02
2019-12-12,107.726,107.795,107.795,107.726,177,1908832.0,0.06,0.04,0.047,0.01
2019-12-13,107.781,107.723,107.782,107.686,460,4959377.0,0.09,-0.07,-0.072,0.03
2019-12-16,107.689,107.695,107.799,107.689,343,3694655.0,0.1,-0.03,-0.028,0.02
2019-12-17,107.7,107.5,107.7,107.5,289,3114006.0,0.19,-0.18,-0.195,0.02
2019-12-18,107.452,107.5,107.74,107.452,403,4334369.0,0.27,0.0,0.0,0.03
2019-12-19,107.452,107.53,107.764,107.402,7352,79216297.0,0.34,0.03,0.03,0.53
2019-12-20,107.763,107.705,108.004,107.506,7993,86284963.0,0.46,0.16,0.175,0.57
2019-12-23,107.755,108.13,108.132,107.755,1614,17449287.0,0.35,0.39,0.425,0.12
2019-12-24,108.178,108.21,108.319,108.178,3892,42152559.0,0.13,0.07,0.08,0.28
2019-12-25,108.26,108.31,108.399,108.226,3198,34636821.0,0.16,0.09,0.1,0.23
2019-12-26,108.309,108.449,108.455,108.309,2867,31091620.0,0.13,0.13,0.139,0.2
2019-12-27,108.39,108.451,108.461,108.351,3113,33759636.0,0.1,0.0,0.002,0.22
2019-12-30,108.39,108.444,108.49,108.3,239,2591484.0,0.18,-0.01,-0.007,0.02
2019-12-31,108.39,108.47,108.489,108.39,297,3220947.0,0.09,0.02,0.026,0.02
2020-01-02,108.352,108.351,108.453,108.35,616,6675862.0,0.09,-0.11,-0.119,0.04
2020-01-03,108.301,108.359,108.48,108.27,148,1603002.0,0.19,0.01,0.008,0.01
2020-01-06,108.408,108.5,108.547,108.286,261,2828773.0,0.24,0.13,0.141,0.02
2020-01-07,108.549,108.434,108.549,108.368,111,1204576.0,0.17,-0.06,-0.066,0.01
2020-01-08,108.434,108.438,108.54,108.352,331,3588714.0,0.17,0.0,0.004,0.02
2020-01-09,108.438,108.459,108.625,108.388,5661,61486024.0,0.22,0.02,0.021,0.4
2020-01-10,108.509,108.874,108.876,108.457,23625,257078573.0,0.39,0.38,0.415,1.69
2020-01-13,108.864,108.831,108.888,108.802,275,2993092.0,0.08,-0.04,-0.043,0.02
2020-01-14,108.831,108.741,108.85,108.737,361,3926810.0,0.1,-0.08,-0.09,0.03
2020-01-15,108.741,108.777,108.87,108.741,172,1870950.0,0.12,0.03,0.036,0.01
2020-01-16,108.731,108.75,108.81,108.731,155,1688105.0,0.07,-0.02,-0.027,0.01
2020-01-17,108.75,108.835,108.844,108.75,371,4036728.0,0.09,0.08,0.085,0.03
2020-01-20,108.835,108.947,108.947,108.788,223,2428151.0,0.15,0.1,0.112,0.02
2020-01-21,108.947,109.2,109.4,108.941,1238,13527486.0,0.42,0.23,0.253,0.09
2020-01-22,109.25,109.33,109.74,109.04,364,3982608.0,0.64,0.12,0.13,0.03
2020-01-23,109.38,109.663,109.76,109.38,530,5807253.0,0.35,0.3,0.333,0.04
2020-02-03,110.003,110.935,111.501,110.0,496,5490720.0,1.37,1.16,1.272,0.04
2020-02-04,110.73,110.845,110.994,110.72,204,2260567.0,0.25,-0.08,-0.09,0.01
2020-02-05,110.84,110.873,110.879,110.689,138,1529130.0,0.17,0.03,0.028,0.01
2020-02-06,110.688,110.875,110.977,110.688,176,1951096.0,0.26,0.0,0.002,0.01
2020-02-07,110.87,111.03,111.115,110.87,258,2864358.0,0.22,0.14,0.155,0.02
2020-02-10,111.03,111.222,111.245,111.03,518,5758436.0,0.19,0.17,0.192,0.04
2020-02-11,111.25,111.304,113.579,111.173,1250,13951190.0,2.16,0.07,0.082,0.09
2020-02-12,111.254,111.301,111.385,111.248,478,5320100.0,0.12,0.0,-0.003,0.03
2020-02-13,111.25,111.189,111.25,111.107,329,3657023.0,0.13,-0.1,-0.112,0.02
2020-02-14,111.14,111.177,111.183,111.102,201,2234708.0,0.07,-0.01,-0.012,0.01
2020-02-17,111.122,110.996,111.122,110.811,308,3420918.0,0.28,-0.16,-0.181,0.02
2020-02-18,111.0,110.78,111.002,110.6,476,5274240.0,0.36,-0.19,-0.216,0.03
2020-02-19,110.82,110.754,110.829,110.75,431,4774009.0,0.07,-0.02,-0.026,0.03
2020-02-20,110.75,110.6,110.787,110.542,297,3287360.0,0.22,-0.14,-0.154,0.02
2020-02-21,110.609,110.811,110.888,110.609,479,5305149.0,0.25,0.19,0.211,0.03
2020-02-24,110.821,111.042,111.15,110.821,376,4174446.0,0.3,0.21,0.231,0.03
2020-02-25,111.09,111.05,111.245,111.05,375,4167955.0,0.18,0.01,0.008,0.03
2020-02-26,111.1,111.141,111.238,111.061,325,3612375.0,0.16,0.08,0.091,0.02
2020-02-27,111.141,111.349,111.39,111.141,393,4373211.0,0.22,0.19,0.208,0.03
2020-02-28,111.39,111.7,112.499,111.35,1005,11232851.0,1.03,0.32,0.351,0.07
2020-03-02,111.75,111.71,111.899,111.7,575,6424403.0,0.18,0.01,0.01,0.04
2020-03-03,111.709,111.701,111.71,111.421,510,5692077.0,0.26,-0.01,-0.009,0.04
2020-03-04,111.716,111.901,111.923,111.716,822,9195355.0,0.19,0.18,0.2,0.06
2020-03-05,111.914,112.12,112.198,111.914,600,6726051.0,0.25,0.2,0.219,0.04
2020-03-06,112.1,112.545,112.56,112.1,451,5063818.0,0.41,0.38,0.425,0.03
2020-03-09,112.601,113.948,114.51,112.601,3870,44056161.0,1.7,1.25,1.403,0.28
2020-03-10,113.899,113.074,113.9,112.953,2559,29005028.0,0.83,-0.77,-0.874,0.18
2020-03-11,113.1,113.086,113.1,112.8,1513,17098663.0,0.27,0.01,0.012,0.11
2020-03-12,113.136,113.282,113.6,112.91,3295,37340906.0,0.61,0.17,0.196,0.24
2020-03-13,113.29,112.378,113.6,112.105,2345,26450445.0,1.32,-0.8,-0.904,0.17
2020-03-16,112.428,112.389,112.79,112.191,1491,16771608.0,0.53,0.01,0.011,0.11
2020-03-17,112.339,111.973,112.389,111.3,986,11043368.0,0.97,-0.37,-0.416,0.07
2020-03-18,111.81,112.035,112.099,111.68,1117,12496865.0,0.37,0.06,0.062,0.08
2020-03-19,111.985,111.73,112.077,111.718,883,9875204.0,0.32,-0.27,-0.305,0.06
2020-03-20,111.726,111.7,111.77,111.581,1665,18590544.0,0.17,-0.03,-0.03,0.12
2020-03-23,112.01,112.29,112.4,112.01,1631,18306625.0,0.35,0.53,0.59,0.12
2020-03-24,112.282,112.476,112.76,112.05,1636,18388686.0,0.63,0.17,0.186,0.12
2020-03-25,112.47,112.485,112.57,112.222,1333,14985699.0,0.31,0.01,0.009,0.1
2020-03-26,112.485,112.651,112.7,112.46,2982,33583662.0,0.21,0.15,0.166,0.21
2020-03-27,112.6,112.677,113.0,112.515,3291,37094272.0,0.43,0.02,0.026,0.24
2020-03-30,112.65,112.705,112.84,112.631,3126,35232794.0,0.19,0.02,0.028,0.22
2020-03-31,112.605,112.815,112.815,112.6,2899,32673771.0,0.19,0.1,0.11,0.21
2020-04-01,112.828,112.97,112.999,112.828,2908,32845389.0,0.15,0.14,0.155,0.21
2020-04-02,112.81,112.933,113.13,112.81,2882,32590286.0,0.28,-0.03,-0.037,0.21
2020-04-03,112.916,112.934,113.047,112.91,2438,27545351.0,0.12,0.0,0.001,0.17
2020-04-07,112.984,113.394,113.462,112.961,2675,30292615.0,0.44,0.41,0.46,0.19
2020-04-08,113.444,113.61,113.669,113.403,2923,33198113.0,0.23,0.19,0.216,0.21
2020-04-09,113.682,113.493,113.692,113.4,3322,37713566.0,0.26,-0.1,-0.117,0.24
2020-04-10,113.49,113.381,113.655,113.3,3203,36339941.0,0.31,-0.1,-0.112,0.23
2020-04-13,113.38,113.467,113.488,113.217,3447,39103236.0,0.24,0.08,0.086,0.25
2020-04-14,113.5,113.429,113.582,113.391,2862,32492083.0,0.17,-0.03,-0.038,0.2
2020-04-15,113.5,113.572,113.584,113.5,2264,25707701.0,0.07,0.13,0.143,0.16
2020-04-16,113.622,113.877,113.97,113.57,2421,27545813.0,0.35,0.27,0.305,0.17
2020-04-17,113.877,113.778,114.135,113.708,2526,28763699.0,0.37,-0.09,-0.099,0.18
2020-04-20,113.781,113.431,114.02,113.385,3919,44534478.0,0.56,-0.3,-0.347,0.28
2020-04-21,113.46,113.43,113.478,113.345,1662,18848617.0,0.12,0.0,-0.001,0.12
2020-04-22,113.478,113.714,113.762,113.435,3557,40428902.0,0.29,0.25,0.284,0.25
2020-04-23,113.66,114.26,114.356,113.6,3575,40754024.0,0.66,0.48,0.546,0.26
2020-04-24,114.313,114.532,114.79,114.232,3937,45105962.0,0.49,0.24,0.272,0.28
2020-04-27,114.4,114.504,114.705,114.2,4460,51054133.0,0.44,-0.02,-0.028,0.32
2020-04-28,114.4,114.634,114.7,114.322,4798,54950452.0,0.33,0.11,0.13,0.34
2020-04-29,114.6,114.749,114.9,114.568,3394,38943310.0,0.29,0.1,0.115,0.24
2020-04-30,114.602,114.501,114.7,114.405,4498,51529888.0,0.26,-0.22,-0.248,0.32
2020-05-06,114.551,114.289,114.551,114.23,4056,46377444.0,0.28,-0.19,-0.212,0.29
2020-05-07,114.289,113.755,114.289,113.7,4300,48984471.0,0.52,-0.47,-0.534,0.31
2020-05-08,113.989,113.472,113.989,113.2,7292,82694244.0,0.69,-0.25,-0.283,0.52
2020-05-11,113.581,112.922,113.581,112.913,7424,84039141.0,0.59,-0.48,-0.55,0.53
2020-05-12,112.921,113.235,113.249,112.921,6558,74184644.0,0.29,0.28,0.313,0.47
2020-05-13,113.021,112.979,113.35,112.954,7505,84937603.0,0.35,-0.23,-0.256,0.54
2020-05-14,112.985,112.928,113.048,112.555,8492,95777202.0,0.44,-0.05,-0.051,0.61
2020-05-15,112.935,113.132,113.142,112.768,9347,105600908.0,0.33,0.18,0.204,0.67
2020-05-18,112.942,112.637,113.097,112.616,6826,76945362.0,0.43,-0.44,-0.495,0.49
2020-05-19,112.52,112.784,112.822,112.349,6701,75463602.0,0.42,0.13,0.147,0.48
2020-05-20,112.699,112.989,112.992,112.695,6911,77965888.0,0.26,0.18,0.205,0.49
2020-05-21,112.766,113.039,113.104,112.766,6041,68274998.0,0.3,0.04,0.05,0.43
2020-05-22,113.155,113.564,113.566,113.085,8607,97580549.0,0.43,0.46,0.525,0.62
2020-05-25,113.514,113.203,113.514,113.12,8066,91350956.0,0.35,-0.32,-0.361,0.58
2020-05-26,113.251,112.786,113.331,112.648,6599,74475755.0,0.6,-0.37,-0.417,0.47
2020-05-27,112.8,112.784,112.93,112.63,7698,86823089.0,0.27,0.0,-0.002,0.55
2020-05-28,112.765,113.109,113.166,112.762,8620,97389335.0,0.36,0.29,0.325,0.62
2020-05-29,113.03,112.733,113.16,112.688,7540,85148869.0,0.42,-0.33,-0.376,0.54
2020-06-01,112.783,112.401,112.783,112.36,7071,79609223.0,0.38,-0.29,-0.332,0.51
2020-06-02,112.498,112.063,112.498,111.922,8588,96236222.0,0.51,-0.3,-0.338,0.61
2020-06-03,112.013,111.872,112.013,111.596,6630,74093610.0,0.37,-0.17,-0.191,0.47
2020-06-04,111.9,111.499,111.922,111.494,7576,84629278.0,0.38,-0.33,-0.373,0.54
2020-06-05,111.55,111.403,111.64,111.329,7019,78239357.0,0.28,-0.09,-0.096,0.5
2020-06-08,111.402,111.781,111.782,111.332,7628,85169204.0,0.4,0.34,0.378,0.55
2020-06-09,111.83,111.761,111.952,111.752,7346,82187504.0,0.18,-0.02,-0.02,0.52
2020-06-10,111.791,111.731,111.964,111.637,7057,78899577.0,0.29,-0.03,-0.03,0.5
2020-06-11,111.805,112.223,112.249,111.805,9808,109835629.0,0.4,0.44,0.492,0.7
2020-06-12,112.39,112.318,112.75,112.255,7115,79951624.0,0.44,0.08,0.095,0.51
2020-06-15,112.46,112.619,112.647,112.28,6957,78294580.0,0.33,0.27,0.301,0.5
2020-06-16,112.2,111.787,112.2,111.76,8620,96455560.0,0.39,-0.74,-0.832,0.62
2020-06-17,111.837,111.694,111.837,111.456,6397,71445171.0,0.34,-0.08,-0.093,0.46
2020-06-18,111.98,111.513,111.98,111.418,11495,128349349.0,0.5,-0.16,-0.181,0.82
2020-06-19,111.543,111.54,111.608,111.43,10812,120564829.0,0.16,0.02,0.027,0.77
2020-06-22,111.54,111.56,111.621,111.43,8663,96614830.0,0.17,0.02,0.02,0.62
2020-06-23,111.491,111.01,111.57,110.9,6521,72549738.0,0.6,-0.49,-0.55,0.47
2020-06-24,111.2,111.52,111.558,111.143,7831,87233113.0,0.37,0.46,0.51,0.56
2020-06-29,111.499,111.566,111.595,111.405,5882,65613261.0,0.17,0.04,0.046,0.42
2020-06-30,111.5,111.463,111.533,111.35,6541,72883953.0,0.16,-0.09,-0.103,0.47
2020-07-01,111.5,111.566,111.6,111.47,4917,54848219.0,0.12,0.09,0.103,0.35
2020-07-02,111.5,111.716,111.962,111.405,8040,89745657.0,0.5,0.13,0.15,0.57
2020-07-03,111.501,111.6,111.681,111.374,6205,69185780.0,0.27,-0.1,-0.116,0.44
2020-07-06,111.435,110.585,111.435,110.481,5995,66427157.0,0.85,-0.91,-1.015,0.43
2020-07-07,110.43,110.116,110.43,110.041,5566,61305906.0,0.35,-0.42,-0.469,0.4
2020-07-08,110.2,109.756,110.2,109.747,5178,56936441.0,0.41,-0.33,-0.36,0.37
2020-07-09,109.755,109.567,109.756,109.161,10859,118815058.0,0.54,-0.17,-0.189,0.78
2020-07-10,109.78,109.839,110.011,109.65,10943,120208279.0,0.33,0.25,0.272,0.78
2020-07-13,109.8,109.651,109.812,109.504,8603,94308957.0,0.28,-0.17,-0.188,0.61
2020-07-14,109.815,110.088,110.138,109.815,9012,99164906.0,0.29,0.4,0.437,0.64
2020-07-15,110.081,110.483,110.499,109.8,8464,93311619.0,0.63,0.36,0.395,0.6
2020-07-16,110.309,110.744,110.782,110.309,10255,113514684.0,0.43,0.24,0.261,0.73
2020-07-17,110.748,110.445,110.77,110.362,8189,90603618.0,0.37,-0.27,-0.299,0.59
2020-07-20,110.395,110.334,110.401,110.118,6754,74509402.0,0.26,-0.1,-0.111,0.48
2020-07-21,110.844,110.393,110.844,110.27,8108,89498357.0,0.52,0.05,0.059,0.58
2020-07-22,110.412,111.077,111.11,110.29,8002,88489774.0,0.74,0.62,0.684,0.57
2020-07-23,111.0,111.208,111.29,110.95,9668,107461389.0,0.31,0.12,0.131,0.69
2020-07-24,111.21,111.393,111.424,111.152,9134,101645251.0,0.24,0.17,0.185,0.65
2020-07-27,111.25,111.445,111.474,111.204,6444,71761371.0,0.24,0.05,0.052,0.46
2020-07-28,111.435,111.151,111.435,111.1,6828,75907453.0,0.3,-0.26,-0.294,0.49
2020-07-29,111.35,110.983,111.35,110.89,6622,73527491.0,0.41,-0.15,-0.168,0.47
2020-07-30,110.9,110.763,110.91,110.71,5668,62805285.0,0.18,-0.2,-0.22,0.41
2020-07-31,110.77,110.361,110.77,110.336,7204,79546954.0,0.39,-0.36,-0.402,0.51
2020-08-03,110.368,110.442,110.451,110.133,7118,78560151.0,0.29,0.07,0.081,0.51
2020-08-04,110.44,110.463,110.552,110.36,5918,65375623.0,0.17,0.02,0.021,0.42
2020-08-05,110.45,110.606,110.674,110.45,5740,63469872.0,0.2,0.13,0.143,0.41
2020-08-06,110.405,110.646,110.674,110.405,6498,71880234.0,0.24,0.04,0.04,0.46
2020-08-07,110.64,110.51,110.69,110.45,6549,72406614.0,0.22,-0.12,-0.136,0.47
2020-08-10,110.52,110.616,110.62,110.45,6274,69346857.0,0.15,0.1,0.106,0.45
2020-08-11,110.616,110.488,110.639,110.467,6740,74495449.0,0.16,-0.12,-0.128,0.48
2020-08-12,110.515,110.314,110.789,110.215,6722,74252803.0,0.52,-0.16,-0.174,0.48
2020-08-13,110.313,110.597,110.597,110.312,6902,76280599.0,0.26,0.26,0.283,0.49
2020-08-14,110.597,110.636,110.768,110.572,4881,54023049.0,0.18,0.04,0.039,0.35
2020-08-17,110.637,110.726,110.76,110.636,4165,46118665.0,0.11,0.08,0.09,0.3
2020-08-18,110.724,110.758,110.792,110.716,3363,37250535.0,0.07,0.03,0.032,0.24
2020-08-19,110.74,110.579,110.758,110.56,4913,54387259.0,0.18,-0.16,-0.179,0.35
2020-08-20,110.55,110.322,110.615,110.31,7295,80583781.0,0.28,-0.23,-0.257,0.52
2020-08-21,110.373,110.36,110.401,110.309,4795,52916412.0,0.08,0.03,0.038,0.34
2020-08-24,110.37,110.342,110.438,110.143,5942,65550213.0,0.27,-0.02,-0.018,0.42
2020-08-25,110.341,110.034,110.342,109.961,7628,83955422.0,0.35,-0.28,-0.308,0.55
2020-08-26,110.044,109.89,110.117,109.849,5836,64217808.0,0.24,-0.13,-0.144,0.42
2020-08-27,109.89,109.957,110.015,109.881,7104,78117831.0,0.12,0.06,0.067,0.51
2020-08-28,110.006,109.645,110.006,109.618,6955,76323099.0,0.35,-0.28,-0.312,0.5
2020-08-31,109.631,109.724,109.812,109.518,7638,83808118.0,0.27,0.07,0.079,0.55
2020-09-01,109.8,110.117,110.191,109.7,6959,76533636.0,0.45,0.36,0.393,0.5
2020-09-02,110.107,109.962,110.107,109.848,5936,65281582.0,0.24,-0.14,-0.155,0.42
2020-09-03,109.962,110.266,110.273,109.723,8397,92303430.0,0.5,0.28,0.304,0.6
2020-09-04,110.216,110.291,110.408,110.16,11500,126841936.0,0.22,0.02,0.025,0.82
2020-09-07,110.339,110.048,110.36,109.971,11450,126031009.0,0.35,-0.22,-0.243,0.82
2020-09-08,110.139,110.397,110.45,109.99,11032,121713619.0,0.42,0.32,0.349,0.79
2020-09-09,110.172,110.683,110.687,110.172,12264,135503610.0,0.47,0.26,0.286,0.88
2020-09-10,110.65,110.746,110.78,110.458,11195,123856202.0,0.29,0.06,0.063,0.8
2020-09-11,110.769,110.183,110.769,110.177,11196,123578617.0,0.53,-0.51,-0.563,0.8
2020-09-14,109.922,109.797,110.031,109.76,7131,78358775.0,0.25,-0.35,-0.386,0.51
2020-09-15,109.78,110.212,110.217,109.733,10725,117999255.0,0.44,0.38,0.415,0.77
2020-09-16,110.0,110.25,110.35,110.0,7603,83811823.0,0.32,0.03,0.038,0.54
2020-09-17,110.102,110.195,110.378,110.102,13716,151205933.0,0.25,-0.05,-0.055,0.98
2020-09-18,110.11,110.216,110.471,110.11,10892,120173079.0,0.33,0.02,0.021,0.78
2020-09-21,110.166,110.718,110.729,110.166,9576,105825266.0,0.51,0.46,0.502,0.68
2020-09-22,110.6,110.898,112.933,110.6,12916,143156279.0,2.11,0.16,0.18,0.92
2020-09-23,110.8,110.653,110.898,110.558,13437,148732480.0,0.31,-0.22,-0.245,0.96
2020-09-24,110.68,110.605,110.807,110.527,11139,123272937.0,0.25,-0.04,-0.048,0.8
2020-09-25,110.61,110.453,110.611,110.421,12511,138257874.0,0.17,-0.14,-0.152,0.89
2020-09-28,110.453,110.594,110.6,110.248,11252,124230833.0,0.32,0.13,0.141,0.8
2020-09-29,110.566,110.403,110.594,110.34,11346,125309199.0,0.23,-0.17,-0.191,0.81
2020-09-30,110.403,110.188,110.55,110.137,9897,109203289.0,0.37,-0.19,-0.215,0.71
2020-10-09,110.03,110.04,110.085,109.941,11424,125675703.0,0.13,-0.13,-0.148,0.82
2020-10-12,110.06,109.74,110.06,109.684,7217,79229962.0,0.34,-0.27,-0.3,0.52
2020-10-13,109.739,109.787,109.88,109.7,9099,99907198.0,0.16,0.04,0.047,0.65
2020-10-14,109.79,109.687,109.847,109.629,7556,82897122.0,0.2,-0.09,-0.1,0.54
2020-10-15,109.693,109.603,109.766,109.537,5478,60056553.0,0.21,-0.08,-0.084,0.39
2020-10-16,109.603,109.824,109.849,109.603,6712,73668449.0,0.22,0.2,0.221,0.48
2020-10-19,109.799,110.062,110.081,109.631,7350,80784895.0,0.41,0.22,0.238,0.53
2020-10-20,110.009,109.858,110.123,109.81,6200,68124969.0,0.28,-0.19,-0.204,0.44
2020-10-21,109.859,109.887,109.982,109.755,8817,96895534.0,0.21,0.03,0.029,0.63
2020-10-22,109.978,110.016,110.242,109.958,6015,66195317.0,0.26,0.12,0.129,0.43
2020-10-23,109.982,109.956,110.028,109.907,4302,47302708.0,0.11,-0.05,-0.06,0.31
2020-10-26,109.956,109.813,109.999,109.808,5054,55554947.0,0.17,-0.13,-0.143,0.36
2020-10-27,109.813,110.076,110.104,109.8,6387,70251200.0,0.28,0.24,0.263,0.46
2020-10-28,110.091,110.059,110.249,109.917,5593,61586140.0,0.3,-0.02,-0.017,0.4
2020-10-29,110.06,110.121,110.376,110.06,6750,74399483.0,0.29,0.06,0.062,0.48
2020-10-30,110.122,110.104,110.315,110.077,4771,52579945.0,0.22,-0.02,-0.017,0.34
2020-11-02,110.105,110.332,111.008,110.071,6970,76881688.0,0.85,0.21,0.228,0.5
2020-11-03,110.35,110.286,110.39,110.212,6924,76378277.0,0.16,-0.04,-0.046,0.49
2020-11-04,110.279,110.284,110.4,110.194,7494,82656839.0,0.19,0.0,-0.002,0.54
2020-11-05,110.283,110.27,110.477,110.201,7256,80032706.0,0.25,-0.01,-0.014,0.52
2020-11-06,110.271,110.259,110.517,110.196,5411,59672318.0,0.29,-0.01,-0.011,0.39
2020-11-09,110.259,110.05,110.316,109.988,8988,98963948.0,0.3,-0.19,-0.209,0.64
2020-11-10,110.0,110.014,110.125,109.95,6606,72684277.0,0.16,-0.03,-0.036,0.47
2020-11-11,110.015,109.97,110.147,109.904,7074,77828618.0,0.22,-0.04,-0.044,0.51
2020-11-12,109.97,110.018,110.124,109.9,7845,86272822.0,0.2,0.04,0.048,0.56
2020-11-13,110.012,109.692,110.061,109.601,6528,71712380.0,0.42,-0.3,-0.326,0.47
2020-11-16,109.692,109.8,109.939,109.59,4144,45482132.0,0.32,0.1,0.108,0.3
2020-11-17,109.8,109.829,109.88,109.748,4620,50742787.0,0.12,0.03,0.029,0.33
2020-11-18,109.852,109.622,109.887,109.56,6213,68144419.0,0.3,-0.19,-0.207,0.44
2020-11-19,109.6,109.508,109.6,109.398,4981,54552740.0,0.18,-0.1,-0.114,0.36
2020-11-20,109.448,109.448,109.503,109.32,6500,71107336.0,0.17,-0.05,-0.06,0.46
2020-11-23,109.501,109.583,109.63,109.501,5723,62704889.0,0.12,0.12,0.135,0.41
2020-11-24,109.562,109.541,109.61,109.513,7460,81744550.0,0.09,-0.04,-0.042,0.53
2020-11-25,109.529,109.575,109.631,109.46,5640,61797377.0,0.16,0.03,0.034,0.4
2020-11-26,109.578,109.564,109.661,109.56,7690,84282118.0,0.09,-0.01,-0.011,0.55
2020-11-27,109.555,109.53,109.757,109.478,5121,56115699.0,0.25,-0.03,-0.034,0.37
2020-11-30,109.533,109.682,109.69,109.532,5259,57637942.0,0.14,0.14,0.152,0.38
2020-12-01,109.683,109.61,109.691,109.55,4329,47464482.0,0.13,-0.07,-0.072,0.31
2020-12-02,109.61,109.551,109.61,109.524,4802,52604887.0,0.08,-0.05,-0.059,0.34
2020-12-03,109.551,109.528,109.637,109.501,5273,57773194.0,0.12,-0.02,-0.023,0.38
2020-12-04,109.529,109.9,110.1,109.529,7480,82052113.0,0.52,0.34,0.372,0.53
2020-12-07,109.85,109.751,109.98,109.708,6484,71195273.0,0.25,-0.14,-0.149,0.46
2020-12-08,109.78,110.089,110.089,109.78,9026,99326409.0,0.28,0.31,0.338,0.65
2020-12-09,110.089,109.985,110.158,109.892,4346,47797702.0,0.24,-0.09,-0.104,0.31
2020-12-10,109.985,109.956,110.0,109.882,6346,69752651.0,0.11,-0.03,-0.029,0.45
2020-12-11,109.956,109.785,109.956,109.73,7425,81525344.0,0.21,-0.16,-0.171,0.53
2020-12-14,109.809,109.63,109.843,109.601,5724,62767284.0,0.22,-0.14,-0.155,0.41
2020-12-15,109.662,109.66,109.738,109.628,6479,71060942.0,0.1,0.03,0.03,0.46
2020-12-16,109.679,109.665,109.695,109.63,5861,64267743.0,0.06,0.0,0.005,0.42
2020-12-17,109.666,109.574,109.8,109.555,5017,55018659.0,0.22,-0.08,-0.091,0.36
2020-12-18,109.58,109.575,109.644,109.542,3063,33568158.0,0.09,0.0,0.001,0.22
2020-12-21,109.576,109.559,109.62,109.55,3867,42368219.0,0.06,-0.01,-0.016,0.28
2020-12-22,109.599,109.766,109.85,109.54,5235,57381389.0,0.28,0.19,0.207,0.37
2020-12-23,109.803,109.832,109.998,109.792,4985,54780592.0,0.19,0.06,0.066,0.36
2020-12-24,109.832,109.841,109.988,109.805,4449,48876245.0,0.17,0.01,0.009,0.32
2020-12-25,109.842,109.976,109.987,109.84,7030,77275447.0,0.13,0.12,0.135,0.5
2020-12-28,109.989,110.0,110.147,109.988,6532,71883944.0,0.14,0.02,0.024,0.47
2020-12-29,110.044,110.189,110.25,110.044,5846,64380773.0,0.19,0.17,0.189,0.42
2020-12-30,110.19,110.249,110.33,110.068,4948,54539434.0,0.24,0.05,0.06,0.35
2020-12-31,110.255,110.105,110.38,110.1,5080,56018769.0,0.25,-0.13,-0.144,0.36
2021-01-04,110.105,110.038,110.238,109.938,9359,102937146.0,0.27,-0.06,-0.067,0.67
2021-01-05,110.038,110.21,110.268,110.038,4222,46503798.0,0.21,0.16,0.172,0.3
2021-01-06,110.211,110.44,110.475,110.191,5771,63702103.0,0.26,0.21,0.23,0.41
2021-01-07,110.441,110.426,110.48,110.361,4336,47879692.0,0.11,-0.01,-0.014,0.31
2021-01-08,110.518,110.446,110.73,110.35,6069,67126126.0,0.34,0.02,0.02,0.43
2021-01-11,110.351,110.411,110.446,110.3,6622,73084160.0,0.13,-0.03,-0.035,0.47
2021-01-12,110.415,110.47,110.499,110.348,4707,51994176.0,0.14,0.05,0.059,0.34
2021-01-13,110.47,110.718,110.815,110.47,4513,49967589.0,0.31,0.22,0.248,0.32
2021-01-14,110.72,110.869,110.958,110.72,4624,51261007.0,0.21,0.14,0.151,0.33
2021-01-15,110.875,111.032,111.099,110.86,7743,85948549.0,0.22,0.15,0.163,0.55
2021-01-18,111.055,110.777,111.055,110.743,7527,83423797.0,0.28,-0.23,-0.255,0.54
2021-01-19,110.6,110.671,110.776,110.6,7325,81062562.0,0.16,-0.1,-0.106,0.52
2021-01-20,110.685,110.886,110.899,110.685,5627,62346870.0,0.19,0.19,0.215,0.4
2021-01-21,110.886,110.892,111.019,110.811,7263,80545336.0,0.19,0.01,0.006,0.52
2021-01-22,110.9,111.118,111.186,110.899,4258,47297664.0,0.26,0.2,0.226,0.3
2021-01-25,111.119,111.068,111.219,111.02,5755,63930955.0,0.18,-0.04,-0.05,0.41
2021-01-26,111.0,110.62,111.18,110.591,4675,51845103.0,0.53,-0.4,-0.448,0.33
2021-01-27,110.653,110.533,110.838,110.48,4343,48062886.0,0.32,-0.08,-0.087,0.31
2021-01-28,110.555,110.496,110.682,110.375,3610,39897073.0,0.28,-0.03,-0.037,0.26
2021-01-29,110.45,110.282,110.507,110.242,3888,42906187.0,0.24,-0.19,-0.214,0.28
2021-02-01,110.38,110.615,110.649,110.322,6177,68293065.0,0.3,0.3,0.333,0.44
2021-02-02,110.649,110.76,110.835,110.5,9561,105848492.0,0.3,0.13,0.145,0.68
2021-02-03,110.772,110.672,110.819,110.631,8207,90880976.0,0.17,-0.08,-0.088,0.59
2021-02-04,110.673,110.663,110.798,110.555,8873,98200109.0,0.22,-0.01,-0.009,0.63
2021-02-05,110.651,110.349,110.735,110.23,7025,77642236.0,0.46,-0.28,-0.314,0.5
2021-02-08,110.415,110.126,110.532,110.009,6922,76241701.0,0.47,-0.2,-0.223,0.49
2021-02-09,110.159,110.208,110.296,110.087,8095,89207863.0,0.19,0.07,0.082,0.58
2021-02-10,110.248,110.47,110.549,110.162,5145,56779614.0,0.35,0.24,0.262,0.37
2021-02-18,110.4,110.373,110.482,110.281,5513,60845789.0,0.18,-0.09,-0.097,0.39
2021-02-19,110.34,110.464,110.672,110.34,6836,75561324.0,0.3,0.08,0.091,0.49
2021-02-22,110.43,110.36,110.443,110.065,8765,96639366.0,0.34,-0.09,-0.104,0.63
2021-02-23,110.267,110.53,110.588,110.26,7080,78158294.0,0.3,0.15,0.17,0.51
2021-02-24,110.572,110.57,110.71,110.497,6223,68851588.0,0.19,0.04,0.04,0.44
2021-02-25,110.57,110.546,110.589,110.354,7988,88228416.0,0.21,-0.02,-0.024,0.57
2021-02-26,110.6,110.445,110.64,110.281,8556,94473573.0,0.32,-0.09,-0.101,0.61
2021-03-01,110.427,110.28,110.445,110.222,9026,99536385.0,0.2,-0.15,-0.165,0.65
2021-03-02,110.235,110.615,110.675,110.129,9651,106526175.0,0.5,0.3,0.335,0.69
2021-03-03,110.6,110.475,110.662,110.426,5303,58601848.0,0.21,-0.13,-0.14,0.38
2021-03-04,110.491,110.466,110.598,110.4,7366,81390629.0,0.18,-0.01,-0.009,0.53
2021-03-05,110.46,110.599,110.67,110.411,8102,89562318.0,0.23,0.12,0.133,0.58
2021-03-08,110.551,110.728,110.739,110.51,6833,75572052.0,0.21,0.12,0.129,0.49
2021-03-09,110.714,110.761,110.955,110.608,7945,87966654.0,0.31,0.03,0.033,0.57
2021-03-10,110.731,110.862,110.95,110.634,5217,57796471.0,0.29,0.09,0.101,0.37
2021-03-11,110.815,110.731,110.857,110.581,9423,104311433.0,0.25,-0.12,-0.131,0.67
2021-03-12,110.761,110.697,110.799,110.671,7190,79607478.0,0.12,-0.03,-0.034,0.51
2021-03-15,110.697,110.621,110.697,110.57,6637,73405090.0,0.11,-0.07,-0.076,0.47
2021-03-16,110.621,110.554,110.67,110.532,8945,98922748.0,0.12,-0.06,-0.067,0.64
2021-03-17,110.556,110.507,110.648,110.494,9467,104657652.0,0.14,-0.04,-0.047,0.68
2021-03-18,110.507,110.33,110.507,110.27,15867,175055931.0,0.21,-0.16,-0.177,1.13
2021-03-19,110.33,110.452,110.49,110.28,9450,104378751.0,0.19,0.11,0.122,0.68
2021-03-22,110.46,110.544,110.608,110.46,9147,101142125.0,0.13,0.08,0.092,0.65
2021-03-23,110.541,110.574,110.6,110.484,10295,113811674.0,0.1,0.03,0.03,0.74
2021-03-24,110.6,110.702,110.769,110.6,9488,105013682.0,0.15,0.12,0.128,0.68
2021-03-25,110.702,110.747,110.798,110.6,13988,154875938.0,0.18,0.04,0.045,1.0
2021-03-26,110.757,110.662,110.793,110.658,18191,201439642.0,0.12,-0.08,-0.085,1.3
2021-03-29,110.662,110.642,110.736,110.546,9520,105298435.0,0.17,-0.02,-0.02,0.68
2021-03-30,110.628,110.729,110.844,110.628,15598,172717496.0,0.2,0.08,0.087,1.11
2021-03-31,110.73,110.934,110.992,110.685,10440,115771222.0,0.28,0.19,0.205,0.75
2021-04-01,111.0,110.815,111.0,110.774,8097,89760566.0,0.2,-0.11,-0.119,0.58
2021-04-02,110.875,110.821,110.982,110.765,7956,88234288.0,0.2,0.01,0.006,0.57
2021-04-06,110.741,110.793,110.865,110.72,11091,122878776.0,0.13,-0.03,-0.028,0.79
2021-04-07,110.765,110.828,110.889,110.765,9088,100724643.0,0.11,0.03,0.035,0.65
2021-04-08,110.83,110.724,110.875,110.692,7130,79009307.0,0.17,-0.09,-0.104,0.51
2021-04-09,110.724,110.798,110.81,110.711,10432,115537719.0,0.09,0.07,0.074,0.75
2021-04-12,110.8,111.021,111.03,110.76,7512,83341639.0,0.24,0.2,0.223,0.54
2021-04-13,111.01,111.3,111.3,111.01,9963,110844950.0,0.26,0.25,0.279,0.71
2021-04-14,111.3,111.37,111.444,111.218,8011,89211228.0,0.2,0.06,0.07,0.57
2021-04-15,111.399,111.215,111.493,111.21,9929,110539685.0,0.25,-0.14,-0.155,0.71
2021-04-16,111.215,111.573,111.805,111.115,12031,134099282.0,0.62,0.32,0.358,0.86
2021-04-19,111.619,111.515,111.749,111.465,10490,117031247.0,0.25,-0.05,-0.058,0.75
2021-04-20,111.516,111.599,111.699,111.486,9494,105955232.0,0.19,0.08,0.084,0.68
2021-04-21,111.616,111.605,111.616,111.512,9203,102703274.0,0.09,0.01,0.006,0.66
2021-04-22,111.616,111.538,111.653,111.46,8270,92243435.0,0.17,-0.06,-0.067,0.59
2021-04-23,111.533,111.825,112.0,111.51,15984,178676855.0,0.44,0.26,0.287,1.14
2021-04-26,111.81,111.698,111.958,111.51,12399,138521705.0,0.4,-0.11,-0.127,0.89
2021-04-27,111.648,111.597,112.0,111.52,14472,161681322.0,0.43,-0.09,-0.101,1.03
2021-04-28,111.58,111.304,111.729,111.26,12108,134847631.0,0.42,-0.26,-0.293,0.87
2021-04-29,111.253,111.449,111.643,111.253,5890,65609627.0,0.35,0.13,0.145,0.42
2021-04-30,111.449,111.66,111.749,111.363,6211,69221838.0,0.35,0.19,0.211,0.44
2021-05-06,111.673,111.638,111.825,111.619,8280,92537631.0,0.18,-0.02,-0.022,0.59
2021-05-07,111.639,111.616,111.802,111.533,8630,96345300.0,0.24,-0.02,-0.022,0.62
2021-05-10,111.575,111.618,111.698,111.57,9700,108263059.0,0.11,0.0,0.002,0.69
2021-05-11,111.668,111.842,111.9,111.57,15707,175514137.0,0.3,0.2,0.224,1.12
2021-05-12,111.84,111.822,112.0,111.801,11945,133601685.0,0.18,-0.02,-0.02,0.85
2021-05-13,111.82,111.746,111.82,111.632,12190,136142027.0,0.17,-0.07,-0.076,0.87
2021-05-14,111.72,111.801,111.896,111.696,9971,111502553.0,0.18,0.05,0.055,0.71
2021-05-17,111.751,111.772,111.962,111.627,10668,119266289.0,0.3,-0.03,-0.029,0.76
2021-05-18,111.772,111.722,111.848,111.653,8749,97761761.0,0.17,-0.04,-0.05,0.63
2021-05-19,111.722,111.968,111.999,111.722,8416,94160758.0,0.25,0.22,0.246,0.6
2021-05-20,112.018,112.181,112.2,111.982,29087,326269808.0,0.19,0.19,0.213,2.08
2021-05-21,112.231,112.5,112.598,112.18,10761,121032628.0,0.37,0.28,0.319,0.77
2021-05-24,112.51,112.6,112.7,112.51,8408,94674376.0,0.17,0.09,0.1,0.6
2021-05-25,112.6,112.541,112.62,112.434,8675,97577429.0,0.17,-0.05,-0.059,0.62
2021-05-26,112.53,112.715,112.775,112.412,10650,119902925.0,0.32,0.15,0.174,0.76
2021-05-27,112.697,112.471,112.759,112.455,9906,111537068.0,0.27,-0.22,-0.244,0.71
2021-05-28,112.48,112.479,112.529,112.352,8854,99554257.0,0.16,0.01,0.008,0.63
2021-05-31,112.471,112.392,112.499,112.1,13546,152138628.0,0.35,-0.08,-0.087,0.97
2021-06-01,112.402,112.5,112.598,112.402,9118,102596851.0,0.17,0.1,0.108,0.65
2021-06-02,112.513,112.658,112.7,112.51,9177,103376514.0,0.17,0.14,0.158,0.66
2021-06-03,112.608,112.745,112.777,112.5,8006,90182112.0,0.25,0.08,0.087,0.57
2021-06-04,112.742,112.552,112.742,112.43,19247,216721384.0,0.28,-0.17,-0.193,1.38
2021-06-07,112.5,112.374,112.58,112.36,9540,107242089.0,0.2,-0.16,-0.178,0.68
2021-06-08,112.395,112.366,112.478,112.355,6376,71657551.0,0.11,-0.01,-0.008,0.46
2021-06-09,112.5,112.378,112.5,112.26,9998,112361299.0,0.21,0.01,0.012,0.71
2021-06-10,112.378,112.382,112.558,112.372,12542,141009924.0,0.17,0.0,0.004,0.9
2021-06-11,112.41,112.275,112.423,112.245,11537,129559025.0,0.16,-0.1,-0.107,0.82
2021-06-15,112.3,112.087,112.3,111.96,11305,126753626.0,0.3,-0.17,-0.188,0.81
2021-06-16,112.051,112.217,112.296,111.965,9018,101123781.0,0.3,0.12,0.13,0.64
2021-06-17,112.171,112.058,112.25,112.031,9739,109208298.0,0.2,-0.14,-0.159,0.7
2021-06-18,112.011,112.232,112.325,112.01,9463,106192123.0,0.28,0.16,0.174,0.68
2021-06-21,112.249,112.358,112.4,112.234,8615,96764668.0,0.15,0.11,0.126,0.62
2021-06-22,112.398,112.299,112.443,112.225,8993,101053064.0,0.19,-0.05,-0.059,0.64
2021-06-23,112.301,112.273,112.38,112.231,7809,87669834.0,0.13,-0.02,-0.026,0.56
2021-06-24,112.228,112.328,112.527,112.228,8621,96856204.0,0.27,0.05,0.055,0.62
2021-06-25,112.374,112.443,112.549,112.3,13011,146261097.0,0.22,0.1,0.115,0.93
2021-06-28,112.407,112.402,112.57,112.363,8490,95457380.0,0.18,-0.04,-0.041,0.61
2021-06-29,112.374,112.547,112.599,112.278,11523,129602836.0,0.29,0.13,0.145,0.82
2021-06-30,112.597,112.72,112.777,112.505,9953,112102654.0,0.24,0.15,0.173,0.71
2021-07-01,112.705,112.811,112.945,112.674,14983,169043741.0,0.24,0.08,0.091,1.07
2021-07-02,112.83,112.866,112.97,112.773,10938,123461562.0,0.17,0.05,0.055,0.78
2021-07-05,112.825,112.861,113.06,112.747,9695,109354199.0,0.28,0.0,-0.005,0.69
2021-07-06,112.82,112.9,112.988,112.754,12984,146617205.0,0.21,0.03,0.039,0.93
2021-07-07,112.9,113.03,113.1,112.9,11462,129462196.0,0.18,0.12,0.13,0.82
2021-07-08,113.08,113.4,113.444,113.08,10838,122735981.0,0.32,0.33,0.37,0.77
2021-07-09,113.449,113.606,113.739,113.449,16388,186134855.0,0.26,0.18,0.206,1.17
2021-07-12,113.6,113.64,113.717,113.56,5742,65251833.0,0.14,0.03,0.034,0.41
2021-07-13,113.69,114.132,114.16,113.628,12477,141913882.0,0.47,0.43,0.492,0.89
2021-07-14,114.092,114.33,114.44,114.0,10900,124451230.0,0.39,0.17,0.198,0.78
2021-07-15,114.38,113.886,114.38,113.875,16441,187434809.0,0.44,-0.39,-0.444,1.17
2021-07-16,113.85,113.94,114.06,113.775,12010,136831928.0,0.25,0.05,0.054,0.86
2021-07-19,113.94,113.895,113.99,113.822,10508,119654501.0,0.15,-0.04,-0.045,0.75
2021-07-20,113.89,114.101,114.2,113.85,9575,109137299.0,0.31,0.18,0.206,0.68
2021-07-21,114.151,114.18,114.2,114.051,8828,100769332.0,0.13,0.07,0.079,0.63
2021-07-22,114.18,114.15,114.285,114.081,11453,130774792.0,0.18,-0.03,-0.03,0.82
2021-07-23,114.1,114.203,114.266,114.1,10024,114478170.0,0.15,0.05,0.053,0.72
2021-07-26,114.203,114.361,114.452,114.17,12636,144494063.0,0.25,0.14,0.158,0.9
2021-07-27,114.312,114.417,114.519,114.265,11506,131643969.0,0.22,0.05,0.056,0.82
2021-07-28,114.368,114.461,114.59,114.15,10729,122753971.0,0.38,0.04,0.044,0.77
2021-07-29,114.411,114.364,114.411,114.295,12822,146656536.0,0.1,-0.08,-0.097,0.92
2021-07-30,114.364,114.564,114.63,114.364,9344,107060319.0,0.23,0.17,0.2,0.67
2021-08-02,114.631,114.851,115.265,114.631,12001,137923183.0,0.55,0.25,0.287,0.86
2021-08-03,114.801,115.115,115.2,114.801,8629,99189375.0,0.35,0.23,0.264,0.62
2021-08-04,115.065,114.942,115.24,114.903,8770,100851021.0,0.29,-0.15,-0.173,0.63
2021-08-05,114.938,114.997,115.1,114.938,12519,143977098.0,0.14,0.05,0.055,0.89
2021-08-06,114.972,115.013,115.047,114.951,7524,86535412.0,0.08,0.01,0.016,0.54
2021-08-09,115.013,114.664,115.013,114.616,10740,123197874.0,0.35,-0.3,-0.349,0.77
2021-08-10,114.615,114.55,114.615,114.45,9269,106150023.0,0.14,-0.1,-0.114,0.66
2021-08-11,114.5,114.217,114.5,114.15,10082,115211922.0,0.31,-0.29,-0.333,0.72
2021-08-12,114.17,114.389,114.441,114.17,13562,155136890.0,0.24,0.15,0.172,0.97
2021-08-13,114.288,114.485,114.499,114.288,8153,93314915.0,0.18,0.08,0.096,0.58
2021-08-16,114.497,114.479,114.551,114.435,9789,112061926.0,0.1,-0.01,-0.006,0.7
2021-08-17,114.479,114.53,114.566,114.43,9060,103765502.0,0.12,0.04,0.051,0.65
2021-08-18,114.54,114.784,114.832,114.437,9322,106853416.0,0.34,0.22,0.254,0.67
2021-08-19,114.79,114.833,114.87,114.779,8696,99844553.0,0.08,0.04,0.049,0.62
2021-08-20,114.834,114.805,114.878,114.783,9355,107414240.0,0.08,-0.02,-0.028,0.67
2021-08-23,114.755,114.756,114.848,114.691,6660,76424110.0,0.14,-0.04,-0.049,0.48
2021-08-24,114.707,114.882,114.95,114.702,6567,75337508.0,0.22,0.11,0.126,0.47
2021-08-25,114.85,114.895,115.16,114.809,7846,90201301.0,0.31,0.01,0.013,0.56
2021-08-26,114.89,114.504,114.89,114.4,8956,102607592.0,0.43,-0.34,-0.391,0.64
2021-08-27,114.643,114.606,114.692,114.469,9114,104493902.0,0.19,0.09,0.102,0.65
2021-08-30,114.557,114.63,114.655,114.556,6530,74852137.0,0.09,0.02,0.024,0.47
2021-08-31,114.64,114.718,114.739,114.585,8302,95191558.0,0.13,0.08,0.088,0.59
2021-09-01,114.672,115.004,115.049,114.672,10266,118070161.0,0.33,0.25,0.286,0.73
2021-09-02,115.008,114.95,115.008,114.852,8180,94021365.0,0.14,-0.05,-0.054,0.58
2021-09-03,114.95,115.0,115.04,114.87,7797,89670771.0,0.15,0.04,0.05,0.56
2021-09-06,115.0,114.962,115.108,114.852,8292,95392195.0,0.22,-0.03,-0.038,0.59
2021-09-07,114.921,114.9,114.989,114.9,8360,96087697.0,0.08,-0.05,-0.062,0.6
2021-09-08,114.9,114.79,114.9,114.756,8435,96853094.0,0.13,-0.1,-0.11,0.6
2021-09-09,114.749,114.747,114.832,114.707,5555,63753331.0,0.11,-0.04,-0.043,0.4
2021-09-10,114.697,114.743,114.8,114.696,8966,102903597.0,0.09,0.0,-0.004,0.64
2021-09-13,114.74,114.592,114.793,114.562,8659,99326659.0,0.2,-0.13,-0.151,0.62
2021-09-14,114.551,114.477,114.587,114.474,10922,125045922.0,0.1,-0.1,-0.115,0.78
2021-09-15,114.476,114.352,114.61,114.302,9011,103238499.0,0.27,-0.11,-0.125,0.64
2021-09-16,114.362,114.486,114.505,114.22,9649,110265082.0,0.25,0.12,0.134,0.69
2021-09-17,114.415,114.639,114.75,114.415,7807,89514803.0,0.29,0.13,0.153,0.56
2021-09-22,114.631,114.736,114.745,114.589,5097,58460364.0,0.14,0.08,0.097,0.36
2021-09-23,114.736,114.738,114.796,114.703,6644,76231284.0,0.08,0.0,0.002,0.47
2021-09-24,114.748,114.713,114.785,114.708,5459,62637268.0,0.07,-0.02,-0.025,0.39
2021-09-27,114.709,114.781,114.845,114.663,8577,98456995.0,0.16,0.06,0.068,0.61
2021-09-28,114.731,114.714,114.816,114.68,5242,60163594.0,0.12,-0.06,-0.067,0.37
2021-09-29,114.714,114.928,114.999,114.664,5160,59203237.0,0.29,0.19,0.214,0.37
2021-09-30,114.766,114.93,115.0,114.766,9199,105739573.0,0.2,0.0,0.002,0.66
2021-10-08,114.923,114.702,114.923,114.7,5666,65022344.0,0.19,-0.2,-0.228,0.4
2021-10-11,114.699,114.62,114.752,114.619,9929,113849579.0,0.12,-0.07,-0.082,0.71
2021-10-12,114.66,114.395,114.66,114.285,8228,94212746.0,0.33,-0.2,-0.225,0.59
2021-10-13,114.37,114.37,114.55,114.37,9089,103984314.0,0.16,-0.02,-0.025,0.65
2021-10-14,114.347,114.432,114.588,114.345,10264,117514907.0,0.21,0.05,0.062,0.73
2021-10-15,114.468,114.417,114.468,114.355,9213,105389932.0,0.1,-0.01,-0.015,0.66
2021-10-18,114.417,114.009,114.417,114.0,8845,100883301.0,0.36,-0.36,-0.408,0.63
2021-10-19,114.059,113.941,114.059,113.8,10519,119833870.0,0.23,-0.06,-0.068,0.75
2021-10-20,113.991,114.044,114.1,113.905,9997,114002369.0,0.17,0.09,0.103,0.71
2021-10-21,113.995,114.173,114.249,113.995,9151,104489294.0,0.22,0.11,0.129,0.65
2021-10-22,114.1,114.223,114.35,114.1,6735,76956649.0,0.22,0.04,0.05,0.48
2021-10-25,114.15,114.211,114.32,114.105,5709,65227206.0,0.19,-0.01,-0.012,0.41
2021-10-26,114.211,114.316,114.318,114.211,9559,109258254.0,0.09,0.09,0.105,0.68
2021-10-27,114.262,114.371,114.43,114.262,6835,78178003.0,0.15,0.05,0.055,0.49
2021-10-28,114.321,114.393,114.417,114.321,15757,180259132.0,0.08,0.02,0.022,1.13
2021-10-29,114.4,114.523,114.569,114.4,7554,86513367.0,0.15,0.11,0.13,0.54
2021-11-01,114.529,114.672,114.685,114.529,8380,96060742.0,0.14,0.13,0.149,0.6
2021-11-02,114.67,114.914,114.94,114.623,11776,135157936.0,0.28,0.21,0.242,0.84
2021-11-03,114.915,115.105,115.26,114.865,9621,110734442.0,0.34,0.17,0.191,0.69
2021-11-04,115.105,115.035,115.105,114.9,6574,75615887.0,0.18,-0.06,-0.07,0.47
2021-11-05,115.04,115.109,115.25,115.04,7631,87853093.0,0.18,0.06,0.074,0.55
2021-11-08,115.116,115.191,115.22,115.07,7263,83661265.0,0.13,0.07,0.082,0.52
2021-11-09,115.15,115.114,115.153,114.973,6454,74306819.0,0.16,-0.07,-0.077,0.46
2021-11-10,115.115,114.997,115.242,114.925,8220,94699102.0,0.28,-0.1,-0.117,0.59
2021-11-11,114.99,114.794,115.088,114.579,9502,109222031.0,0.44,-0.18,-0.203,0.68
2021-11-12,114.794,114.869,114.897,114.745,10223,117407120.0,0.13,0.07,0.075,0.73
2021-11-15,114.844,115.053,115.185,114.748,5439,62613756.0,0.38,0.16,0.184,0.39
2021-11-16,114.95,115.191,115.233,114.95,5897,67939757.0,0.25,0.12,0.138,0.42
2021-11-17,115.191,115.066,115.208,115.001,7134,82143087.0,0.18,-0.11,-0.125,0.51
2021-11-18,115.141,115.29,115.395,115.141,8379,96587685.0,0.22,0.19,0.224,0.6
2021-11-19,115.257,115.144,115.435,115.108,8113,93613325.0,0.28,-0.13,-0.146,0.58
2021-11-22,115.144,115.217,115.298,115.14,7288,83977765.0,0.14,0.06,0.073,0.52
2021-11-23,115.249,115.224,115.249,115.047,6940,79945494.0,0.18,0.01,0.007,0.5
2021-11-24,115.219,115.253,115.395,115.219,7358,84830506.0,0.15,0.03,0.029,0.53
2021-11-25,115.258,115.33,115.336,115.258,6974,80429078.0,0.07,0.07,0.077,0.5
2021-11-26,115.335,115.609,115.632,115.335,8368,96722385.0,0.26,0.24,0.279,0.6
2021-11-29,115.605,115.553,115.605,115.535,7130,82387892.0,0.06,-0.05,-0.056,0.51
2021-11-30,115.553,115.418,115.553,115.327,9168,105805937.0,0.2,-0.12,-0.135,0.66
2021-12-01,115.42,115.32,115.421,115.311,6948,80176372.0,0.1,-0.08,-0.098,0.5
2021-12-02,115.32,115.44,115.48,115.312,6940,80061563.0,0.15,0.1,0.12,0.5
2021-12-03,115.405,115.394,115.49,115.35,7925,91443793.0,0.12,-0.04,-0.046,0.57
2021-12-06,115.41,115.545,115.661,115.41,10148,117347509.0,0.22,0.13,0.151,0.73
2021-12-07,115.56,115.432,115.611,115.431,9160,105859336.0,0.16,-0.1,-0.113,0.65
2021-12-08,115.405,115.457,115.482,115.405,9236,106641926.0,0.07,0.02,0.025,0.66
2021-12-09,115.45,115.316,115.45,115.3,8630,99545934.0,0.13,-0.12,-0.141,0.62
2021-12-10,115.305,115.486,115.5,115.305,9267,106974669.0,0.17,0.15,0.17,0.66
2021-12-13,115.495,115.32,115.536,115.309,8539,98493189.0,0.2,-0.14,-0.166,0.61
2021-12-14,115.32,115.619,115.734,115.32,11046,127661368.0,0.36,0.26,0.299,0.79
2021-12-15,115.619,115.547,115.619,115.374,11372,131328563.0,0.21,-0.06,-0.072,0.81
2021-12-16,115.545,115.482,115.597,115.417,10394,120039957.0,0.16,-0.06,-0.065,0.74
2021-12-17,115.485,115.6,115.715,115.377,10762,124396356.0,0.29,0.1,0.118,0.77
2021-12-20,115.606,115.555,115.65,115.553,7571,87520049.0,0.08,-0.04,-0.045,0.54
2021-12-21,115.55,115.554,115.564,115.505,7723,89242442.0,0.05,0.0,-0.001,0.55
2021-12-22,115.55,115.67,115.752,115.512,10140,117248826.0,0.21,0.1,0.116,0.72
2021-12-23,115.67,115.889,115.894,115.67,13900,160921102.0,0.19,0.19,0.219,0.99
2021-12-24,115.855,115.889,115.893,115.831,5938,68802267.0,0.05,0.0,0.0,0.42
2021-12-27,115.901,116.071,116.15,115.89,13240,153645820.0,0.22,0.16,0.182,0.95
2021-12-28,116.076,116.031,116.18,115.982,11924,138341279.0,0.17,-0.03,-0.04,0.85
2021-12-29,116.026,116.015,116.079,115.641,10563,122572902.0,0.38,-0.01,-0.016,0.75
2021-12-30,116.015,116.227,116.265,116.01,9656,112200097.0,0.22,0.18,0.212,0.69
2021-12-31,116.22,116.195,116.29,116.177,8297,96471256.0,0.1,-0.03,-0.032,0.59
2022-01-04,116.2,116.355,116.4,116.14,10059,117037916.0,0.22,0.14,0.16,0.72
2022-01-05,116.355,116.32,116.358,116.31,8062,93793479.0,0.04,-0.03,-0.035,0.58
2022-01-06,116.32,116.181,116.32,116.17,7169,83334477.0,0.13,-0.12,-0.139,0.51
2022-01-07,116.18,116.203,116.531,116.131,13123,152578787.0,0.34,0.02,0.022,0.94
2022-01-10,116.206,116.319,116.368,116.206,11243,130766430.0,0.14,0.1,0.116,0.8
2022-01-11,116.324,116.298,116.429,116.285,8544,99384244.0,0.12,-0.02,-0.021,0.61
2022-01-12,116.295,116.251,116.353,116.242,8678,100892209.0,0.1,-0.04,-0.047,0.62
2022-01-13,116.253,116.381,116.393,116.253,9000,104675448.0,0.12,0.11,0.13,0.64
2022-01-14,116.391,116.534,116.579,116.391,5859,68274898.0,0.16,0.13,0.153,0.42
2022-01-17,116.431,116.561,116.73,116.43,8048,93834023.0,0.26,0.02,0.027,0.58
2022-01-18,116.565,116.838,116.867,116.565,12570,146816386.0,0.26,0.24,0.277,0.9
2022-01-19,116.915,117.145,118.006,116.915,10894,127695736.0,0.93,0.26,0.307,0.78
2022-01-20,116.75,117.013,117.09,116.75,9760,114200209.0,0.29,-0.11,-0.132,0.7
2022-01-21,117.063,117.306,117.35,117.05,11722,137474774.0,0.26,0.25,0.293,0.84
2022-01-24,117.313,117.612,117.653,117.313,9028,106176988.0,0.29,0.26,0.306,0.65
2022-01-25,117.4,117.59,117.7,117.4,11723,137850898.0,0.26,-0.02,-0.022,0.84
2022-01-26,117.542,117.071,117.566,117.021,14806,173685706.0,0.46,-0.44,-0.519,1.06
2022-01-27,117.122,116.994,117.286,116.891,9955,116465600.0,0.34,-0.07,-0.077,0.71
2022-01-28,117.002,117.039,117.314,117.002,9387,109966714.0,0.27,0.04,0.045,0.67
2022-02-07,117.091,117.037,117.091,116.84,11400,133296182.0,0.21,0.0,-0.002,0.81
2022-02-08,117.043,117.167,117.356,117.041,10521,123321525.0,0.27,0.11,0.13,0.75
2022-02-09,117.162,117.173,117.287,117.063,10391,121745113.0,0.19,0.01,0.006,0.74
2022-02-10,117.173,117.197,117.356,117.114,7501,87957389.0,0.21,0.02,0.024,0.54
2022-02-11,117.195,116.761,117.195,116.747,13241,154700362.0,0.38,-0.37,-0.436,0.95
2022-02-14,116.765,116.535,116.9,116.505,14994,174833352.0,0.34,-0.19,-0.226,1.07
2022-02-15,116.496,116.625,116.7,116.449,11418,133127652.0,0.22,0.08,0.09,0.82
2022-02-16,116.605,116.672,116.747,116.591,8841,103167724.0,0.13,0.04,0.047,0.63
2022-02-17,116.699,116.751,116.847,116.699,9513,111083350.0,0.13,0.07,0.079,0.68
2022-02-18,116.774,116.736,116.88,116.713,10414,121577797.0,0.14,-0.01,-0.015,0.74
2022-02-21,116.736,116.52,116.741,116.519,7832,91373694.0,0.19,-0.19,-0.216,0.56
2022-02-22,116.405,116.324,116.452,116.322,9011,104848003.0,0.11,-0.17,-0.196,0.64
2022-02-23,116.333,116.524,116.528,116.331,10566,123065464.0,0.17,0.17,0.2,0.76
2022-02-24,116.551,116.615,116.75,116.501,12828,149566798.0,0.21,0.08,0.091,0.92
2022-02-25,116.568,116.687,116.687,116.565,8409,98072956.0,0.1,0.06,0.072,0.6
2022-02-28,116.643,116.794,116.84,116.643,9306,108671173.0,0.17,0.09,0.107,0.67
2022-03-01,116.792,116.522,116.792,116.501,5489,64008078.0,0.25,-0.23,-0.272,0.39
2022-03-02,116.522,116.499,116.572,116.403,12363,143949262.0,0.15,-0.02,-0.023,0.88
2022-03-03,116.484,116.267,116.533,116.216,9914,115480878.0,0.27,-0.2,-0.232,0.71
2022-03-04,116.271,116.221,116.346,116.055,13510,157029300.0,0.25,-0.04,-0.046,0.97
2022-03-07,116.217,116.384,116.411,116.13,11776,136914814.0,0.24,0.14,0.163,0.84
2022-03-08,116.429,116.495,116.546,116.283,10343,120486629.0,0.23,0.1,0.111,0.74
2022-03-09,116.544,116.125,116.544,116.066,10841,126035698.0,0.41,-0.32,-0.37,0.77
2022-03-10,116.111,116.345,116.353,116.11,15642,181961231.0,0.21,0.19,0.22,1.12
2022-03-11,116.23,116.618,116.631,116.23,10752,125155967.0,0.34,0.23,0.273,0.77
2022-03-14,116.731,117.188,117.229,116.731,10761,126114459.0,0.43,0.49,0.57,0.77
2022-03-15,117.138,116.849,117.238,116.801,10196,119188462.0,0.37,-0.29,-0.339,0.73
2022-03-16,117.138,116.732,117.208,116.55,8953,104511855.0,0.56,-0.1,-0.117,0.64
2022-03-17,116.724,116.65,116.733,116.605,8742,101979511.0,0.11,-0.07,-0.082,0.62
2022-03-18,116.65,116.828,116.832,116.65,8590,100328869.0,0.16,0.15,0.178,0.61
2022-03-21,116.815,116.685,116.815,116.401,8932,104222884.0,0.35,-0.12,-0.143,0.64
2022-03-22,116.681,116.627,116.681,116.618,7683,89610880.0,0.05,-0.05,-0.058,0.55
2022-03-23,116.62,116.667,116.675,116.508,10052,117259152.0,0.14,0.03,0.04,0.72
2022-03-24,116.669,116.696,116.713,116.617,9319,108741968.0,0.08,0.02,0.029,0.67
2022-03-25,116.695,116.886,116.9,116.675,7263,84837932.0,0.19,0.16,0.19,0.52
2022-03-28,116.904,116.918,117.01,116.884,10273,120116299.0,0.11,0.03,0.032,0.73
2022-03-29,116.95,116.96,116.991,116.925,8195,95868407.0,0.06,0.04,0.042,0.59
2022-03-30,116.965,117.037,117.069,116.965,9555,111813992.0,0.09,0.07,0.077,0.68
2022-03-31,117.044,116.882,117.087,116.842,10191,119303197.0,0.21,-0.13,-0.155,0.73
2022-04-01,116.832,117.067,117.068,116.792,6859,80271712.0,0.24,0.16,0.185,0.49
2022-04-06,117.065,117.174,117.255,116.972,10301,120718649.0,0.24,0.09,0.107,0.74
2022-04-07,117.224,117.243,117.29,117.17,8958,104994295.0,0.1,0.06,0.069,0.64
2022-04-08,117.255,117.48,117.52,117.255,9059,106387809.0,0.23,0.2,0.237,0.65
2022-04-11,117.53,117.401,117.78,117.395,9506,111650884.0,0.33,-0.07,-0.079,0.68
2022-04-12,117.401,117.463,117.571,117.4,8470,99558902.0,0.15,0.05,0.062,0.61
2022-04-13,117.463,117.371,117.493,117.319,8176,95967733.0,0.15,-0.08,-0.092,0.58
2022-04-14,117.397,117.51,117.56,117.351,8624,101351043.0,0.18,0.12,0.139,0.62
2022-04-15,117.56,117.361,117.56,117.352,6348,74545588.0,0.18,-0.13,-0.149,0.45
2022-04-18,117.345,117.177,117.35,117.107,5056,59233324.0,0.21,-0.16,-0.184,0.36
2022-04-19,117.148,117.078,117.19,117.054,7848,91950466.0,0.12,-0.08,-0.099,0.56
2022-04-20,117.068,116.908,117.07,116.884,11550,135056513.0,0.16,-0.15,-0.17,0.83
2022-04-21,116.894,117.102,117.112,116.894,10369,121381329.0,0.19,0.17,0.194,0.74
2022-04-22,117.1,117.082,117.34,117.053,7419,86992074.0,0.25,-0.02,-0.02,0.53
2022-04-25,117.054,117.203,117.399,117.05,9214,108033690.0,0.3,0.1,0.121,0.66
2022-04-26,117.19,117.305,117.38,117.189,9291,108992682.0,0.16,0.09,0.102,0.66
2022-04-27,117.3,117.225,117.309,117.193,10685,125249239.0,0.1,-0.07,-0.08,0.76
2022-04-28,117.275,117.078,117.275,117.05,9663,113182542.0,0.19,-0.13,-0.147,0.69
2022-04-29,117.077,117.204,117.3,117.031,15231,178497300.0,0.23,0.11,0.126,1.09
2022-05-05,117.204,117.174,117.25,117.095,10301,120735724.0,0.13,-0.03,-0.03,0.74
2022-05-06,117.164,117.124,117.222,117.116,12548,147006164.0,0.09,-0.04,-0.05,0.9
2022-05-09,117.12,117.251,117.285,117.116,12032,141023816.0,0.14,0.11,0.127,0.86
2022-05-10,117.301,117.449,117.45,117.301,14398,168995314.0,0.13,0.17,0.198,1.03
2022-05-11,117.45,117.334,117.499,117.311,12632,148244319.0,0.16,-0.1,-0.115,0.9
2022-05-12,117.21,117.433,117.447,117.21,12285,144262583.0,0.2,0.08,0.099,0.88
2022-05-13,117.484,117.475,117.539,117.429,11619,136463185.0,0.09,0.04,0.042,0.83
2022-05-16,117.475,117.41,117.525,117.228,12062,141550065.0,0.25,-0.06,-0.065,0.86
2022-05-17,117.456,117.447,117.456,117.401,11491,134936361.0,0.05,0.03,0.037,0.82
2022-05-18,117.401,117.49,117.52,117.398,13632,160148188.0,0.1,0.04,0.043,0.97
2022-05-19,117.529,117.472,117.59,117.45,9695,113894023.0,0.12,-0.02,-0.018,0.69
2022-05-20,117.472,117.486,117.522,117.425,11828,138968520.0,0.08,0.01,0.014,0.85
2022-05-23,117.512,117.615,117.628,117.512,11973,140802792.0,0.1,0.11,0.129,0.86
2022-05-24,117.665,117.718,117.729,117.594,5986,70448451.0,0.11,0.09,0.103,0.43
2022-05-25,117.67,117.855,117.9,117.67,12003,141502429.0,0.2,0.12,0.137,0.86
2022-05-26,117.859,118.1,118.195,117.859,15839,187103604.0,0.29,0.21,0.245,1.13
2022-05-27,118.05,118.12,118.28,118.05,14485,171038046.0,0.19,0.02,0.02,1.04
2022-05-30,118.13,117.976,118.135,117.95,13741,162219987.0,0.16,-0.12,-0.144,0.98
2022-05-31,117.954,117.783,117.998,117.75,14159,166792019.0,0.21,-0.16,-0.193,1.01
2022-06-01,117.771,117.85,117.869,117.737,18435,217229614.0,0.11,0.06,0.067,1.32
2022-06-02,117.85,117.755,117.9,117.725,15170,178779687.0,0.15,-0.08,-0.095,1.08
2022-06-06,117.713,117.689,117.79,117.654,19746,232409107.0,0.12,-0.06,-0.066,1.41
2022-06-07,117.65,117.696,117.699,117.64,23409,275476976.0,0.05,0.01,0.007,1.67
2022-06-08,117.704,117.712,117.779,117.683,22664,266794430.0,0.08,0.01,0.016,1.62
2022-06-09,117.716,117.89,117.898,117.712,22765,268159963.0,0.16,0.15,0.178,1.63
2022-06-10,117.894,117.851,118.0,117.83,19335,227955291.0,0.14,-0.03,-0.039,1.38
2022-06-13,117.848,117.927,118.0,117.652,23322,275028608.0,0.3,0.06,0.076,1.67
2022-06-14,117.92,117.756,117.925,117.682,27772,327192752.0,0.21,-0.15,-0.171,1.98
2022-06-15,117.724,117.762,117.8,117.652,21867,257545647.0,0.13,0.01,0.006,1.56
2022-06-16,117.721,117.69,117.859,117.583,19002,223709799.0,0.23,-0.06,-0.072,1.36
2022-06-17,117.684,117.73,117.777,117.605,25246,297265616.0,0.15,0.03,0.04,1.8
2022-06-20,117.713,117.669,117.78,117.615,28869,339756304.0,0.14,-0.05,-0.061,2.06
2022-06-21,117.63,117.688,117.717,117.621,28077,330356336.0,0.08,0.02,0.019,2.01
2022-06-22,117.688,117.76,117.8,117.679,33997,400253120.0,0.1,0.06,0.072,2.43
2022-06-23,117.772,117.738,117.8,117.71,32392,381439936.0,0.08,-0.02,-0.022,2.31
2022-06-24,117.738,117.714,117.832,117.7,37150,437484752.0,0.11,-0.02,-0.024,2.65
2022-06-27,117.664,117.424,117.664,117.392,38460,451877056.0,0.23,-0.25,-0.29,2.75
2022-06-28,117.375,117.443,117.464,117.374,38201,448667648.0,0.08,0.02,0.019,2.73
2022-06-29,117.433,117.417,117.55,117.393,33073,388403808.0,0.13,-0.02,-0.026,2.36
2022-06-30,117.393,117.565,117.658,117.393,38706,454642496.0,0.23,0.13,0.148,2.77
2022-07-01,117.566,117.6,117.65,117.521,36116,424787136.0,0.11,0.03,0.035,2.58
2022-07-04,117.645,117.426,117.645,117.36,40171,471860784.0,0.24,-0.15,-0.174,2.87
2022-07-05,117.376,117.426,117.476,117.376,39950,469062144.0,0.09,0.0,0.0,2.85
2022-07-06,117.435,117.575,117.578,117.435,33303,391324208.0,0.12,0.13,0.149,2.38
2022-07-07,117.578,117.699,117.699,117.47,27716,325867840.0,0.19,0.11,0.124,1.98
2022-07-08,117.651,117.648,117.69,117.6,30260,356040400.0,0.08,-0.04,-0.051,2.16
2022-07-11,117.649,117.772,117.799,117.638,39438,464107664.0,0.14,0.11,0.124,2.82
2022-07-12,117.799,117.788,117.808,117.739,30670,361246544.0,0.06,0.01,0.016,2.19
2022-07-13,117.788,117.907,117.989,117.788,41658,491052135.0,0.17,0.1,0.119,2.98
2022-07-14,117.907,117.917,117.956,117.863,36511,430522968.0,0.08,0.01,0.01,2.61
2022-07-15,117.921,118.069,118.103,117.921,31318,369666301.0,0.15,0.13,0.152,2.24
2022-07-18,118.069,117.976,118.166,117.872,35291,416709593.0,0.25,-0.08,-0.093,2.52
2022-07-19,117.982,117.912,117.982,117.859,33120,390567687.0,0.1,-0.05,-0.064,2.37
2022-07-20,117.943,117.959,118.041,117.862,32567,384033099.0,0.15,0.04,0.047,2.33
2022-07-21,117.977,118.094,121.5,117.977,31155,367900365.0,2.99,0.11,0.135,2.23
2022-07-22,118.101,118.143,118.144,118.06,24311,287115448.0,0.07,0.04,0.049,1.74
2022-07-25,118.148,118.186,118.323,118.047,47397,560012620.0,0.23,0.04,0.043,3.39
2022-07-26,118.186,118.31,118.34,118.137,33581,397274743.0,0.17,0.1,0.124,2.4
2022-07-27,118.31,118.377,118.474,118.269,36188,428497054.0,0.17,0.06,0.067,2.59
2022-07-28,118.38,118.36,118.425,118.35,37991,449790944.0,0.06,-0.01,-0.017,2.71
2022-07-29,118.377,118.774,118.777,118.32,36939,438047029.0,0.39,0.35,0.414,2.64
2022-08-01,118.774,118.9,118.914,118.63,26339,313085686.0,0.24,0.11,0.126,1.88
2022-08-02,118.851,119.035,119.17,118.851,36102,429639391.0,0.27,0.11,0.135,2.58
2022-08-03,119.035,119.032,119.05,118.79,44626,530831387.0,0.22,0.0,-0.003,3.19
2022-08-04,119.001,119.192,119.264,119.001,34348,409254022.0,0.22,0.13,0.16,2.45
2022-08-05,119.242,119.12,119.242,119.103,28174,335744363.0,0.12,-0.06,-0.072,2.01
2022-08-08,119.071,118.992,119.119,118.8,30910,367959191.0,0.27,-0.11,-0.128,2.21
2022-08-09,118.984,118.908,119.042,118.889,27600,328424279.0,0.13,-0.07,-0.084,1.97
2022-08-10,118.908,119.104,119.212,118.898,37443,445986670.0,0.26,0.16,0.196,2.68
2022-08-11,119.108,118.96,119.14,118.9,40386,480804429.0,0.2,-0.12,-0.144,2.89
2022-08-12,118.958,118.873,119.042,118.85,38200,454248249.0,0.16,-0.07,-0.087,2.73
2022-08-15,118.923,119.423,119.5,118.923,30333,362077049.0,0.49,0.46,0.55,2.17
2022-08-16,119.44,119.612,119.98,119.44,45149,540006337.0,0.45,0.16,0.189,3.23
2022-08-17,119.66,119.615,119.66,119.56,36386,435251664.0,0.08,0.0,0.003,2.6
2022-08-18,119.65,119.793,119.794,119.578,47539,569240881.0,0.18,0.15,0.178,3.4
2022-08-19,119.769,119.976,119.984,119.743,37593,450612324.0,0.2,0.15,0.183,2.69
2022-08-22,119.982,119.872,120.059,119.84,34042,408310774.0,0.18,-0.09,-0.104,2.43
2022-08-23,119.875,119.88,119.904,119.824,36144,433256373.0,0.07,0.01,0.008,2.58
2022-08-24,119.89,119.884,119.923,119.83,33298,399078923.0,0.08,0.0,0.004,2.38
2022-08-25,119.837,119.763,119.884,119.73,32246,386458119.0,0.13,-0.1,-0.121,2.3
2022-08-26,119.74,119.631,119.8,119.623,28287,338427799.0,0.15,-0.11,-0.132,2.02
2022-08-29,119.597,119.725,119.789,119.582,52256,625309505.0,0.17,0.08,0.094,3.73
2022-08-30,119.74,119.88,119.96,119.74,36401,436406338.0,0.18,0.13,0.155,2.6
2022-08-31,119.921,119.891,119.979,119.833,38283,459046103.0,0.12,0.01,0.011,2.74
2022-09-01,119.891,119.984,120.08,119.677,51518,617749461.0,0.34,0.08,0.093,3.68
2022-09-02,119.969,120.177,120.22,119.969,37030,444725851.0,0.21,0.16,0.193,2.65
2022-09-05,120.034,120.1,120.795,120.034,28007,336542753.0,0.63,-0.06,-0.077,2.0
2022-09-06,120.106,120.01,120.2,119.964,38988,468454235.0,0.2,-0.07,-0.09,2.79
2022-09-07,120.0,120.001,120.018,119.964,31055,372641252.0,0.04,-0.01,-0.009,2.22
2022-09-08,119.968,119.925,120.0,119.9,34584,414812821.0,0.08,-0.06,-0.076,2.47
2022-09-09,119.94,119.954,119.996,119.901,18797,225525693.0,0.08,0.02,0.029,1.34
2022-09-13,119.911,119.824,119.95,119.717,22755,272735921.0,0.19,-0.11,-0.13,1.63
2022-09-14,119.797,119.69,119.797,119.66,36375,435513529.0,0.11,-0.11,-0.134,2.6
2022-09-15,119.676,119.701,119.84,119.644,33444,400329978.0,0.16,0.01,0.011,2.39
2022-09-16,119.748,119.475,119.749,119.413,31737,379516040.0,0.28,-0.19,-0.226,2.27
2022-09-19,119.473,119.577,119.587,119.472,36573,437106501.0,0.1,0.09,0.102,2.61
2022-09-20,119.577,119.848,119.85,119.577,29543,353709364.0,0.23,0.23,0.271,2.11
2022-09-21,119.85,119.925,119.93,119.82,40415,484341060.0,0.09,0.06,0.077,2.89
2022-09-22,119.905,119.91,119.948,119.85,41470,497243119.0,0.08,-0.01,-0.015,2.96
2022-09-23,119.91,119.643,119.91,119.6,28036,335824677.0,0.26,-0.22,-0.267,2.0
2022-09-26,119.848,119.069,119.848,119.01,44619,532822329.0,0.7,-0.48,-0.574,3.19
2022-09-27,119.045,119.096,119.272,118.92,26190,311689987.0,0.3,0.02,0.027,1.87
2022-09-28,119.055,119.127,119.212,119.055,36290,432252987.0,0.13,0.03,0.031,2.59
2022-09-29,119.177,118.824,119.271,118.358,27989,333046713.0,0.77,-0.25,-0.303,2.0
2022-09-30,118.774,118.901,118.979,118.701,32107,381684504.0,0.23,0.06,0.077,2.29
2022-10-10,118.901,119.262,119.293,118.901,24574,292769010.0,0.33,0.3,0.361,1.76
2022-10-11,119.263,119.346,119.425,119.263,20896,249347004.0,0.14,0.07,0.084,1.49
2022-10-12,119.299,119.264,119.373,119.202,33026,394084952.0,0.14,-0.07,-0.082,2.36
2022-10-13,119.314,119.323,119.368,119.225,26178,312315995.0,0.12,0.05,0.059,1.87
2022-10-14,119.289,119.525,119.616,119.288,30274,361499058.0,0.27,0.17,0.202,2.16
2022-10-17,119.497,119.541,119.67,119.439,29584,353620198.0,0.19,0.01,0.016,2.11
2022-10-18,119.541,119.548,119.646,119.338,36748,439154846.0,0.26,0.01,0.007,2.63
2022-10-19,119.591,119.643,119.644,119.538,32821,392471129.0,0.09,0.08,0.095,2.35
2022-10-20,119.644,119.455,119.687,119.439,30378,363367835.0,0.21,-0.16,-0.188,2.17
2022-10-21,119.505,119.576,119.711,119.478,38311,458029989.0,0.2,0.1,0.121,2.74
2022-10-24,119.528,119.648,119.693,119.455,35326,422415810.0,0.2,0.06,0.072,2.52
2022-10-25,119.633,119.619,119.68,119.542,30632,366337774.0,0.12,-0.02,-0.029,2.19
2022-10-26,119.57,119.622,119.657,119.013,47894,572893872.0,0.54,0.0,0.003,3.42
2022-10-27,119.631,119.87,119.897,119.631,32459,388772824.0,0.22,0.21,0.248,2.32
2022-10-28,119.89,119.98,120.041,119.885,29467,353460609.0,0.13,0.09,0.11,2.11
2022-10-31,120.003,120.258,120.274,120.003,50466,606256772.0,0.23,0.23,0.278,3.61
2022-11-01,120.269,120.081,120.269,120.033,28758,345502350.0,0.2,-0.15,-0.177,2.06
2022-11-02,120.035,119.791,120.14,119.761,24628,295100735.0,0.32,-0.24,-0.29,1.76
2022-11-03,119.841,119.998,120.013,119.792,24557,294661683.0,0.18,0.17,0.207,1.75
2022-11-04,119.998,119.821,120.045,119.646,36706,440183966.0,0.33,-0.15,-0.177,2.62
2022-11-07,119.831,119.902,119.971,119.83,33360,400010725.0,0.12,0.07,0.081,2.38
2022-11-08,119.852,119.968,120.0,119.852,33070,396499243.0,0.12,0.06,0.066,2.36
2022-11-09,120.007,120.08,120.197,119.921,11697,140504313.0,0.23,0.09,0.112,0.84
2022-11-10,120.031,120.049,120.109,119.923,28550,342725816.0,0.15,-0.03,-0.031,2.04
2022-11-11,120.02,119.766,120.088,119.665,27221,326579772.0,0.35,-0.24,-0.283,1.95
2022-11-14,119.716,119.129,119.716,119.1,20739,247204450.0,0.51,-0.53,-0.637,1.48
2022-11-15,119.079,118.999,119.101,118.932,34623,412005302.0,0.14,-0.11,-0.13,2.47
2022-11-16,118.961,118.648,119.13,118.629,36345,432804498.0,0.42,-0.29,-0.351,2.6
2022-11-17,118.652,119.0,119.1,118.652,46584,553562393.0,0.38,0.3,0.352,3.33
2022-11-18,119.0,118.966,119.246,118.922,41118,489362585.0,0.27,-0.03,-0.034,2.94
2022-11-21,118.966,119.176,119.199,118.966,38756,461780631.0,0.2,0.18,0.21,2.77
2022-11-22,119.2,119.006,119.25,118.9,33699,401284770.0,0.29,-0.14,-0.17,2.41
2022-11-23,119.01,119.232,119.24,119.01,51087,608804557.0,0.19,0.19,0.226,3.65
2022-11-24,119.298,119.53,119.638,119.298,52848,631427195.0,0.29,0.25,0.298,3.78
2022-11-25,119.524,119.326,119.549,119.306,29116,347742678.0,0.2,-0.17,-0.204,2.08
2022-11-28,119.48,119.02,119.48,119.004,37023,441100450.0,0.4,-0.26,-0.306,2.65
2022-11-29,118.971,118.587,119.016,118.538,45453,540122669.0,0.4,-0.36,-0.433,3.25
2022-11-30,118.62,118.737,118.789,118.62,37647,446887034.0,0.14,0.13,0.15,2.69
2022-12-01,118.728,118.86,118.884,118.498,36485,433409222.0,0.33,0.1,0.123,2.61
2022-12-02,118.856,118.957,118.99,118.856,46230,549707489.0,0.11,0.08,0.097,3.3
2022-12-05,118.95,118.849,118.989,118.8,63499,754648342.0,0.16,-0.09,-0.108,4.54
2022-12-06,118.82,118.589,118.829,118.509,48838,579306594.0,0.27,-0.22,-0.26,3.49
2022-12-07,118.589,118.613,118.637,118.477,54268,643328596.0,0.13,0.02,0.024,3.88
2022-12-08,118.671,118.901,118.918,118.671,57312,680987095.0,0.21,0.24,0.288,4.1
2022-12-09,118.848,118.761,118.898,118.702,30804,365790320.0,0.16,-0.12,-0.14,2.2
2022-12-12,118.771,118.781,118.858,118.771,43430,515937046.0,0.07,0.02,0.02,3.1
2022-12-13,118.809,118.593,118.809,118.522,42347,502661046.0,0.24,-0.16,-0.188,3.03
2022-12-14,118.621,118.888,118.94,118.621,31793,377961170.0,0.27,0.25,0.295,2.27
2022-12-15,118.891,118.921,118.998,118.816,34509,410336706.0,0.15,0.03,0.033,2.47
2022-12-16,118.871,118.937,119.034,118.834,33275,395516119.0,0.17,0.01,0.016,2.38
2022-12-19,118.987,119.149,119.194,118.987,25157,299569717.0,0.17,0.18,0.212,1.8
2022-12-20,119.1,119.08,119.199,118.99,41408,493216288.0,0.18,-0.06,-0.069,2.96
2022-12-21,119.12,119.133,119.145,118.964,33971,404509986.0,0.15,0.04,0.053,2.43
2022-12-22,119.135,119.137,119.171,119.086,23911,284873690.0,0.07,0.0,0.004,1.71
2022-12-23,119.13,119.122,119.176,119.092,40208,478936824.0,0.07,-0.01,-0.015,2.87
2022-12-26,119.132,119.037,119.222,118.982,31335,373301708.0,0.2,-0.07,-0.085,2.24
2022-12-27,119.037,119.008,119.151,119.0,22866,272305820.0,0.13,-0.02,-0.029,1.63
2022-12-28,119.058,119.032,119.07,119.01,18821,224078003.0,0.05,0.02,0.024,1.34
2022-12-29,119.035,119.171,119.2,119.034,49390,588542872.0,0.14,0.12,0.139,3.53
2022-12-30,119.22,119.333,119.394,119.18,18568,221344402.0,0.18,0.14,0.162,1.33
2023-01-03,119.32,119.34,119.383,119.28,26486,316150449.0,0.09,0.01,0.007,1.89
2023-01-04,119.343,119.439,119.5,119.343,30266,361410101.0,0.13,0.08,0.099,2.16
2023-01-05,119.446,119.441,119.529,119.39,33427,399313585.0,0.12,0.0,0.002,2.39
2023-01-06,119.444,119.291,119.444,119.252,48962,584167108.0,0.16,-0.13,-0.15,3.5
2023-01-09,119.327,119.349,119.415,119.291,29737,354768177.0,0.1,0.05,0.058,2.13
2023-01-10,119.335,119.256,119.349,119.256,41753,498101228.0,0.08,-0.08,-0.093,2.98
2023-01-11,119.245,119.12,119.255,119.087,33780,402359475.0,0.14,-0.11,-0.136,2.41
2023-01-12,119.155,119.152,119.2,119.12,47677,568204540.0,0.07,0.03,0.032,3.41
2023-01-13,119.145,119.133,119.145,119.08,41485,494165862.0,0.05,-0.02,-0.019,2.96
2023-01-16,119.086,118.913,119.086,118.911,12650,150476481.0,0.15,-0.18,-0.22,0.9
2023-01-17,118.95,118.942,119.0,118.925,9728,115755110.0,0.06,0.02,0.029,0.7
2023-01-18,118.978,118.866,119.059,118.85,41329,491828449.0,0.18,-0.06,-0.076,2.95
2023-01-19,118.885,118.829,118.965,118.828,53794,639599370.0,0.12,-0.03,-0.037,3.84
2023-01-20,118.891,118.969,118.979,118.891,24619,292746680.0,0.07,0.12,0.14,1.76
2023-01-30,118.953,119.049,119.055,118.86,23776,282899051.0,0.16,0.07,0.08,1.7
2023-01-31,119.099,119.127,119.142,119.022,46967,559268107.0,0.1,0.07,0.078,3.36
2023-02-01,119.14,119.137,119.208,119.059,38932,464006505.0,0.13,0.01,0.01,2.78
2023-02-02,119.136,119.201,119.229,119.116,28740,342571198.0,0.09,0.05,0.064,2.05
2023-02-03,119.211,119.305,119.315,119.211,69852,833249138.0,0.09,0.09,0.104,4.99
2023-02-06,119.355,119.31,119.355,119.297,32426,386880261.0,0.05,0.0,0.005,2.32
2023-02-07,119.29,119.285,119.36,119.203,32732,390393862.0,0.13,-0.02,-0.025,2.34
2023-02-08,119.292,119.228,119.35,119.2,42771,510368826.0,0.13,-0.05,-0.057,3.06
2023-02-09,119.278,119.241,119.311,119.23,125553,1497519776.0,0.07,0.01,0.013,8.97
2023-02-10,119.28,119.328,119.358,119.28,26938,321476737.0,0.07,0.07,0.087,1.93
2023-02-13,119.338,119.355,119.399,119.338,31260,373176760.0,0.05,0.02,0.027,2.23
2023-02-14,119.356,119.375,119.405,119.32,26318,314176994.0,0.07,0.02,0.02,1.88
2023-02-15,119.379,119.33,119.382,119.315,16570,197728956.0,0.06,-0.04,-0.045,1.18
2023-02-16,119.335,119.341,119.428,119.2,60724,724551574.0,0.19,0.01,0.011,4.34
2023-02-17,119.37,119.377,119.431,119.334,15456,184567246.0,0.08,0.03,0.036,1.1
2023-02-20,119.382,119.349,119.415,119.341,29136,347732928.0,0.06,-0.02,-0.028,2.08
2023-02-21,119.34,119.329,119.351,119.32,16480,196685437.0,0.03,-0.02,-0.02,1.18
2023-02-22,119.329,119.353,119.395,119.329,28858,344456777.0,0.06,0.02,0.024,2.06
2023-02-23,119.361,119.36,119.375,119.352,37264,444809079.0,0.02,0.01,0.007,2.66
2023-02-24,119.38,119.344,119.38,119.342,27413,327180962.0,0.03,-0.01,-0.016,1.96
2023-02-27,119.342,119.32,119.359,119.275,26066,310952818.0,0.07,-0.02,-0.024,1.86
2023-02-28,119.343,119.303,119.343,119.29,33503,399797258.0,0.04,-0.01,-0.017,2.39
2023-03-01,119.349,119.324,119.349,119.304,26557,316877688.0,0.04,0.02,0.021,1.9
2023-03-02,119.324,119.295,119.355,119.209,29092,347058918.0,0.12,-0.02,-0.029,2.08
2023-03-03,119.29,119.277,119.3,119.252,45820,546514901.0,0.04,-0.02,-0.018,3.27
2023-03-06,119.31,119.436,119.48,119.31,24260,289834909.0,0.14,0.13,0.159,1.73
2023-03-07,119.479,119.573,119.587,119.439,22226,265595255.0,0.12,0.11,0.137,1.59
2023-03-08,119.62,119.698,119.699,119.575,24639,294908448.0,0.1,0.1,0.125,1.76
2023-03-09,119.7,119.696,119.71,119.657,35823,428748668.0,0.04,0.0,-0.002,2.56
2023-03-10,119.7,119.74,119.78,119.646,18646,223317037.0,0.11,0.04,0.044,1.33
2023-03-13,119.74,119.78,119.8,119.7,23750,284513877.0,0.08,0.03,0.04,1.7
2023-03-14,119.753,119.819,119.855,119.749,19853,237907150.0,0.09,0.03,0.039,1.42
2023-03-15,119.82,119.769,119.826,119.76,24094,288591238.0,0.06,-0.04,-0.05,1.72
2023-03-16,119.776,119.886,119.91,119.776,24975,299384408.0,0.11,0.1,0.117,1.78
2023-03-17,119.886,119.962,119.964,119.871,29322,351740338.0,0.08,0.06,0.076,2.1
2023-03-20,119.961,119.999,120.03,119.95,17958,215496986.0,0.07,0.03,0.037,1.28
2023-03-21,120.006,119.827,120.042,119.8,31656,379763727.0,0.2,-0.14,-0.172,2.26
2023-03-22,119.783,119.877,119.877,119.719,33288,399005304.0,0.13,0.04,0.05,2.38
2023-03-23,119.877,119.853,119.919,119.804,26263,314852339.0,0.1,-0.02,-0.024,1.88
2023-03-24,119.853,119.815,119.884,119.801,33021,395675959.0,0.07,-0.03,-0.038,2.36
2023-03-27,119.829,119.853,119.883,119.791,30443,364923482.0,0.08,0.03,0.038,2.18
2023-03-28,119.854,119.845,119.89,119.814,30850,369737503.0,0.06,-0.01,-0.008,2.2
2023-03-29,119.845,119.92,119.929,119.8,62080,744468659.0,0.11,0.06,0.075,4.44
2023-03-30,119.906,119.798,120.023,119.772,23236,278424807.0,0.21,-0.1,-0.122,1.66
2023-03-31,119.848,119.852,119.92,119.83,41514,497655732.0,0.08,0.05,0.054,2.97
2023-04-03,119.9,119.874,119.901,119.862,41310,495190642.0,0.03,0.02,0.022,2.95
2023-04-04,119.875,119.917,119.921,119.875,83945,1006525753.0,0.04,0.04,0.043,6.0
2023-04-06,119.92,119.938,119.984,119.92,72305,867305860.0,0.05,0.02,0.021,5.17
2023-04-07,119.95,120.02,120.048,119.95,60654,727951066.0,0.08,0.07,0.082,4.33
2023-04-10,120.022,120.09,120.09,120.022,81044,973179162.0,0.06,0.06,0.07,5.79
2023-04-11,120.091,120.099,120.18,120.091,45804,550285277.0,0.07,0.01,0.009,3.27
2023-04-12,120.141,120.224,120.245,120.112,66650,801282984.0,0.11,0.1,0.125,4.76
2023-04-13,120.273,120.254,120.274,120.232,57227,688197090.0,0.03,0.02,0.03,4.09
2023-04-14,120.269,120.194,120.269,120.135,54648,656730693.0,0.11,-0.05,-0.06,3.91
2023-04-17,120.194,120.186,120.23,120.14,57118,686401010.0,0.07,-0.01,-0.008,4.08
2023-04-18,120.181,120.214,120.217,120.136,35358,424957209.0,0.07,0.02,0.028,2.53
2023-04-19,120.22,120.33,120.4,120.22,57137,687457020.0,0.15,0.1,0.116,4.08
2023-04-20,120.325,120.239,120.42,120.2,42035,505554138.0,0.18,-0.08,-0.091,3.0
2023-04-21,120.263,120.407,120.409,120.263,63657,766399126.0,0.12,0.14,0.168,4.55
2023-04-24,120.422,120.51,120.538,120.422,45599,549546063.0,0.1,0.09,0.103,3.26
2023-04-25,120.558,120.525,120.558,120.51,39333,474101925.0,0.04,0.01,0.015,2.81
2023-04-26,120.526,120.573,120.575,120.486,91850,1107260604.0,0.07,0.04,0.048,6.56
2023-04-27,120.6,120.664,120.82,120.6,79322,957704144.0,0.18,0.08,0.091,5.67
2023-04-28,120.714,120.749,120.895,120.679,63136,762323047.0,0.18,0.07,0.085,4.51
2023-05-04,120.826,120.964,121.0,120.826,41463,501546866.0,0.14,0.18,0.215,2.96
2023-05-05,121.009,121.165,121.165,121.009,58506,708672647.0,0.13,0.17,0.201,4.18
2023-05-08,121.998,121.035,121.998,120.989,55394,670376391.0,0.83,-0.11,-0.13,3.96
2023-05-09,121.029,121.149,121.166,120.985,40956,496022869.0,0.15,0.09,0.114,2.93
2023-05-10,121.134,121.311,121.335,121.134,54385,659617045.0,0.17,0.13,0.162,3.89
2023-05-11,121.412,121.487,121.548,121.41,29977,364146853.0,0.11,0.15,0.176,2.14
2023-05-12,121.498,121.365,121.537,121.331,35941,436241965.0,0.17,-0.1,-0.122,2.57
2023-05-15,121.37,121.36,121.48,121.355,43507,528310105.0,0.1,0.0,-0.005,3.11
2023-05-16,121.376,121.316,121.376,121.263,47358,574443354.0,0.09,-0.04,-0.044,3.38
2023-05-17,121.36,121.305,121.42,121.302,48228,585326752.0,0.1,-0.01,-0.011,3.45
2023-05-18,121.399,121.296,121.399,121.08,27972,339249350.0,0.26,-0.01,-0.009,2.0
2023-05-19,121.311,121.427,121.43,121.31,33974,412473093.0,0.1,0.11,0.131,2.43
2023-05-22,121.39,121.453,121.49,121.377,44920,545609825.0,0.09,0.02,0.026,3.21
2023-05-23,121.46,121.708,121.73,121.46,59215,720096984.0,0.22,0.21,0.255,4.23
2023-05-24,121.729,121.667,121.743,121.58,55428,674286858.0,0.13,-0.03,-0.041,3.96
2023-05-25,121.666,121.564,121.666,121.525,46397,564027131.0,0.12,-0.08,-0.103,3.32
2023-05-26,121.565,121.352,121.613,121.321,63929,776446080.0,0.24,-0.17,-0.212,4.57
2023-05-29,121.358,121.459,121.46,121.324,42139,511756311.0,0.11,0.09,0.107,3.01
2023-05-30,121.462,121.465,121.525,121.45,69094,839391500.0,0.06,0.0,0.006,4.94
2023-05-31,121.469,121.504,121.52,121.469,35566,432038808.0,0.04,0.03,0.039,2.54
2023-06-01,121.563,121.654,121.68,121.563,45998,559441515.0,0.1,0.12,0.15,3.29
2023-06-02,121.7,121.579,121.701,121.566,39382,478886667.0,0.11,-0.06,-0.075,2.81
2023-06-05,121.56,121.626,121.653,121.545,53131,646292709.0,0.09,0.04,0.047,3.8
2023-06-06,121.651,121.76,121.76,121.651,46145,561638834.0,0.09,0.11,0.134,3.3
2023-06-07,121.758,121.869,121.87,121.71,53962,657413637.0,0.13,0.09,0.109,3.86
2023-06-08,121.867,121.844,121.889,121.801,47363,577060550.0,0.07,-0.02,-0.025,3.38
2023-06-09,121.856,121.977,122.023,121.841,42128,513798392.0,0.15,0.11,0.133,3.01
2023-06-12,121.97,122.058,122.08,121.97,44398,541806419.0,0.09,0.07,0.081,3.17
2023-06-13,122.099,122.279,122.282,122.072,53574,654976054.0,0.17,0.18,0.221,3.83
2023-06-14,122.399,122.598,122.61,122.282,54915,672856946.0,0.27,0.26,0.319,3.92
2023-06-15,122.548,122.245,122.598,122.22,43652,534037841.0,0.31,-0.29,-0.353,3.12
2023-06-16,122.0,121.794,122.118,121.72,51001,621409152.0,0.33,-0.37,-0.451,3.64
2023-06-19,121.826,121.888,121.913,121.725,35417,431329637.0,0.15,0.08,0.094,2.53
2023-06-20,121.87,121.866,121.899,121.771,13496,164474461.0,0.11,-0.02,-0.022,0.96
2023-06-21,121.87,122.01,122.077,121.87,61584,751412240.0,0.17,0.12,0.144,4.4
2023-06-26,122.01,122.169,122.21,122.01,44786,547129518.0,0.16,0.13,0.159,3.2
2023-06-27,122.163,121.972,122.164,121.91,48967,597233094.0,0.21,-0.16,-0.197,3.5
2023-06-28,121.972,121.989,122.058,121.966,51347,626458463.0,0.08,0.01,0.017,3.67
2023-06-29,121.988,122.031,122.05,121.939,14362,175202043.0,0.09,0.03,0.042,1.03
2023-06-30,122.056,122.262,122.268,122.05,27968,341766868.0,0.18,0.19,0.231,2.0
2023-07-03,122.31,122.203,122.337,122.158,83528,1020720179.0,0.15,-0.05,-0.059,5.97
2023-07-04,122.2,122.217,122.3,122.153,42762,522893695.0,0.12,0.01,0.014,3.06
2023-07-05,122.25,122.233,122.251,122.168,47124,575990152.0,0.07,0.01,0.016,3.37
2023-07-06,122.237,122.276,122.309,122.237,41824,511398288.0,0.06,0.04,0.043,2.99
2023-07-07,122.273,122.309,122.311,122.266,52519,642357283.0,0.04,0.03,0.033,3.75
2023-07-10,122.307,122.331,122.341,122.265,38774,474296053.0,0.06,0.02,0.022,2.77
2023-07-11,122.35,122.426,122.499,122.35,37391,457787991.0,0.12,0.08,0.095,2.67
2023-07-12,122.44,122.447,122.475,122.399,30680,375621322.0,0.06,0.02,0.021,2.19
2023-07-13,122.445,122.395,122.456,122.36,22918,280519225.0,0.08,-0.04,-0.052,1.64
2023-07-14,122.396,122.346,122.396,122.327,26761,327440748.0,0.06,-0.04,-0.049,1.91
2023-07-17,122.359,122.463,122.464,122.359,36282,444256210.0,0.09,0.1,0.117,2.59
2023-07-18,122.48,122.638,122.65,122.476,17875,219118677.0,0.14,0.14,0.175,1.28
2023-07-19,122.644,122.614,122.67,122.566,21550,264287665.0,0.08,-0.02,-0.024,1.54
2023-07-20,122.617,122.623,122.635,122.545,40626,498147235.0,0.07,0.01,0.009,2.9
2023-07-21,122.672,122.771,122.785,122.672,30756,377501930.0,0.09,0.12,0.148,2.2
2023-07-24,122.784,122.854,122.873,122.783,30726,377447424.0,0.07,0.07,0.083,2.2
2023-07-25,122.721,122.392,122.721,122.334,38412,470427730.0,0.32,-0.38,-0.462,2.74
2023-07-26,122.392,122.51,122.525,122.37,30509,373548632.0,0.13,0.1,0.118,2.18
2023-07-27,122.545,122.644,122.672,122.545,32295,396068056.0,0.1,0.11,0.134,2.31
2023-07-28,122.68,122.603,122.725,122.539,33394,409382480.0,0.15,-0.03,-0.041,2.39
2023-07-31,122.59,122.454,122.59,122.3,26995,330586721.0,0.24,-0.12,-0.149,1.93
2023-08-01,122.506,122.545,122.601,122.475,34057,417460746.0,0.1,0.07,0.091,2.43
2023-08-02,122.594,122.651,122.655,122.562,30283,371313925.0,0.08,0.09,0.106,2.16
2023-08-03,122.657,122.714,122.742,122.656,51052,626346944.0,0.07,0.05,0.063,3.65
2023-08-04,122.717,122.715,122.85,122.601,34556,424049515.0,0.2,0.0,0.001,2.47
2023-08-07,122.75,122.758,122.792,122.723,26507,325390869.0,0.06,0.04,0.043,1.89
2023-08-08,122.752,122.795,122.808,122.752,11776,144600442.0,0.05,0.03,0.037,0.84
2023-08-09,122.838,122.835,122.839,122.804,25833,317298111.0,0.03,0.03,0.04,1.85
2023-08-10,122.84,122.819,122.845,122.789,30896,379414057.0,0.05,-0.01,-0.016,2.21
2023-08-11,122.82,122.836,122.841,122.797,30889,379379167.0,0.04,0.01,0.017,2.21
2023-08-14,122.881,122.949,122.967,122.879,31843,391459753.0,0.07,0.09,0.113,2.28
2023-08-15,122.965,123.279,123.3,122.965,24617,303398955.0,0.27,0.27,0.33,1.76
2023-08-16,123.329,123.475,123.55,123.329,28746,354834396.0,0.18,0.16,0.196,2.05
2023-08-17,123.483,123.465,123.573,123.387,33510,413739214.0,0.15,-0.01,-0.01,2.39
2023-08-18,123.415,123.54,123.56,123.33,22747,280974032.0,0.19,0.06,0.075,1.63
2023-08-21,123.59,123.819,123.845,123.571,26468,327412751.0,0.22,0.23,0.279,1.89
2023-08-22,123.819,123.675,123.848,123.653,23708,293295052.0,0.16,-0.12,-0.144,1.69
2023-08-23,123.669,123.663,123.779,123.63,33677,416474786.0,0.12,-0.01,-0.012,2.41
2023-08-24,123.652,123.636,123.675,123.591,45245,559307506.0,0.07,-0.02,-0.027,3.23
2023-08-25,123.652,123.579,123.692,123.56,27030,334168780.0,0.11,-0.05,-0.057,1.93
2023-08-28,123.202,123.491,123.497,122.56,54680,674957381.0,0.76,-0.07,-0.088,3.91
2023-08-29,123.491,123.271,123.492,123.216,27928,344208555.0,0.22,-0.18,-0.22,2.0
2023-08-30,123.271,123.342,123.384,123.183,31539,388989248.0,0.16,0.06,0.071,2.25
2023-08-31,123.38,123.427,123.439,123.368,27278,336651822.0,0.06,0.07,0.085,1.95
2023-09-01,123.423,123.304,123.423,123.264,21597,266426999.0,0.13,-0.1,-0.123,1.54
2023-09-04,123.101,122.942,123.17,122.92,27812,342145710.0,0.2,-0.29,-0.362,1.99
2023-09-05,122.992,123.012,123.018,122.945,25201,309936330.0,0.06,0.06,0.07,1.8
2023-09-06,123.05,122.869,123.069,122.865,23348,287004796.0,0.17,-0.12,-0.143,1.67
2023-09-07,122.869,122.76,122.877,122.751,23193,284830536.0,0.1,-0.09,-0.109,1.66
2023-09-08,122.8,122.848,122.891,122.751,30233,371188653.0,0.11,0.07,0.088,2.16
2023-09-11,122.821,122.835,122.844,122.73,27190,333883376.0,0.09,-0.01,-0.013,1.94
2023-09-12,122.911,122.866,122.92,122.83,28595,351338771.0,0.07,0.03,0.031,2.04
2023-09-13,122.856,122.98,123.05,122.841,35203,432882811.0,0.17,0.09,0.114,2.52
2023-09-14,122.97,123.109,123.12,122.951,24899,306308243.0,0.14,0.1,0.129,1.78
2023-09-15,123.112,122.971,123.139,122.922,26330,323882419.0,0.18,-0.11,-0.138,1.88
2023-09-18,122.922,122.79,122.95,122.741,29938,367596024.0,0.17,-0.15,-0.181,2.14
2023-09-19,122.795,122.796,122.839,122.77,33647,413245424.0,0.06,0.0,0.006,2.4
2023-09-20,122.8,122.766,122.834,122.745,24072,295533029.0,0.07,-0.02,-0.03,1.72
2023-09-21,122.772,122.798,122.841,122.744,29910,367383891.0,0.08,0.03,0.032,2.14
2023-09-22,122.847,122.635,122.85,122.631,30453,373735461.0,0.18,-0.13,-0.163,2.18
2023-09-25,122.635,122.48,122.685,122.438,25859,316997583.0,0.2,-0.13,-0.155,1.85
2023-09-26,122.48,122.389,122.48,122.22,11440,139980523.0,0.21,-0.07,-0.091,0.82
2023-09-27,122.38,122.376,122.429,122.282,4942,60462640.0,0.12,-0.01,-0.013,0.35
2023-09-28,122.5,122.689,122.735,122.495,25909,317891040.0,0.2,0.26,0.313,1.85
2023-10-09,122.706,122.72,122.82,122.706,28892,354764278.0,0.09,0.03,0.031,2.06
2023-10-10,122.729,122.738,122.81,122.709,23599,289647488.0,0.08,0.01,0.018,1.69
2023-10-11,122.689,122.525,122.75,122.52,23768,291305140.0,0.19,-0.17,-0.213,1.7
2023-10-12,122.4,122.552,122.588,122.352,20715,253770288.0,0.19,0.02,0.027,1.48
2023-10-13,122.602,122.703,122.742,122.542,33328,408974729.0,0.16,0.12,0.151,2.38
2023-10-16,122.78,122.803,122.848,122.75,42009,515880419.0,0.08,0.08,0.1,3.0
2023-10-17,122.818,122.731,122.818,122.718,19321,237186991.0,0.08,-0.06,-0.072,1.38
2023-10-18,122.75,122.704,122.78,122.703,23655,290391156.0,0.06,-0.02,-0.027,1.69
2023-10-19,122.703,122.519,122.703,122.519,20207,247755283.0,0.15,-0.15,-0.185,1.44
2023-10-20,122.521,122.701,122.763,122.521,19930,244373179.0,0.2,0.15,0.182,1.42
2023-10-23,122.804,122.831,122.844,122.746,19886,244226349.0,0.08,0.11,0.13,1.42
2023-10-24,122.764,122.681,122.765,122.661,20176,247609887.0,0.08,-0.12,-0.15,1.44
2023-10-25,122.659,122.799,122.809,122.61,25837,316997188.0,0.16,0.1,0.118,1.85
2023-10-26,122.828,122.831,122.888,122.81,17155,210775878.0,0.06,0.03,0.032,1.23
2023-10-27,122.831,122.841,122.89,122.8,20552,252445160.0,0.07,0.01,0.01,1.47
2023-10-30,122.842,122.89,122.917,122.822,24353,299282184.0,0.08,0.04,0.049,1.74
2023-10-31,122.901,123.05,123.12,122.901,21035,258902058.0,0.18,0.13,0.16,1.5
2023-11-01,123.06,123.176,123.18,123.06,30003,369526854.0,0.1,0.1,0.126,2.14
2023-11-02,123.181,123.297,123.304,123.181,25452,313785250.0,0.1,0.1,0.121,1.82
2023-11-03,123.3,123.285,123.394,123.203,24195,298212390.0,0.15,-0.01,-0.012,1.73
2023-11-06,123.288,123.272,123.309,123.162,25895,319241798.0,0.12,-0.01,-0.013,1.85
2023-11-07,123.299,123.336,123.418,123.275,20609,254250988.0,0.12,0.05,0.064,1.47
2023-11-08,123.319,123.344,123.356,123.229,25132,309932059.0,0.1,0.01,0.008,1.8
2023-11-09,123.339,123.351,123.38,123.307,22001,271389948.0,0.06,0.01,0.007,1.57
2023-11-10,123.352,123.368,123.402,123.331,23828,293989712.0,0.06,0.01,0.017,1.7
2023-11-13,123.365,123.423,123.426,123.339,19163,236498785.0,0.07,0.04,0.055,1.37
2023-11-14,123.385,123.352,123.471,123.329,20097,247968034.0,0.12,-0.06,-0.071,1.44
2023-11-15,123.323,123.316,123.399,123.3,19838,244705341.0,0.08,-0.03,-0.036,1.42
2023-11-16,123.317,123.414,123.455,123.317,20823,257023198.0,0.11,0.08,0.098,1.49
2023-11-17,123.45,123.464,123.483,123.4,23355,288319395.0,0.07,0.04,0.05,1.67
2023-11-20,123.464,123.461,123.478,123.429,18564,229200496.0,0.04,0.0,-0.003,1.33
2023-11-21,123.461,123.488,123.503,123.403,23524,290469321.0,0.08,0.02,0.027,1.68
2023-11-22,123.488,123.421,123.488,123.419,21617,266853081.0,0.06,-0.05,-0.067,1.54
2023-11-23,123.403,123.254,123.403,123.25,23643,291531429.0,0.12,-0.14,-0.167,1.69
2023-11-24,123.262,123.272,123.339,123.26,23967,295555151.0,0.06,0.01,0.018,1.71
2023-11-27,123.243,123.234,123.296,123.2,24923,307159265.0,0.08,-0.03,-0.038,1.78
2023-11-28,123.331,123.325,123.347,123.27,27881,343852663.0,0.06,0.07,0.091,1.99
2023-11-29,123.325,123.288,123.368,123.287,21159,260981055.0,0.07,-0.03,-0.037,1.51
2023-11-30,123.288,123.332,123.384,123.288,24626,303799541.0,0.08,0.04,0.044,1.76
2023-12-01,123.336,123.442,123.49,123.336,26517,327318102.0,0.12,0.09,0.11,1.89
2023-12-04,123.49,123.375,123.49,123.35,24435,301540711.0,0.11,-0.05,-0.067,1.75
2023-12-05,123.373,123.38,123.391,123.337,23659,291895424.0,0.04,0.0,0.005,1.69
2023-12-06,123.378,123.335,123.393,123.325,29455,363426790.0,0.06,-0.04,-0.045,2.1
2023-12-07,123.377,123.381,123.419,123.311,29052,358479476.0,0.09,0.04,0.046,2.08
2023-12-08,123.382,123.429,123.462,123.382,24331,300350572.0,0.06,0.04,0.048,1.74
2023-12-11,123.488,123.657,123.688,123.488,33476,413856426.0,0.16,0.18,0.228,2.39
2023-12-12,123.66,123.598,123.725,123.572,43419,536786102.0,0.12,-0.05,-0.059,3.1
2023-12-13,123.648,123.75,123.926,123.648,29601,366250126.0,0.22,0.12,0.152,2.12
2023-12-14,123.752,123.741,123.82,123.717,33554,415338616.0,0.08,-0.01,-0.009,2.4
2023-12-15,123.741,123.82,123.823,123.702,25558,316373245.0,0.1,0.06,0.079,1.83
2023-12-18,123.87,123.905,123.923,123.84,25041,310244763.0,0.07,0.07,0.085,1.79
2023-12-19,123.881,123.917,123.939,123.836,24880,308250717.0,0.08,0.01,0.012,1.78
2023-12-20,123.917,123.871,123.917,123.86,35459,439228781.0,0.05,-0.04,-0.046,2.53
2023-12-21,123.86,123.926,124.011,123.803,14636,181293507.0,0.17,0.04,0.055,1.05
2023-12-22,124.0,124.018,124.064,123.975,5367,66575769.0,0.07,0.07,0.092,0.38
2023-12-25,124.051,124.12,124.14,123.993,32568,404004880.0,0.12,0.08,0.102,2.33
2023-12-26,124.164,124.178,124.25,124.13,26889,333906151.0,0.1,0.05,0.058,1.92
2023-12-27,124.228,124.276,124.321,124.222,29288,363941565.0,0.08,0.08,0.098,2.09
2023-12-28,124.34,124.276,124.468,124.158,6374,79232879.0,0.25,0.0,0.0,0.46
2023-12-29,124.324,124.502,124.515,124.324,34607,430539913.0,0.15,0.18,0.226,2.47
2024-01-02,124.547,124.73,124.731,124.414,26744,333102286.0,0.25,0.18,0.228,1.91
2024-01-03,124.715,124.411,124.749,124.401,39898,496572840.0,0.28,-0.26,-0.319,2.85
2024-01-04,124.461,124.659,124.68,124.45,3071,38256825.0,0.18,0.2,0.248,0.22
2024-01-05,124.661,125.017,125.019,124.561,3544,44213989.0,0.37,0.29,0.358,0.25
2024-01-08,125.004,124.83,125.123,124.791,26185,326915565.0,0.27,-0.15,-0.187,1.87
2024-01-09,124.815,124.982,125.0,124.789,8244,102938596.0,0.17,0.12,0.152,0.59
2024-01-10,124.995,124.941,124.995,124.88,16762,209353378.0,0.09,-0.03,-0.041,1.2
2024-01-11,124.884,124.862,124.927,124.784,39070,487732589.0,0.11,-0.06,-0.079,2.79
2024-01-12,124.852,124.729,124.922,124.711,27545,343636474.0,0.17,-0.11,-0.133,1.97
2024-01-15,124.71,124.748,124.753,124.673,41671,519790008.0,0.06,0.02,0.019,2.98
2024-01-16,124.748,124.711,124.768,124.697,24578,306536659.0,0.06,-0.03,-0.037,1.76
2024-01-17,124.71,124.858,124.859,124.691,51466,642124832.0,0.13,0.12,0.147,3.68
2024-01-18,124.878,124.95,125.246,124.876,12777,159629101.0,0.3,0.07,0.092,0.91
2024-01-19,124.94,125.016,125.055,124.902,17694,221137187.0,0.12,0.05,0.066,1.26
2024-01-22,125.064,125.127,125.245,124.905,15594,195069105.0,0.27,0.09,0.111,1.11
2024-01-23,125.136,125.066,125.156,125.0,17570,219746703.0,0.12,-0.05,-0.061,1.26
2024-01-24,125.045,125.079,125.148,124.989,30138,376939132.0,0.13,0.01,0.013,2.15
2024-01-25,125.045,125.089,125.11,124.956,21893,273798787.0,0.12,0.01,0.01,1.56
2024-01-26,125.19,125.18,125.225,125.086,16171,202393317.0,0.11,0.07,0.091,1.16
2024-01-29,125.162,125.25,125.3,125.142,55107,690060507.0,0.13,0.06,0.07,3.94
2024-01-30,125.375,125.599,126.0,125.375,19103,239726375.0,0.5,0.28,0.349,1.37
2024-01-31,125.891,125.804,125.9,125.655,31097,391155386.0,0.2,0.16,0.205,2.22
2024-02-01,125.819,125.817,125.919,125.732,59843,752841516.0,0.15,0.01,0.013,4.28
2024-02-02,125.817,125.79,125.817,125.733,38222,480761655.0,0.07,-0.02,-0.027,2.73
2024-02-05,126.234,125.985,126.234,125.79,10326,130080630.0,0.35,0.16,0.195,0.74
2024-02-06,125.96,125.657,125.966,125.594,9362,117794821.0,0.3,-0.26,-0.328,0.67
2024-02-07,125.58,125.727,125.764,125.259,13351,167792205.0,0.4,0.06,0.07,0.95
2024-02-08,126.008,125.9,126.008,125.707,32701,411511915.0,0.24,0.14,0.173,2.34
2024-02-19,125.898,125.923,125.975,125.768,20791,261802148.0,0.16,0.02,0.023,1.49
2024-02-20,125.921,126.009,126.08,125.877,25068,315763081.0,0.16,0.07,0.086,1.79
2024-02-21,126.059,126.094,126.101,125.991,34278,432065385.0,0.09,0.07,0.085,2.45
2024-02-22,126.1,126.071,126.109,126.034,26613,335528088.0,0.06,-0.02,-0.023,1.9
2024-02-23,126.267,126.252,126.267,126.011,35797,451614136.0,0.2,0.14,0.181,2.56
2024-02-26,126.254,126.353,126.382,126.224,23867,301361920.0,0.13,0.08,0.101,1.71
2024-02-27,126.575,126.54,126.579,126.448,24239,306659548.0,0.1,0.15,0.187,1.73
2024-02-28,126.436,126.702,126.9,126.426,23738,300504925.0,0.37,0.13,0.162,1.7
2024-02-29,126.719,126.904,126.969,126.719,19547,248038906.0,0.2,0.16,0.202,1.4
2024-03-01,126.69,126.438,126.949,126.4,11630,147228960.0,0.43,-0.37,-0.466,0.83
2024-03-04,126.47,126.596,126.609,126.371,17737,224485284.0,0.19,0.12,0.158,1.27
2024-03-05,126.603,126.623,126.662,126.581,30650,388077561.0,0.06,0.02,0.027,2.19
2024-03-06,127.018,127.027,127.03,126.801,28567,362653284.0,0.18,0.32,0.404,2.04
2024-03-07,127.306,127.161,127.364,126.901,22069,280688862.0,0.36,0.11,0.134,1.58
2024-03-08,127.178,127.132,127.251,127.101,28678,364606390.0,0.12,-0.02,-0.029,2.05
2024-03-11,127.131,127.005,127.174,127.0,5301,67363017.0,0.14,-0.1,-0.127,0.38
2024-03-12,126.884,126.52,126.884,126.505,32802,415199540.0,0.3,-0.38,-0.485,2.34
2024-03-13,126.503,126.47,126.503,126.054,17813,225013115.0,0.35,-0.04,-0.05,1.27
2024-03-14,126.521,126.428,126.579,126.303,39707,502021540.0,0.22,-0.03,-0.042,2.84
2024-03-15,126.522,126.574,126.619,126.45,33055,418326201.0,0.13,0.12,0.146,2.36
2024-03-18,126.633,126.681,126.692,126.606,81571,1033253247.0,0.07,0.08,0.107,5.83
2024-03-19,126.829,126.965,126.976,126.752,7550,95743471.0,0.18,0.22,0.284,0.54
2024-03-20,126.899,126.826,126.923,126.805,35052,444612457.0,0.09,-0.11,-0.139,2.5
2024-03-21,126.8,126.826,126.873,126.6,31154,395166579.0,0.22,0.0,0.0,2.23
2024-03-22,127.02,126.82,127.02,126.789,21007,266464029.0,0.18,0.0,-0.006,1.5
2024-03-25,126.777,126.645,126.79,126.579,22923,290375069.0,0.17,-0.14,-0.175,1.64
2024-03-26,126.662,126.664,126.704,126.612,24401,309023983.0,0.07,0.02,0.019,1.74
2024-03-27,126.686,126.75,126.77,126.631,8001,101350015.0,0.11,0.07,0.086,0.57
2024-03-28,126.875,126.773,126.91,126.75,3176,40275445.0,0.13,0.02,0.023,0.23
2024-03-29,126.783,126.914,126.934,126.715,27951,354547315.0,0.17,0.11,0.141,2.0
2024-04-01,126.839,126.762,126.841,126.719,26603,337192945.0,0.1,-0.12,-0.152,1.9
2024-04-02,126.818,126.816,126.841,126.762,43906,556729647.0,0.06,0.04,0.054,3.14
2024-04-03,126.986,127.083,127.086,126.844,30964,393275623.0,0.19,0.21,0.267,2.21
2024-04-08,127.101,127.135,127.165,126.971,38908,494615132.0,0.15,0.04,0.052,2.78
2024-04-09,127.177,127.275,127.31,127.177,40459,514884149.0,0.1,0.11,0.14,2.89
2024-04-10,127.237,127.178,127.242,127.053,20866,265303799.0,0.15,-0.08,-0.097,1.49
2024-04-11,127.178,127.159,127.203,127.152,35363,449694247.0,0.04,-0.01,-0.019,2.53
2024-04-12,127.263,127.394,127.425,127.263,25054,319091504.0,0.13,0.18,0.235,1.79
2024-04-15,127.418,127.51,127.573,127.4,31018,395491031.0,0.14,0.09,0.116,2.22
2024-04-16,127.51,127.521,127.523,127.445,25675,327335698.0,0.06,0.01,0.011,1.83
2024-04-17,127.598,127.566,127.6,127.515,26192,334146928.0,0.07,0.04,0.045,1.87
2024-04-18,127.581,127.785,127.795,127.58,26489,338247937.0,0.17,0.17,0.219,1.89
2024-04-19,127.8,127.814,127.894,127.755,44915,574064436.0,0.11,0.02,0.029,3.21
2024-04-22,127.831,127.902,127.905,127.789,21973,280971640.0,0.09,0.07,0.088,1.57
2024-04-23,127.956,128.199,128.203,127.956,37475,480217275.0,0.19,0.23,0.297,2.68
2024-04-24,127.922,127.627,128.199,127.557,30050,384103486.0,0.5,-0.45,-0.572,2.15
2024-04-25,127.693,127.689,127.793,127.633,25800,329421789.0,0.13,0.05,0.062,1.84
2024-04-26,127.754,127.393,127.788,127.388,27039,344775973.0,0.31,-0.23,-0.296,1.93
2024-04-29,127.391,126.777,127.391,126.12,8307,105220089.0,1.0,-0.48,-0.616,0.59
2024-04-30,126.89,127.244,127.249,126.89,14715,187093147.0,0.28,0.37,0.467,1.05
2024-05-06,127.25,127.336,127.429,127.044,8936,113802850.0,0.3,0.07,0.092,0.64
2024-05-07,127.496,127.655,127.705,127.34,24421,311724264.0,0.29,0.25,0.319,1.75
2024-05-08,127.733,127.781,127.978,127.7,21601,275959412.0,0.22,0.1,0.126,1.54
2024-05-09,127.663,127.6,127.689,127.575,21054,268690191.0,0.09,-0.14,-0.181,1.5
2024-05-10,127.527,127.425,127.624,127.393,22347,284869865.0,0.18,-0.14,-0.175,1.6
2024-05-13,127.549,127.69,127.69,127.525,31535,402578273.0,0.13,0.21,0.265,2.25
2024-05-14,127.74,127.753,127.869,127.692,33087,422770418.0,0.14,0.05,0.063,2.36
2024-05-15,127.754,127.664,127.829,127.645,30460,389069000.0,0.14,-0.07,-0.089,2.18
2024-05-16,127.671,127.58,127.693,127.53,21328,272060450.0,0.13,-0.07,-0.084,1.52
2024-05-17,127.389,127.41,127.492,127.38,22128,281938161.0,0.09,-0.13,-0.17,1.58
2024-05-20,127.558,127.633,127.644,127.467,11518,146932119.0,0.14,0.18,0.223,0.82
2024-05-21,127.633,127.551,127.675,127.54,19371,247113848.0,0.11,-0.06,-0.082,1.38
2024-05-22,127.568,127.647,127.649,127.568,28988,370007614.0,0.06,0.08,0.096,2.07
2024-05-23,127.731,127.791,127.795,127.652,31996,408794732.0,0.11,0.11,0.144,2.29
2024-05-24,127.802,127.736,127.896,127.71,28699,366613046.0,0.15,-0.04,-0.055,2.05
2024-05-27,127.731,127.714,127.731,127.652,30207,385737962.0,0.06,-0.02,-0.022,2.16
2024-05-28,127.808,127.878,127.88,127.766,27076,346160472.0,0.09,0.13,0.164,1.93
2024-05-29,127.988,127.984,128.0,127.911,19026,243452760.0,0.07,0.08,0.106,1.36
2024-05-30,127.983,127.991,127.992,127.916,24045,307701153.0,0.06,0.01,0.007,1.72
2024-05-31,127.767,127.798,127.82,127.691,34730,443808698.0,0.1,-0.15,-0.193,2.48
2024-06-03,127.82,127.879,127.895,127.803,48184,616110779.0,0.07,0.06,0.081,3.44
2024-06-04,127.938,127.888,127.97,127.832,32298,413061559.0,0.11,0.01,0.009,2.31
2024-06-05,127.987,128.029,128.037,127.926,31084,397914225.0,0.09,0.11,0.141,2.22
2024-06-06,128.112,128.066,128.154,128.031,24210,310071751.0,0.1,0.03,0.037,1.73
2024-06-07,128.136,128.168,128.174,128.067,16311,209020676.0,0.08,0.08,0.102,1.17
2024-06-11,128.168,128.186,128.227,128.159,25506,326985879.0,0.05,0.01,0.018,1.82
2024-06-12,128.186,128.138,128.22,128.125,22737,291416702.0,0.07,-0.04,-0.048,1.62
2024-06-13,128.222,128.234,128.235,128.146,26028,333676170.0,0.07,0.07,0.096,1.86
2024-06-14,128.297,128.301,128.322,128.258,19031,244160213.0,0.05,0.05,0.067,1.36
2024-06-17,128.362,128.372,128.385,128.323,31515,404498481.0,0.05,0.06,0.071,2.25
2024-06-18,128.379,128.489,128.495,128.379,17863,229479288.0,0.09,0.09,0.117,1.28
2024-06-19,128.465,128.512,128.545,128.4,22137,284420271.0,0.11,0.02,0.023,1.58
2024-06-20,128.612,128.61,128.612,128.44,20361,261822324.0,0.13,0.08,0.098,1.46
2024-06-21,128.603,128.509,128.603,128.448,30436,391102436.0,0.12,-0.08,-0.101,2.17
2024-06-24,128.499,128.624,128.768,128.415,24360,313216508.0,0.27,0.09,0.115,1.74
2024-06-25,128.653,128.764,128.788,128.653,28968,372965767.0,0.1,0.11,0.14,2.07
2024-06-26,128.77,128.819,128.869,128.77,23774,306217877.0,0.08,0.04,0.055,1.7
2024-06-27,128.809,128.984,129.0,128.809,20317,261977865.0,0.15,0.13,0.165,1.45
2024-06-28,129.085,129.13,129.142,128.905,27041,348958164.0,0.18,0.11,0.146,1.93
2024-07-01,129.151,128.72,129.37,128.57,12577,162248398.0,0.62,-0.32,-0.41,0.9
2024-07-02,128.713,128.925,128.99,128.5,45472,585842092.0,0.38,0.16,0.205,3.25
2024-07-03,128.941,129.036,129.077,128.905,28451,367021458.0,0.13,0.09,0.111,2.03
2024-07-04,129.05,129.09,129.11,128.96,27107,349818446.0,0.12,0.04,0.054,1.94
2024-07-05,129.078,128.85,129.078,128.77,28176,363059279.0,0.24,-0.19,-0.24,2.01
2024-07-08,128.669,128.474,128.669,128.383,32732,420532966.0,0.22,-0.29,-0.376,2.34
2024-07-09,128.694,128.792,128.793,128.694,33922,436746920.0,0.08,0.25,0.318,2.42
2024-07-10,128.789,128.787,128.85,128.696,43918,565560912.0,0.12,0.0,-0.005,3.14
2024-07-11,128.828,128.872,128.901,128.765,28394,365855354.0,0.11,0.07,0.085,2.03
2024-07-12,128.963,129.033,129.107,128.874,25584,330056707.0,0.18,0.12,0.161,1.83
2024-07-15,129.038,129.14,129.18,129.036,25521,329504903.0,0.11,0.08,0.107,1.82
2024-07-16,129.112,129.113,129.304,128.976,77992,1007116437.0,0.25,-0.02,-0.027,5.57
2024-07-17,129.145,129.255,129.263,129.145,29061,375405202.0,0.09,0.11,0.142,2.08
2024-07-18,129.255,129.179,129.267,129.155,24851,321067167.0,0.09,-0.06,-0.076,1.78
2024-07-19,129.228,129.209,129.279,129.158,49162,635122515.0,0.09,0.02,0.03,3.51
2024-07-22,129.321,129.472,129.48,129.3,27592,357064529.0,0.14,0.2,0.263,1.97
2024-07-23,129.535,129.706,129.729,129.534,23110,299654279.0,0.15,0.18,0.234,1.65
2024-07-24,129.799,129.819,129.829,129.646,29242,379388145.0,0.14,0.09,0.113,2.09
2024-07-25,129.807,129.836,129.979,129.788,28174,365776868.0,0.15,0.01,0.017,2.01
2024-07-26,129.981,130.043,130.045,129.893,11567,150334113.0,0.12,0.16,0.207,0.83
2024-07-29,130.045,130.139,130.16,130.045,28253,367554796.0,0.09,0.07,0.096,2.02
2024-07-30,130.197,130.203,130.315,129.855,26475,344737828.0,0.35,0.05,0.064,1.89
2024-07-31,130.29,130.356,130.485,130.219,31216,406868137.0,0.2,0.12,0.153,2.23
2024-08-01,130.4,130.568,130.636,130.287,22079,288009340.0,0.27,0.16,0.212,1.58
2024-08-02,130.678,130.585,130.741,130.416,21258,277692588.0,0.25,0.01,0.017,1.52
2024-08-05,130.748,130.949,130.974,130.63,36361,475295671.0,0.26,0.28,0.364,2.6
2024-08-06,130.403,130.514,130.663,130.36,31532,411622413.0,0.23,-0.33,-0.435,2.25
2024-08-07,130.565,130.853,130.865,130.565,26106,341342810.0,0.23,0.26,0.339,1.87
2024-08-08,130.652,130.425,130.768,130.341,46754,610080535.0,0.33,-0.33,-0.428,3.34
2024-08-09,130.182,130.161,130.228,130.083,40108,522110169.0,0.11,-0.2,-0.264,2.87
2024-08-12,129.716,129.312,129.99,129.311,26159,338953422.0,0.52,-0.65,-0.849,1.87
2024-08-13,129.591,129.705,129.79,129.363,30951,401433820.0,0.33,0.3,0.393,2.21
2024-08-14,129.967,130.129,130.264,129.92,53196,692074387.0,0.27,0.33,0.424,3.8
2024-08-15,130.129,129.971,130.377,129.915,21927,285247375.0,0.36,-0.12,-0.158,1.57
2024-08-16,130.078,130.088,130.16,129.95,40975,532973323.0,0.16,0.09,0.117,2.93
2024-08-19,130.111,130.285,130.29,130.0,51633,672171840.0,0.22,0.15,0.197,3.69
2024-08-20,130.287,130.232,130.296,130.188,71388,929779671.0,0.08,-0.04,-0.053,5.1
2024-08-21,130.24,130.091,130.28,130.04,28779,374413093.0,0.18,-0.11,-0.141,2.06
2024-08-22,130.258,130.356,130.378,130.156,40233,524444227.0,0.17,0.2,0.265,2.88
2024-08-23,130.379,130.412,130.415,130.204,28889,376654200.0,0.16,0.04,0.056,2.06
2024-08-26,130.413,130.421,130.484,130.308,42598,555495492.0,0.13,0.01,0.009,3.04
2024-08-27,130.314,130.157,130.394,130.109,32678,425446256.0,0.22,-0.2,-0.264,2.34
2024-08-28,130.169,130.313,130.372,130.045,37396,487066681.0,0.25,0.12,0.156,2.67
2024-08-29,130.325,130.158,130.402,130.142,29312,381674248.0,0.2,-0.12,-0.155,2.09
2024-08-30,130.207,130.142,130.241,129.973,31459,409248177.0,0.21,-0.01,-0.016,2.25
2024-09-02,130.33,130.382,130.428,130.193,48114,627374332.0,0.18,0.18,0.24,3.44
2024-09-03,130.444,130.547,130.58,130.351,59773,780269402.0,0.18,0.13,0.165,4.27
2024-09-04,130.637,130.627,130.772,130.588,29475,385090439.0,0.14,0.06,0.08,2.11
2024-09-05,130.762,130.77,130.83,130.701,33566,438924470.0,0.1,0.11,0.143,2.4
2024-09-06,130.73,130.772,130.811,130.659,35350,462322395.0,0.12,0.0,0.002,2.53
2024-09-09,130.771,130.872,130.882,130.716,28140,368215967.0,0.13,0.08,0.1,2.01
2024-09-10,130.887,131.022,131.1,130.887,34180,447669662.0,0.16,0.11,0.15,2.44
2024-09-11,131.031,131.199,131.237,131.031,13963,183113729.0,0.16,0.14,0.177,1.0
2024-09-12,131.247,131.093,131.289,131.052,21514,282247248.0,0.18,-0.08,-0.106,1.54
2024-09-13,131.317,131.347,131.365,131.206,18432,241971533.0,0.12,0.19,0.254,1.32
2024-09-18,131.621,131.562,131.621,131.416,22781,299585679.0,0.16,0.16,0.215,1.63
2024-09-19,131.781,131.484,131.797,131.462,65667,864326780.0,0.25,-0.06,-0.078,4.69
2024-09-20,131.584,131.693,131.707,131.565,36692,483127922.0,0.11,0.16,0.209,2.62
2024-09-23,131.73,131.758,131.815,131.68,33961,447404380.0,0.1,0.05,0.065,2.43
2024-09-24,131.953,131.289,131.953,131.122,29416,386802609.0,0.63,-0.36,-0.469,2.1
2024-09-25,131.269,131.706,131.709,130.63,26274,345004273.0,0.82,0.32,0.417,1.88
2024-09-26,131.81,131.346,131.85,131.318,23759,312720783.0,0.4,-0.27,-0.36,1.7
2024-09-27,130.75,130.263,130.95,129.701,18146,236549443.0,0.95,-0.82,-1.083,1.3
2024-09-30,129.2,129.767,129.99,128.0,40203,520365492.0,1.53,-0.38,-0.496,2.87
2024-10-08,128.674,129.941,130.195,128.674,26626,345819847.0,1.17,0.13,0.174,1.9
2024-10-09,130.116,130.197,130.27,129.951,37073,482231768.0,0.25,0.2,0.256,2.65
2024-10-10,130.197,130.765,130.768,130.001,26151,341002300.0,0.59,0.44,0.568,1.87
2024-10-11,130.835,130.674,130.877,130.575,39984,522887749.0,0.23,-0.07,-0.091,2.86
2024-10-14,130.788,130.684,130.8,130.65,35037,457963286.0,0.11,0.01,0.01,2.5
2024-10-15,130.709,130.86,130.866,130.64,55008,718979267.0,0.17,0.13,0.176,3.93
2024-10-16,130.89,130.857,130.997,130.772,44518,582556650.0,0.17,0.0,-0.003,3.18
2024-10-17,130.875,131.06,131.077,130.804,83681,1096175479.0,0.21,0.16,0.203,5.98
2024-10-18,131.303,131.001,131.303,130.828,54058,708013126.0,0.36,-0.05,-0.059,3.86
2024-10-21,130.975,131.012,131.034,130.892,39488,517216184.0,0.11,0.01,0.011,2.82
2024-10-22,131.013,130.929,131.067,130.905,24857,325599285.0,0.12,-0.06,-0.083,1.78
2024-10-23,130.854,130.683,130.869,130.514,20561,268634989.0,0.27,-0.19,-0.246,1.47
2024-10-24,130.751,130.64,130.828,130.62,32137,420185909.0,0.16,-0.03,-0.043,2.3
2024-10-25,130.642,130.561,130.647,130.507,32472,424063364.0,0.11,-0.06,-0.079,2.32
2024-10-28,130.655,130.506,130.655,130.481,35595,464595785.0,0.13,-0.04,-0.055,2.54
2024-10-29,130.555,130.695,130.698,130.462,21021,274535240.0,0.18,0.14,0.189,1.5
2024-10-30,130.7,130.686,130.74,130.626,33875,442767699.0,0.09,-0.01,-0.009,2.42
2024-10-31,130.696,130.716,130.725,130.62,31118,406625895.0,0.08,0.02,0.03,2.22
2024-11-01,130.75,130.919,130.953,130.75,17388,227533988.0,0.16,0.16,0.203,1.24
2024-11-04,130.991,130.938,131.0,130.891,30556,400168948.0,0.08,0.01,0.019,2.18
2024-11-05,131.0,130.994,131.005,130.899,29311,383890040.0,0.08,0.04,0.056,2.09
2024-11-06,131.003,131.078,131.184,131.003,16731,219338498.0,0.14,0.06,0.084,1.2
2024-11-07,131.129,131.106,131.182,131.078,28861,378435187.0,0.08,0.02,0.028,2.06
2024-11-08,131.173,131.284,131.3,131.101,25656,336680502.0,0.15,0.14,0.178,1.83
2024-11-11,131.33,131.324,131.366,131.303,19907,261439028.0,0.05,0.03,0.04,1.42
2024-11-12,131.388,131.6,131.6,131.352,24675,324571224.0,0.19,0.21,0.276,1.76
2024-11-13,131.596,131.588,131.677,131.53,40699,535543758.0,0.11,-0.01,-0.012,2.91
2024-11-14,131.53,131.562,131.57,131.48,27058,355856581.0,0.07,-0.02,-0.026,1.93
2024-11-15,131.585,131.625,131.67,131.53,32713,430561257.0,0.11,0.05,0.063,2.34
2024-11-18,131.623,131.41,131.623,131.389,67204,883543975.0,0.18,-0.16,-0.215,4.8
2024-11-19,131.4,131.467,131.525,131.29,15297,201105160.0,0.18,0.04,0.057,1.09
2024-11-20,131.522,131.532,131.582,131.47,49107,645819214.0,0.09,0.05,0.065,3.51
2024-11-21,131.539,131.683,131.69,131.518,28920,380603604.0,0.13,0.11,0.151,2.07
2024-11-22,131.785,131.762,131.785,131.684,35871,472518831.0,0.08,0.06,0.079,2.56
2024-11-25,131.727,131.926,131.951,131.719,36088,475963360.0,0.18,0.12,0.164,2.58
2024-11-26,131.965,132.1,132.117,131.943,28986,382565031.0,0.13,0.13,0.174,2.07
2024-11-27,132.067,131.975,132.154,131.967,24380,321989475.0,0.14,-0.09,-0.125,1.74
2024-11-28,131.982,132.164,132.17,131.975,19711,260342478.0,0.15,0.14,0.189,1.41
2024-11-29,132.26,132.309,132.362,132.103,38416,508119203.0,0.2,0.11,0.145,2.75
2024-12-02,132.49,132.605,132.61,132.361,36576,484692974.0,0.19,0.22,0.296,2.61
2024-12-03,132.677,132.716,132.75,132.627,47640,632171296.0,0.09,0.08,0.111,3.4
2024-12-04,132.716,133.003,133.065,132.716,32013,425501750.0,0.26,0.22,0.287,2.29
2024-12-05,132.953,133.131,133.17,132.816,27693,368319754.0,0.27,0.1,0.128,1.98
2024-12-06,133.075,132.972,133.169,132.929,81177,1080135645.0,0.18,-0.12,-0.159,5.8
2024-12-09,133.004,133.138,133.143,132.994,34133,454246898.0,0.11,0.12,0.166,2.44
2024-12-10,133.054,133.907,134.031,133.054,71178,952264107.0,0.73,0.58,0.769,5.09
2024-12-11,133.84,134.128,134.147,133.667,44283,593388053.0,0.36,0.17,0.221,3.16
2024-12-12,134.23,134.403,134.666,134.23,53296,716392985.0,0.33,0.21,0.275,3.81
2024-12-13,134.766,134.877,134.932,134.523,43913,592083576.0,0.3,0.35,0.474,3.14
2024-12-16,134.975,135.395,135.42,134.975,42033,568632515.0,0.33,0.38,0.518,3.0
2024-12-17,135.15,135.107,135.21,135.0,70465,951924360.0,0.16,-0.21,-0.288,5.04
2024-12-18,135.217,134.821,135.368,134.271,95790,1292041830.0,0.81,-0.21,-0.286,6.85
2024-12-19,134.838,134.687,134.951,134.6,64289,866702889.0,0.26,-0.1,-0.134,4.59
2024-12-20,135.109,135.32,135.38,134.88,154044,2082917865.0,0.37,0.47,0.633,11.01
2024-12-23,135.777,135.499,135.796,135.35,68047,922004552.0,0.33,0.13,0.179,4.86
2024-12-24,135.35,135.223,135.58,135.154,59421,804245914.0,0.31,-0.2,-0.276,4.25
2024-12-25,135.264,135.073,135.303,134.878,35740,482703610.0,0.31,-0.11,-0.15,2.55
2024-12-26,135.099,135.031,135.184,134.994,37457,505846354.0,0.14,-0.03,-0.042,2.68
2024-12-27,135.255,135.506,135.525,135.254,41241,558511043.0,0.2,0.35,0.475,2.95
2024-12-30,135.535,135.303,135.599,135.291,16411,222220367.0,0.23,-0.15,-0.203,1.17
2024-12-31,135.629,135.554,135.662,135.455,32170,436190998.0,0.15,0.19,0.251,2.3
2025-01-02,135.943,136.248,136.339,135.791,45282,616490057.0,0.4,0.51,0.694,3.24
2025-01-03,136.615,136.569,136.722,136.207,41041,560137697.0,0.38,0.24,0.321,2.93
2025-01-06,136.59,136.654,136.69,136.469,36826,502976797.0,0.16,0.06,0.085,2.63
2025-01-07,136.58,136.477,136.623,136.448,21061,287558663.0,0.13,-0.13,-0.177,1.51
2025-01-08,136.473,136.463,136.565,136.4,35549,485187016.0,0.12,-0.01,-0.014,2.54
2025-01-09,136.531,136.28,136.541,136.27,28454,388070844.0,0.2,-0.13,-0.183,2.03
2025-01-10,135.706,136.129,136.142,135.674,45175,614321035.0,0.34,-0.11,-0.151,3.23
2025-01-13,136.084,136.057,136.15,135.899,33461,455239831.0,0.18,-0.05,-0.072,2.39
2025-01-14,136.024,136.196,136.22,135.897,23873,324699976.0,0.24,0.1,0.139,1.71
2025-01-15,136.342,136.443,136.506,136.31,19924,271813866.0,0.14,0.18,0.247,1.42
2025-01-16,136.347,136.274,136.467,136.113,36462,496962391.0,0.26,-0.12,-0.169,2.61
2025-01-17,136.341,136.186,136.399,136.146,121518,1655456014.0,0.19,-0.06,-0.088,8.68
2025-01-20,136.003,136.044,136.186,136.002,85856,1168312983.0,0.14,-0.1,-0.142,6.14
2025-01-21,136.03,136.159,136.229,136.01,20866,283971700.0,0.16,0.08,0.115,1.49
2025-01-22,136.251,136.219,136.355,136.17,111348,1516925298.0,0.14,0.04,0.06,7.96
2025-01-23,136.212,136.151,136.212,136.065,148631,2023675703.0,0.11,-0.05,-0.068,10.62
2025-01-24,136.122,136.005,136.215,135.851,156958,2133277108.0,0.27,-0.11,-0.146,11.22
2025-01-27,136.14,136.514,136.535,136.13,60612,827016170.0,0.3,0.37,0.509,4.33
2025-02-05,136.519,136.578,136.58,136.32,155981,2128780092.0,0.19,0.05,0.064,11.15
2025-02-06,136.63,136.659,136.703,136.532,110820,1513942074.0,0.13,0.06,0.081,7.92
2025-02-07,136.701,136.605,136.747,136.588,153623,2099314212.0,0.12,-0.04,-0.054,10.98
2025-02-10,136.536,136.474,136.538,136.44,167378,2284866285.0,0.07,-0.1,-0.131,11.96
2025-02-11,136.43,136.512,136.578,136.405,62959,859464392.0,0.13,0.03,0.038,4.5
2025-02-12,136.558,136.51,136.563,136.47,68662,937395920.0,0.07,0.0,-0.002,4.91
2025-02-13,136.51,136.476,136.549,136.428,133195,1817927819.0,0.09,-0.02,-0.034,9.52
2025-02-14,136.445,136.262,136.447,136.19,166831,2272601832.0,0.19,-0.16,-0.214,11.92
2025-02-17,136.256,135.889,136.256,135.879,29251,397779525.0,0.28,-0.27,-0.373,2.09
2025-02-18,135.866,135.761,135.943,135.4,176844,2399545568.0,0.4,-0.09,-0.128,12.64
2025-02-19,135.859,135.899,135.959,135.7,173722,2358776593.0,0.19,0.1,0.138,12.41
2025-02-20,135.906,135.764,135.925,135.564,151282,2054974291.0,0.27,-0.1,-0.135,10.81
2025-02-21,135.58,135.487,135.699,135.389,163368,2212210319.0,0.23,-0.2,-0.277,11.67
2025-02-24,135.306,134.89,135.395,134.771,172149,2326279302.0,0.46,-0.44,-0.597,12.3
2025-02-25,135.158,134.997,135.331,134.66,28427,383536173.0,0.5,0.08,0.107,2.03
2025-02-26,135.115,135.346,135.457,135.115,175506,2373706770.0,0.25,0.26,0.349,12.54
2025-02-27,135.295,135.108,135.336,135.086,185219,2505086535.0,0.18,-0.18,-0.238,13.24
2025-02-28,135.1,135.315,136.1,134.95,23356,315737438.0,0.85,0.15,0.207,1.67
2025-03-03,135.283,135.492,135.5,135.151,166323,2249464410.0,0.26,0.13,0.177,11.89
2025-03-04,135.595,135.445,135.753,135.37,22262,301745148.0,0.28,-0.03,-0.047,1.59
2025-03-05,135.478,135.468,135.588,135.435,155145,2102291368.0,0.11,0.02,0.023,11.09
2025-03-06,135.37,135.129,135.379,135.077,168750,2281756787.0,0.22,-0.25,-0.339,12.06
2025-03-07,135.077,134.75,135.077,134.564,29238,393965448.0,0.38,-0.28,-0.379,2.09
2025-03-10,134.542,134.455,134.789,134.4,37935,510597684.0,0.29,-0.22,-0.295,2.71
2025-03-11,134.46,133.937,134.537,133.86,27253,365388667.0,0.5,-0.39,-0.518,1.95
2025-03-12,133.8,134.446,134.5,133.521,172291,2304541168.0,0.73,0.38,0.509,12.31
2025-03-13,134.267,134.308,134.474,134.123,29679,398764372.0,0.26,-0.1,-0.138,2.12
2025-03-14,134.155,134.101,134.282,133.88,37399,501350666.0,0.3,-0.15,-0.207,2.67
2025-03-17,133.966,133.699,134.018,133.666,23726,317494438.0,0.26,-0.3,-0.402,1.7
2025-03-18,133.65,133.682,133.845,133.581,28981,387559426.0,0.2,-0.01,-0.017,2.07
2025-03-19,133.778,133.797,133.88,133.744,15617,208975429.0,0.1,0.09,0.115,1.12
2025-03-20,134.0,134.351,134.432,134.0,31390,421362528.0,0.32,0.41,0.554,2.24
2025-03-21,134.403,134.349,134.432,134.204,22759,305659855.0,0.17,0.0,-0.002,1.63
2025-03-24,134.268,134.202,134.303,134.089,107852,1447750210.0,0.16,-0.11,-0.147,7.71
2025-03-25,134.573,134.522,134.591,134.443,58093,781491093.0,0.11,0.24,0.32,4.15
2025-03-26,134.421,134.632,134.652,134.269,18606,250162820.0,0.28,0.08,0.11,1.33
2025-03-27,134.624,134.686,134.715,134.589,26822,361143682.0,0.09,0.04,0.054,1.92
2025-03-28,134.576,134.507,134.685,134.5,24064,323952996.0,0.14,-0.13,-0.179,1.72
2025-03-31,134.501,134.489,134.657,134.458,33028,444462473.0,0.15,-0.01,-0.018,2.36
2025-04-01,134.551,134.509,134.636,134.411,36362,489146667.0,0.17,0.01,0.02,2.6
2025-04-02,134.524,134.702,134.72,134.513,43622,587218938.0,0.15,0.14,0.193,3.12
2025-04-03,135.299,135.518,135.546,134.994,33503,453135363.0,0.41,0.61,0.816,2.39
2025-04-07,136.497,136.398,136.497,136.02,38428,523768448.0,0.35,0.65,0.88,2.75
2025-04-08,136.125,135.993,136.213,135.918,54515,741792438.0,0.22,-0.3,-0.405,3.9
2025-04-09,136.12,136.092,136.338,136.0,30589,416350545.0,0.25,0.07,0.099,2.19
2025-04-10,136.0,136.107,136.14,135.702,74001,1006697681.0,0.32,0.01,0.015,5.29
2025-04-11,136.229,136.084,136.293,136.021,27658,376637033.0,0.2,-0.02,-0.023,1.98
2025-04-14,135.997,136.084,136.088,135.852,165458,2249857083.0,0.17,0.0,0.0,11.82
2025-04-15,136.104,136.177,136.193,136.084,73978,1007325251.0,0.08,0.07,0.093,5.29
2025-04-16,136.217,136.359,136.4,136.217,162333,2213387504.0,0.13,0.13,0.182,11.6
2025-04-17,136.36,136.325,136.397,136.281,182426,2487547653.0,0.09,-0.02,-0.034,13.04
2025-04-18,136.314,136.248,136.379,136.18,162689,2216239319.0,0.15,-0.06,-0.077,11.63
2025-04-21,136.246,136.107,136.248,136.098,25386,345616902.0,0.11,-0.1,-0.141,1.81
2025-04-22,136.138,136.239,136.24,136.138,40676,554005830.0,0.07,0.1,0.132,2.91
2025-04-23,136.129,136.1,136.138,135.985,30394,413623606.0,0.11,-0.1,-0.139,2.17
2025-04-24,136.171,136.018,136.185,136.003,93908,1277965314.0,0.13,-0.06,-0.082,6.71
2025-04-25,136.1,136.096,136.157,136.028,125705,1711182423.0,0.09,0.06,0.078,8.98
2025-04-28,136.142,136.186,136.218,136.117,40502,551579352.0,0.07,0.07,0.09,2.89
2025-04-29,136.29,136.502,136.524,136.264,29479,402066200.0,0.19,0.23,0.316,2.11
2025-04-30,136.44,136.546,136.576,136.397,25847,352698477.0,0.13,0.03,0.044,1.85
2025-05-06,136.52,136.5,136.55,136.421,16319,222750577.0,0.09,-0.03,-0.046,1.17
2025-05-07,136.562,136.386,136.562,136.291,141903,1935610429.0,0.2,-0.08,-0.114,10.14
2025-05-08,136.434,136.494,136.628,136.434,92664,1265022155.0,0.14,0.08,0.108,6.62
2025-05-09,136.55,136.592,136.62,136.53,169586,2315917793.0,0.07,0.07,0.098,12.12
2025-05-12,136.479,136.454,136.563,136.342,20109,274430700.0,0.16,-0.1,-0.138,1.44
2025-05-13,136.192,136.284,136.299,136.0,26176,356457983.0,0.22,-0.12,-0.17,1.87
2025-05-14,136.31,136.175,136.315,136.15,147480,2008905624.0,0.12,-0.08,-0.109,10.54
2025-05-15,136.183,136.149,136.228,136.123,24552,334295812.0,0.08,-0.02,-0.026,1.75
2025-05-16,136.045,136.048,136.132,136.001,19687,267824382.0,0.1,-0.07,-0.101,1.41
2025-05-19,136.068,136.124,136.138,136.048,113339,1542551035.0,0.07,0.06,0.076,8.1
2025-05-20,136.24,136.205,136.253,136.151,72267,984321775.0,0.07,0.06,0.081,5.16
2025-05-21,136.208,136.249,136.254,136.183,25837,351920800.0,0.05,0.03,0.044,1.85
2025-05-22,136.215,136.21,136.255,136.185,21383,291260281.0,0.05,-0.03,-0.039,1.53
2025-05-23,136.16,136.203,136.21,136.074,23457,319310957.0,0.1,-0.01,-0.007,1.68
2025-05-26,136.282,136.228,136.282,136.184,42036,572655393.0,0.07,0.02,0.025,3.0
2025-05-27,136.217,136.186,136.24,136.169,28655,390307641.0,0.05,-0.03,-0.042,2.05
2025-05-28,136.162,136.145,136.196,136.121,9807,133529999.0,0.06,-0.03,-0.041,0.7
2025-05-29,136.071,136.008,136.162,135.972,39526,537597591.0,0.14,-0.1,-0.137,2.82
2025-05-30,136.14,136.124,136.159,136.065,156779,2134212545.0,0.07,0.09,0.116,11.2
2025-06-03,136.189,136.146,136.189,136.085,104790,1426648776.0,0.08,0.02,0.022,7.49
2025-06-04,136.214,136.197,136.214,136.144,19519,265787352.0,0.05,0.04,0.051,1.39
2025-06-05,136.198,136.23,136.266,136.143,107259,1461192067.0,0.09,0.02,0.033,7.66
2025-06-06,136.3,136.339,136.341,136.259,153549,2093369535.0,0.06,0.08,0.109,10.97
2025-06-09,136.455,136.497,136.54,136.347,292156,3988166491.0,0.14,0.12,0.158,20.88
2025-06-10,136.504,136.551,136.569,136.504,562360,7678383109.0,0.05,0.04,0.054,40.19
2025-06-11,136.601,136.662,136.68,136.567,365515,4992642206.0,0.08,0.08,0.111,26.12
2025-06-12,136.678,136.653,136.682,136.599,457896,6257669039.0,0.06,-0.01,-0.009,32.72
2025-06-13,136.653,136.647,136.7,136.59,338833,4630307352.0,0.08,0.0,-0.006,24.21
2025-06-16,136.655,136.68,136.695,136.618,342682,4683834420.0,0.06,0.02,0.033,24.49
2025-06-17,136.688,136.811,136.82,136.638,559023,7644214091.0,0.13,0.1,0.131,39.95
2025-06-18,136.8,136.803,136.82,136.745,605922,8287281990.0,0.05,-0.01,-0.008,43.3
2025-06-19,136.876,136.829,136.876,136.79,688683,9424161387.0,0.06,0.02,0.026,49.21
2025-06-20,136.76,136.863,136.866,136.76,819505,11213763747.0,0.08,0.02,0.034,58.56
2025-06-23,136.863,136.832,136.903,136.83,406761,5566067428.0,0.05,-0.02,-0.031,29.07
2025-06-24,136.828,136.773,136.828,136.769,688229,9415079952.0,0.04,-0.04,-0.059,49.18
2025-06-25,136.7,136.65,136.817,136.642,562944,7698320489.0,0.13,-0.09,-0.123,40.23
2025-06-26,136.641,136.651,136.7,136.6,179274,2449345406.0,0.07,0.0,0.001,12.81
2025-06-27,136.674,136.784,136.79,136.663,600212,8206719146.0,0.09,0.1,0.133,42.89
2025-06-30,136.75,136.636,136.75,136.635,303264,4144431042.0,0.08,-0.11,-0.148,21.67
2025-07-01,136.669,136.728,136.728,136.659,380392,5200408164.0,0.05,0.07,0.092,27.18
2025-07-02,136.797,136.88,136.88,136.788,642623,8792604970.0,0.07,0.11,0.152,45.92
2025-07-03,136.88,136.904,136.919,136.834,608899,8335728858.0,0.06,0.02,0.024,43.51
2025-07-04,136.915,136.923,136.948,136.891,529157,7245169324.0,0.04,0.01,0.019,37.81
2025-07-07,136.903,136.938,136.944,136.903,561853,7693280605.0,0.03,0.01,0.015,40.15
2025-07-08,136.937,136.867,136.937,136.832,379431,5192958288.0,0.08,-0.05,-0.071,27.11
2025-07-09,136.84,136.832,136.949,136.8,304051,4160389330.0,0.11,-0.03,-0.035,21.73
2025-07-10,136.857,136.66,136.857,136.61,538806,7367027916.0,0.18,-0.13,-0.172,38.5
2025-07-11,136.655,136.608,136.682,136.491,233512,3188816761.0,0.14,-0.04,-0.052,16.69
2025-07-14,136.578,136.505,136.578,136.408,233196,3183506476.0,0.12,-0.08,-0.103,16.66
2025-07-15,136.598,136.737,136.75,136.555,398381,5445985287.0,0.14,0.17,0.232,28.47
2025-07-16,136.767,136.748,136.798,136.7,621008,8491131547.0,0.07,0.01,0.011,44.38
2025-07-17,136.748,136.747,136.778,136.68,455440,6228070406.0,0.07,0.0,-0.001,32.55
2025-07-18,136.73,136.666,136.73,136.625,749791,10247541971.0,0.08,-0.06,-0.081,53.58
2025-07-21,136.65,136.54,136.65,136.456,454465,6203933131.0,0.14,-0.09,-0.126,32.48
2025-07-22,136.566,136.409,136.613,136.405,596709,8148516171.0,0.15,-0.1,-0.131,42.64
2025-07-23,136.302,136.344,136.408,136.101,311357,4240170601.0,0.23,-0.05,-0.065,22.25
2025-07-24,136.281,135.999,136.281,135.996,556043,7570055352.0,0.21,-0.25,-0.345,39.74
2025-07-25,135.971,135.824,136.071,135.821,237392,3227462561.0,0.18,-0.13,-0.175,16.96
2025-07-28,136.119,136.173,136.197,135.941,376467,5123464676.0,0.19,0.26,0.349,26.9
2025-07-29,136.06,135.857,136.168,135.85,549107,7465852788.0,0.23,-0.23,-0.316,39.24
2025-07-30,135.948,136.083,136.094,135.77,214600,2917129619.0,0.24,0.17,0.226,15.34
2025-07-31,136.193,136.346,136.358,136.14,399151,5440352158.0,0.16,0.19,0.263,28.52
2025-08-01,136.253,136.342,136.42,136.15,520269,7090098179.0,0.2,0.0,-0.004,37.18
2025-08-04,136.43,136.345,136.53,136.33,485940,6627750581.0,0.15,0.0,0.003,34.73
2025-08-05,136.341,136.361,136.396,136.238,354105,4827235226.0,0.12,0.01,0.016,25.3
2025-08-06,136.365,136.439,136.46,136.34,489485,6676314848.0,0.09,0.06,0.078,34.98
2025-08-07,136.503,136.478,136.56,136.41,437989,5979085040.0,0.11,0.03,0.039,31.3
2025-08-08,136.57,136.531,136.57,136.457,658046,8984515136.0,0.08,0.04,0.053,47.02
2025-08-11,136.551,136.262,136.553,136.25,511344,6972129931.0,0.22,-0.2,-0.269,36.54
2025-08-12,136.205,136.154,136.329,136.072,190842,2597971743.0,0.19,-0.08,-0.108,13.64
2025-08-13,136.11,136.22,136.234,136.027,552991,7528230648.0,0.15,0.05,0.066,39.52
2025-08-14,136.25,136.072,136.25,135.993,192586,2620193819.0,0.19,-0.11,-0.148,13.76
2025-08-15,136.19,136.046,136.19,136.027,515098,7012348343.0,0.12,-0.02,-0.026,36.81
2025-08-18,135.922,135.563,135.99,135.511,211584,2869318981.0,0.35,-0.36,-0.483,15.12
2025-08-19,135.582,135.621,135.665,135.5,343474,4656649063.0,0.12,0.04,0.058,24.54
2025-08-20,135.748,135.489,135.804,135.443,783200,10628739935.0,0.27,-0.1,-0.132,55.97
2025-08-21,135.534,135.52,135.55,135.342,294586,3989883100.0,0.15,0.02,0.031,21.05
2025-08-22,135.573,135.469,135.71,135.43,90271,1223758011.0,0.21,-0.04,-0.051,6.45
2025-08-25,135.515,135.684,135.74,135.43,198559,2693713898.0,0.23,0.16,0.215,14.19
2025-08-26,135.816,135.775,135.836,135.68,169666,2303113224.0,0.11,0.07,0.091,12.12
2025-08-27,135.775,135.865,135.87,135.701,179199,2433071021.0,0.12,0.07,0.09,12.81
2025-08-28,135.865,135.568,135.865,135.56,247614,3358535742.0,0.22,-0.22,-0.297,17.69
2025-08-29,135.608,135.612,135.686,135.554,590411,8005510464.0,0.1,0.03,0.044,42.19
2025-09-01,135.61,135.719,135.732,135.562,383547,5203930870.0,0.13,0.08,0.107,27.41
2025-09-02,135.733,135.726,135.776,135.655,209460,2843067253.0,0.09,0.01,0.007,14.97
2025-09-03,135.79,135.84,135.88,135.73,409815,5567024989.0,0.11,0.08,0.114,29.29
2025-09-04,135.91,136.12,136.177,135.902,286688,3900977797.0,0.2,0.21,0.28,20.49
2025-09-05,136.07,135.731,136.07,135.69,240853,3271388743.0,0.28,-0.29,-0.389,17.21
2025-09-08,135.7,135.597,135.712,135.563,202174,2742998530.0,0.11,-0.1,-0.134,14.45
2025-09-09,135.63,135.531,135.651,135.511,242319,3284503191.0,0.1,-0.05,-0.066,17.32
2025-09-10,135.519,135.229,135.545,135.185,320109,4334528321.0,0.27,-0.22,-0.302,22.88
2025-09-11,135.32,135.301,135.394,135.12,172163,2329484781.0,0.2,0.05,0.072,12.3
2025-09-12,135.233,135.525,135.555,135.233,232527,3148795004.0,0.24,0.17,0.224,16.62
2025-09-15,135.601,135.623,135.65,135.533,347952,4719261786.0,0.09,0.07,0.098,24.86
2025-09-16,135.61,135.687,135.726,135.35,308135,4175180005.0,0.28,0.05,0.064,22.02
2025-09-17,135.775,135.866,135.888,135.666,362383,4922378013.0,0.16,0.13,0.179,25.9
2025-09-18,135.839,135.838,135.866,135.735,310865,4221113550.0,0.1,-0.02,-0.028,22.21
2025-09-19,135.862,135.651,135.926,135.547,215367,2924575790.0,0.28,-0.14,-0.187,15.39
2025-09-22,135.624,135.66,135.858,135.611,86876,1178837127.0,0.18,0.01,0.009,6.21
2025-09-23,135.65,135.485,135.667,135.391,311727,4181610550.0,0.2,-0.13,-0.175,22.28
2025-09-24,135.615,135.268,135.615,135.24,337717,4526867486.0,0.28,-0.16,-0.217,24.13
2025-09-25,135.269,135.226,135.269,135.0,133457,1784633636.0,0.2,-0.03,-0.042,9.54
2025-09-26,135.35,135.419,135.458,135.289,59440,796501992.0,0.12,0.14,0.193,4.25
2025-09-29,135.449,135.354,135.496,135.256,243711,3267487872.0,0.18,-0.05,-0.065,17.42
2025-09-30,135.528,135.614,135.645,135.384,147995,1986404435.0,0.19,0.19,0.26,10.58
2025-10-09,135.69,135.744,135.797,135.562,326256,4384454520.0,0.17,0.1,0.13,23.31
2025-10-10,135.808,135.675,135.859,135.66,253625,3409802617.0,0.15,-0.05,-0.069,18.12
2025-10-13,135.876,135.807,135.94,135.691,291334,3918862053.0,0.18,0.1,0.132,20.82
2025-10-14,135.75,136.039,136.042,135.667,390591,5250473057.0,0.28,0.17,0.232,27.91
2025-10-15,136.05,135.969,136.05,135.917,331538,4462990272.0,0.1,-0.05,-0.07,23.69
2025-10-16,136.04,136.074,136.086,135.97,248718,3348935515.0,0.09,0.08,0.105,17.77
2025-10-17,136.129,136.286,136.287,136.114,256402,3457122840.0,0.13,0.16,0.212,18.32
2025-10-20,136.268,136.039,136.268,135.994,408612,5504405171.0,0.2,-0.18,-0.247,29.2
2025-10-21,135.96,136.031,136.057,135.949,401996,5411623393.0,0.08,-0.01,-0.008,28.73
2025-10-22,136.097,136.046,136.097,135.975,404081,5441634111.0,0.09,0.01,0.015,28.88
2025-10-23,136.121,135.946,136.121,135.938,337832,4549899505.0,0.13,-0.07,-0.1,24.14
2025-10-24,135.936,135.882,135.961,135.874,485577,6533784316.0,0.06,-0.05,-0.064,34.7
2025-10-27,135.84,136.032,136.049,135.78,672103,9047306248.0,0.2,0.11,0.15,48.03
2025-10-28,136.26,136.419,136.439,136.215,493251,6658589309.0,0.16,0.28,0.387,35.25
2025-10-29,136.418,136.419,136.477,136.316,694760,9383171217.0,0.12,0.0,0.0,49.65
2025-10-30,136.419,136.565,136.587,136.362,504358,6811419172.0,0.16,0.11,0.146,36.04
2025-10-31,136.609,136.647,136.688,136.569,347486,4701010002.0,0.09,0.06,0.082,24.83
2025-11-03,136.647,136.666,136.679,136.613,600315,8121578714.0,0.05,0.01,0.019,42.9
2025-11-04,136.72,136.714,136.72,136.641,542653,7342741867.0,0.06,0.04,0.048,38.78
2025-11-05,136.813,136.712,136.863,136.689,302820,4099730236.0,0.13,0.0,-0.002,21.64
2025-11-06,136.703,136.572,136.719,136.532,561481,7596957795.0,0.14,-0.1,-0.14,40.12
2025-11-07,136.613,136.546,136.63,136.533,437542,5915715272.0,0.07,-0.02,-0.026,31.27
2025-11-10,136.51,136.493,136.559,136.459,603336,8156097032.0,0.07,-0.04,-0.053,43.11
2025-11-11,136.52,136.418,136.543,136.415,451815,6106191225.0,0.09,-0.05,-0.075,32.29
2025-11-12,136.46,136.521,136.529,136.423,601692,8128863068.0,0.08,0.08,0.103,43.0
2025-11-13,136.521,136.427,136.524,136.394,395819,5347434725.0,0.1,-0.07,-0.094,28.29
2025-11-14,136.45,136.501,136.505,136.44,295203,3988601848.0,0.05,0.05,0.074,21.1
2025-11-17,136.543,136.613,136.627,136.502,82844,1120235814.0,0.09,0.08,0.112,5.92
2025-11-18,136.676,136.643,136.679,136.582,441348,5969453059.0,0.07,0.02,0.03,31.54
2025-11-19,136.525,136.588,136.624,136.525,327844,4432473947.0,0.07,-0.04,-0.055,23.43
2025-11-20,136.546,136.624,136.646,136.546,390089,5274866389.0,0.07,0.03,0.036,27.88
2025-11-21,136.628,136.597,136.67,136.541,245943,3326127846.0,0.09,-0.02,-0.027,17.58
2025-11-24,136.587,136.611,136.634,136.527,157044,2123763977.0,0.08,0.01,0.014,11.22
2025-11-25,136.595,136.491,136.598,136.48,468376,6330693729.0,0.09,-0.09,-0.12,33.47
2025-11-26,136.495,136.185,136.497,136.182,173995,2348628830.0,0.23,-0.22,-0.306,12.43
2025-11-27,136.31,136.2,136.31,136.179,163665,2207156186.0,0.1,0.01,0.015,11.7
2025-11-28,136.231,136.221,136.257,136.147,319677,4309673268.0,0.08,0.02,0.021,22.84
2025-12-01,136.26,136.341,136.356,136.165,190596,2571819245.0,0.14,0.09,0.12,13.62
2025-12-02,136.359,136.264,136.359,136.245,434557,5862817218.0,0.08,-0.06,-0.077,31.05
2025-12-03,136.28,136.329,136.358,136.264,371634,5015035354.0,0.07,0.05,0.065,26.56
2025-12-04,136.16,135.908,136.21,135.901,68794,926092602.0,0.23,-0.31,-0.421,4.92
2025-12-05,135.965,136.143,136.195,135.954,493386,6646839816.0,0.18,0.17,0.235,35.26
2025-12-08,136.16,136.137,136.22,136.044,494488,6662163250.0,0.13,0.0,-0.006,35.34
2025-12-09,136.28,136.339,136.348,136.201,326353,4403813436.0,0.11,0.15,0.202,23.32
2025-12-10,136.256,136.332,136.419,136.256,343113,4631803551.0,0.12,-0.01,-0.007,24.52
2025-12-11,136.396,136.465,136.476,136.361,299099,4040393122.0,0.08,0.1,0.133,21.37
2025-12-12,136.558,136.372,136.558,136.304,197207,2663292877.0,0.19,-0.07,-0.093,14.09
2025-12-15,136.238,136.099,136.334,136.044,102888,1387816396.0,0.21,-0.2,-0.273,7.35
2025-12-16,136.094,136.119,136.191,136.073,363226,4895786197.0,0.09,0.01,0.02,25.96
2025-12-17,136.319,136.271,136.319,136.167,349912,4718372835.0,0.11,0.11,0.152,25.01
2025-12-18,136.21,136.301,136.371,136.009,467631,6309083579.0,0.27,0.02,0.03,33.42
2025-12-19,136.338,136.385,136.386,136.299,350459,4730322597.0,0.06,0.06,0.084,25.04
2025-12-22,136.431,136.253,136.433,136.196,185824,2508414022.0,0.17,-0.1,-0.132,13.28
2025-12-23,136.276,136.574,136.603,136.2,386210,5218771631.0,0.3,0.24,0.321,27.6
2025-12-24,136.462,136.494,136.56,136.462,472718,6390008117.0,0.07,-0.06,-0.08,33.78
2025-12-25,136.559,136.536,136.56,136.501,491143,6639061186.0,0.04,0.03,0.042,35.1
2025-12-26,136.543,136.468,136.581,136.436,457391,6144618015.0,0.11,-0.05,-0.068,32.69
2025-12-29,136.465,136.061,136.465,135.994,62189,832635631.0,0.35,-0.3,-0.407,4.44
2025-12-30,136.115,136.006,136.14,135.943,402847,5390803505.0,0.14,-0.04,-0.055,28.79
2025-12-31,136.044,136.021,136.086,135.856,536951,7178656156.0,0.17,0.01,0.015,38.37
2026-01-05,136.099,135.936,136.102,135.917,524170,7012392731.0,0.14,-0.06,-0.085,37.46
2026-01-06,135.893,135.754,135.893,135.704,190074,2538810179.0,0.14,-0.13,-0.182,13.58
2026-01-07,135.731,135.721,135.831,135.621,386045,5156562980.0,0.15,-0.02,-0.033,27.59
2026-01-08,135.726,135.927,135.937,135.719,208953,2791269256.0,0.16,0.15,0.206,14.93
2026-01-09,135.991,136.053,136.103,135.881,57046,763307011.0,0.16,0.09,0.126,4.08
2026-01-12,136.053,136.066,136.164,135.966,34103,456585880.0,0.15,0.01,0.013,2.44
2026-01-13,136.013,136.179,136.203,136.013,31188,417754673.0,0.14,0.08,0.113,2.23
2026-01-14,136.25,136.237,136.253,136.086,325177,4354715973.0,0.12,0.04,0.058,23.24
2026-01-15,136.3,136.34,136.486,136.243,156128,2095289821.0,0.18,0.08,0.103,11.16
2026-01-16,136.359,136.425,136.459,136.274,48058,644972029.0,0.14,0.06,0.085,3.43
2026-01-19,136.518,136.459,136.521,136.396,331370,4448192356.0,0.09,0.02,0.034,23.68
2026-01-20,136.493,136.72,136.742,136.46,355575,4781033899.0,0.21,0.19,0.261,25.41
2026-01-21,136.625,136.843,136.867,136.625,242783,3265756325.0,0.18,0.09,0.123,17.35
2026-01-22,136.823,136.769,136.823,136.727,279631,3764195193.0,0.07,-0.05,-0.074,19.98
2026-01-23,136.724,136.77,136.85,136.715,535324,7204194226.0,0.1,0.0,0.001,38.25
2026-01-26,136.798,136.827,136.887,136.675,77686,1045605288.0,0.16,0.04,0.057,5.55
2026-01-27,136.815,136.778,136.873,136.71,526870,7094143267.0,0.12,-0.04,-0.049,37.65
2026-01-28,136.788,136.863,136.871,136.74,458023,6163182678.0,0.1,0.06,0.085,32.73
2026-01-29,136.963,136.923,137.069,136.903,432636,5832233117.0,0.12,0.04,0.06,30.92
2026-01-30,136.919,136.986,137.087,136.919,494424,6664607716.0,0.12,0.05,0.063,35.33
2026-02-02,136.989,136.993,137.089,136.945,416748,5618004241.0,0.11,0.01,0.007,29.78
2026-02-03,136.992,136.973,136.993,136.898,445546,6005204707.0,0.07,-0.01,-0.02,31.84
2026-02-04,136.986,136.925,137.003,136.489,564512,7607071757.0,0.38,-0.04,-0.048,40.34
2026-02-05,136.989,137.109,137.111,136.908,292821,3947804775.0,0.15,0.13,0.184,20.93
2026-02-06,137.205,137.22,137.237,137.136,401436,5419475784.0,0.07,0.08,0.111,28.69
2026-02-09,137.136,137.278,137.278,137.135,470738,6356359921.0,0.1,0.04,0.058,33.64
2026-02-10,137.274,137.309,137.326,137.246,554809,7495304036.0,0.06,0.02,0.031,39.65
2026-02-11,137.333,137.397,137.418,137.332,142699,1929179936.0,0.06,0.06,0.088,10.2
2026-02-12,137.451,137.501,137.519,137.393,20748,280667872.0,0.09,0.08,0.104,1.48
2026-02-13,137.579,137.451,137.592,137.333,61125,826827311.0,0.19,-0.04,-0.05,4.37
2026-02-24,137.444,137.44,137.491,137.415,255689,3458118201.0,0.06,-0.01,-0.011,18.27
2026-02-25,137.45,137.224,137.482,137.206,274135,3705901702.0,0.2,-0.16,-0.216,19.59
2026-02-26,137.223,137.044,137.223,137.006,79145,1067512731.0,0.16,-0.13,-0.18,5.66
2026-02-27,137.123,137.194,137.204,137.023,504737,6809851960.0,0.13,0.11,0.15,36.07
2026-03-02,137.208,137.362,137.372,137.208,176491,2385261494.0,0.12,0.12,0.168,12.61
2026-03-03,137.364,137.426,137.443,137.338,549088,7422419045.0,0.08,0.05,0.064,39.24
2026-03-04,137.428,137.437,137.45,137.363,187873,2539933929.0,0.06,0.01,0.011,13.43
2026-03-05,137.493,137.436,137.559,137.405,578321,7822117684.0,0.11,0.0,-0.001,41.33
2026-03-06,137.464,137.48,137.497,137.433,541188,7319936355.0,0.05,0.03,0.044,38.67
2026-03-09,137.453,137.156,137.453,137.091,389008,5248524149.0,0.26,-0.24,-0.324,27.8
2026-03-10,137.226,137.189,137.253,137.08,653547,8821523975.0,0.13,0.02,0.033,46.7
2026-03-11,137.178,137.183,137.187,137.108,649015,8758417567.0,0.06,0.0,-0.006,46.38
2026-03-12,137.183,137.242,137.254,137.139,647699,8741580502.0,0.08,0.04,0.059,46.29
2026-03-13,137.241,137.226,137.272,137.181,651179,8793621040.0,0.07,-0.01,-0.016,46.53
2026-03-16,137.143,136.975,137.157,136.947,225550,3040100299.0,0.15,-0.18,-0.251,16.12
2026-03-17,137.037,137.041,137.05,136.995,738423,9954873585.0,0.04,0.05,0.066,52.77
2026-03-18,137.08,137.229,137.235,137.024,47916,646757776.0,0.15,0.14,0.188,3.42
2026-03-19,137.162,137.279,137.311,137.124,385365,5206338182.0,0.14,0.04,0.05,27.54
2026-03-20,137.267,137.133,137.276,137.112,225350,3042199286.0,0.12,-0.11,-0.146,16.1
2026-03-23,137.133,136.997,137.155,136.98,55259,745283931.0,0.13,-0.1,-0.136,3.95
2026-03-24,137.092,137.104,137.12,136.989,582925,7858805578.0,0.1,0.08,0.107,41.66
2026-03-25,137.104,137.184,137.268,137.104,506535,6802992464.0,0.12,0.06,0.08,36.2
2026-03-26,137.187,137.279,137.293,137.187,333294,4479633735.0,0.08,0.07,0.095,23.82
2026-03-27,137.26,137.27,137.326,137.241,370282,4977999858.0,0.06,-0.01,-0.009,26.46
2026-03-30,137.36,137.429,137.431,137.284,122561,1648676470.0,0.11,0.12,0.159,8.76
2026-03-31,137.431,137.458,137.489,137.411,538081,7241730737.0,0.06,0.02,0.029,38.45
2026-04-01,137.454,137.303,137.454,137.28,364908,4909532528.0,0.13,-0.11,-0.155,26.08
2026-04-02,137.309,137.368,137.39,137.255,713797,9595862636.0,0.1,0.05,0.065,51.01
2026-04-03,137.363,137.374,137.434,137.35,197616,2658894655.0,0.06,0.0,0.006,14.12
2026-04-07,137.374,137.427,137.481,137.371,616109,8289769651.0,0.08,0.04,0.053,44.03
2026-04-08,137.355,137.415,137.432,137.314,204276,2748210655.0,0.09,-0.01,-0.012,14.6
2026-04-09,137.429,137.489,137.53,137.415,383277,5158314026.0,0.08,0.05,0.074,27.39
2026-04-10,137.492,137.505,137.533,137.436,418751,5637549107.0,0.07,0.01,0.016,29.92
2026-04-13,137.516,137.597,137.603,137.495,255090,3436390927.0,0.08,0.07,0.092,18.23
2026-04-14,137.597,137.81,137.883,137.597,454630,6134641824.0,0.21,0.15,0.213,32.49
2026-04-15,137.764,137.829,137.862,137.702,289180,3902804821.0,0.12,0.01,0.019,20.67
2026-04-16,137.329,137.846,137.941,137.329,452432,6110842500.0,0.44,0.01,0.017,32.33
2026-04-17,137.843,138.042,138.047,137.829,566136,7648627515.0,0.16,0.14,0.196,40.46
2026-04-20,138.076,138.053,138.176,138.046,210288,2843325469.0,0.09,0.01,0.011,15.03
2026-04-21,138.064,138.114,138.174,138.064,406313,5496568596.0,0.08,0.04,0.061,29.04
2026-04-22,138.232,138.285,138.335,138.191,542130,7340268129.0,0.1,0.12,0.171,38.74
2026-04-23,138.259,138.192,138.271,138.147,477190,6457079429.0,0.09,-0.07,-0.093,34.1
2026-04-24,138.146,138.085,138.253,138.066,299177,4046951533.0,0.14,-0.08,-0.107,21.38
2026-04-27,137.963,137.796,138.058,137.768,101116,1366554205.0,0.21,-0.21,-0.289,7.23
