日期,开盘,收盘,最高,最低,成交量,成交额,振幅,涨跌幅,涨跌额,换手率
2016-04-25,111.691,111.693,111.694,111.679,599061,6046163968.0,0.01,0.01,0.006,7.21
2016-04-26,111.695,111.694,111.697,111.69,764994,7721192704.0,0.01,0.0,0.001,9.2
2016-04-27,111.695,111.713,111.719,111.695,1048484,10583594496.0,0.02,0.02,0.019,12.61
2016-04-28,111.711,111.735,111.738,111.711,499922,5047370752.0,0.02,0.02,0.022,6.01
2016-04-29,111.739,111.751,111.754,111.739,632902,6391365888.0,0.01,0.01,0.016,7.61
2016-05-03,111.753,111.742,111.753,111.738,741870,7491464960.0,0.01,-0.01,-0.009,8.92
2016-05-04,111.747,111.747,111.752,111.742,539962,5452780032.0,0.01,0.0,0.005,6.5
2016-05-05,111.756,111.758,111.762,111.754,472958,4776653568.0,0.01,0.01,0.011,5.69
2016-05-06,111.767,111.778,111.781,111.765,593603,5996144640.0,0.01,0.02,0.02,7.14
2016-05-09,111.782,111.791,111.792,111.782,729505,7369770240.0,0.01,0.01,0.013,8.78
2016-05-10,111.794,111.814,111.821,111.794,533822,5393627136.0,0.02,0.02,0.023,6.42
2016-05-11,111.812,111.805,111.815,111.801,855611,8645465856.0,0.01,-0.01,-0.009,10.29
2016-05-12,111.81,111.807,111.814,111.803,750911,7587725568.0,0.01,0.0,0.002,9.03
2016-05-13,111.821,111.823,111.825,111.817,586461,5926600704.0,0.01,0.01,0.016,7.05
2016-05-16,111.829,111.832,111.833,111.828,659571,6666116864.0,0.0,0.01,0.009,7.93
2016-05-17,111.839,111.839,111.841,111.838,497343,5026992128.0,0.0,0.01,0.007,5.98
2016-05-18,111.848,111.845,111.849,111.844,663450,6706455296.0,0.0,0.01,0.006,7.98
2016-05-19,111.852,111.852,111.854,111.851,595455,6019422208.0,0.0,0.01,0.007,7.16
2016-05-20,111.864,111.851,111.866,111.848,653249,6604104448.0,0.02,0.0,-0.001,7.86
2016-05-23,111.866,111.874,111.875,111.863,598525,6051392000.0,0.01,0.02,0.023,7.2
2016-05-24,111.882,111.886,111.887,111.88,494836,5003734272.0,0.01,0.01,0.012,5.95
2016-05-25,111.888,111.891,111.893,111.884,566645,5730245120.0,0.01,0.0,0.005,6.82
2016-05-26,111.897,111.894,111.903,111.892,755494,7640680192.0,0.01,0.0,0.003,9.09
2016-05-27,111.907,111.904,111.909,111.903,639401,6467087872.0,0.01,0.01,0.01,7.69
2016-05-30,111.918,111.919,111.921,111.916,673868,6816527360.0,0.0,0.01,0.015,8.11
2016-05-31,111.926,111.919,111.927,111.907,1042304,10543129600.0,0.02,0.0,0.0,12.54
2016-06-01,111.919,111.921,111.927,111.912,707314,7154876160.0,0.01,0.0,0.002,8.51
2016-06-02,111.924,111.93,111.937,111.924,672729,6805785856.0,0.01,0.01,0.009,8.09
2016-06-03,111.939,111.945,111.947,111.938,895679,9062401024.0,0.01,0.01,0.015,10.77
2016-06-06,111.943,111.957,111.958,111.942,852575,8627223552.0,0.01,0.01,0.012,10.26
2016-06-07,111.968,111.97,111.971,111.961,820927,8307972352.0,0.01,0.01,0.013,9.88
2016-06-08,111.992,112.012,112.013,111.99,723233,7321916928.0,0.02,0.04,0.042,8.7
2016-06-13,112.017,112.012,112.019,112.01,687398,6960013568.0,0.01,0.0,0.0,8.27
2016-06-14,112.018,112.016,112.021,112.015,659372,6676440064.0,0.01,0.0,0.004,7.93
2016-06-15,112.022,112.017,112.024,112.015,678423,6869569024.0,0.01,0.0,0.001,8.16
2016-06-16,112.023,112.022,112.025,112.017,813878,8241144832.0,0.01,0.0,0.005,9.79
2016-06-17,112.042,112.047,112.049,112.039,730242,7395856896.0,0.01,0.02,0.025,8.78
2016-06-20,112.05,112.055,112.057,112.05,503875,5103799296.0,0.01,0.01,0.008,6.06
2016-06-21,112.058,112.059,112.061,112.05,562768,5700463616.0,0.01,0.0,0.004,6.77
2016-06-22,112.066,112.062,112.067,112.057,503647,5101899264.0,0.01,0.0,0.003,6.06
2016-06-23,112.067,112.068,112.071,112.06,705370,7145445632.0,0.01,0.01,0.006,8.49
2016-06-24,112.08,112.083,112.088,112.076,720302,7298050816.0,0.01,0.01,0.015,8.66
2016-06-27,112.089,112.062,112.09,112.057,811806,8224647168.0,0.03,-0.02,-0.021,9.77
2016-06-28,112.075,112.079,112.091,112.066,867221,8785785856.0,0.02,0.02,0.017,10.43
2016-06-29,112.089,112.078,112.09,112.035,885545,8972129536.0,0.05,0.0,-0.001,10.65
2016-06-30,112.083,112.123,112.127,112.082,668553,6774548736.0,0.04,0.04,0.045,8.04
2016-07-01,112.14,112.155,112.159,112.138,659691,6688245248.0,0.02,0.03,0.032,7.94
2016-07-04,112.155,112.157,112.161,112.151,652050,6611341824.0,0.01,0.0,0.002,7.84
2016-07-05,112.154,112.158,112.16,112.147,476418,4830459392.0,0.01,0.0,0.001,5.73
2016-07-06,112.16,112.174,112.177,112.16,506523,5136453632.0,0.02,0.01,0.016,6.09
2016-07-07,112.176,112.186,112.187,112.175,655218,6645046784.0,0.01,0.01,0.012,7.88
2016-07-08,112.193,112.209,112.211,112.193,544517,5523531520.0,0.02,0.02,0.023,6.55
2016-07-11,112.209,112.216,112.218,112.208,385881,3914747696.0,0.01,0.01,0.007,4.64
2016-07-12,112.219,112.221,112.224,112.217,537884,5457232640.0,0.01,0.0,0.005,6.47
2016-07-13,112.222,112.223,112.227,112.22,523962,5316111872.0,0.01,0.0,0.002,6.3
2016-07-14,112.228,112.239,112.24,112.226,404755,4106949968.0,0.01,0.01,0.016,4.87
2016-07-15,112.243,112.254,112.257,112.243,577488,5860891648.0,0.01,0.01,0.015,6.95
2016-07-18,112.258,112.269,112.73,112.257,473397,4805197056.0,0.42,0.01,0.015,5.69
2016-07-19,112.274,112.279,112.281,112.273,471333,4784667392.0,0.01,0.01,0.01,5.67
2016-07-20,112.283,112.284,112.286,112.279,375023,3807209440.0,0.01,0.0,0.005,4.51
2016-07-21,112.288,112.287,112.289,112.282,463511,4705669376.0,0.01,0.0,0.003,5.58
2016-07-22,112.303,112.303,112.305,112.295,494347,5019542272.0,0.01,0.01,0.016,5.95
2016-07-25,112.312,112.318,112.318,112.306,614441,6239483392.0,0.01,0.01,0.015,7.39
2016-07-26,112.322,112.311,112.322,112.31,585292,5943800064.0,0.01,-0.01,-0.007,7.04
2016-07-27,112.314,112.332,112.334,112.314,695499,7063461888.0,0.02,0.02,0.021,8.37
2016-07-28,112.332,112.346,112.347,112.33,587157,5963940864.0,0.02,0.01,0.014,7.06
2016-07-29,112.357,112.366,112.368,112.357,590062,5994910720.0,0.01,0.02,0.02,7.1
2016-08-01,112.366,112.372,112.375,112.364,534182,5427672064.0,0.01,0.01,0.006,6.43
2016-08-02,112.375,112.379,112.381,112.373,507228,5154217472.0,0.01,0.01,0.007,6.1
2016-08-03,112.381,112.385,112.389,112.38,386501,3927707680.0,0.01,0.01,0.006,4.65
2016-08-04,112.389,112.39,112.397,112.386,511009,5193417472.0,0.01,0.0,0.005,6.15
2016-08-05,112.403,112.414,112.415,112.402,740864,7530779136.0,0.01,0.02,0.024,8.91
2016-08-08,112.418,112.418,112.421,112.415,681575,6928541696.0,0.01,0.0,0.004,8.2
2016-08-09,112.423,112.424,112.426,112.422,546813,5558956800.0,0.0,0.01,0.006,6.58
2016-08-10,112.429,112.431,112.432,112.427,569044,5785204480.0,0.0,0.01,0.007,6.85
2016-08-11,112.438,112.44,112.441,112.426,583762,5935255296.0,0.01,0.01,0.009,7.02
2016-08-12,112.452,112.449,112.454,112.447,685713,6972918528.0,0.01,0.01,0.009,8.25
2016-08-15,112.455,112.45,112.456,112.423,800920,8144116992.0,0.03,0.0,0.001,9.63
2016-08-16,112.449,112.456,112.458,112.443,639885,6506841088.0,0.01,0.01,0.006,7.7
2016-08-17,112.46,112.469,112.47,112.46,506515,5151373312.0,0.01,0.01,0.013,6.09
2016-08-18,112.474,112.467,112.479,112.465,777904,7912182528.0,0.01,0.0,-0.002,9.36
2016-08-19,112.49,112.498,112.499,112.486,613235,6238316032.0,0.01,0.03,0.031,7.38
2016-08-22,112.5,112.508,112.51,112.496,517453,5264583424.0,0.01,0.01,0.01,6.22
2016-08-23,112.511,112.512,112.514,112.507,526353,5355537408.0,0.01,0.0,0.004,6.33
2016-08-24,112.515,112.512,112.518,112.509,624480,6354031104.0,0.01,0.0,0.0,7.51
2016-08-25,112.518,112.523,112.525,112.514,594187,6046142464.0,0.01,0.01,0.011,7.15
2016-08-26,112.538,112.547,112.548,112.538,531294,5407478272.0,0.01,0.02,0.024,6.39
2016-08-29,112.55,112.56,112.56,112.549,478780,4873584896.0,0.01,0.01,0.013,5.76
2016-08-30,112.566,112.569,112.57,112.561,498297,5072747776.0,0.01,0.01,0.009,5.99
2016-08-31,112.572,112.575,112.578,112.571,489564,4984336128.0,0.01,0.01,0.006,5.89
2016-09-01,112.577,112.585,112.587,112.576,531500,5411728640.0,0.01,0.01,0.01,6.39
2016-09-02,112.594,112.599,112.602,112.593,589816,6006355968.0,0.01,0.01,0.014,7.1
2016-09-05,112.602,112.605,112.606,112.601,495108,5042193408.0,0.0,0.01,0.006,5.96
2016-09-06,112.612,112.616,112.617,112.61,479285,4881476096.0,0.01,0.01,0.011,5.77
2016-09-07,112.618,112.625,112.626,112.615,468111,4768002560.0,0.01,0.01,0.009,5.63
2016-09-08,112.629,112.63,112.633,112.627,376006,3830223968.0,0.01,0.0,0.005,4.52
2016-09-09,112.638,112.642,112.646,112.638,513406,5230558464.0,0.01,0.01,0.012,6.18
2016-09-12,112.647,112.657,112.658,112.647,528494,5384713216.0,0.01,0.01,0.015,6.36
2016-09-13,112.659,112.682,112.685,112.653,569789,5806033408.0,0.03,0.02,0.025,6.85
2016-09-14,112.693,112.713,112.718,112.691,639630,6520751872.0,0.02,0.03,0.031,7.69
2016-09-19,112.713,112.706,112.714,112.703,550684,5613891584.0,0.01,-0.01,-0.007,6.62
2016-09-20,112.71,112.702,112.711,112.699,424498,4327487744.0,0.01,0.0,-0.004,5.11
2016-09-21,112.709,112.707,112.71,112.696,570110,5811675648.0,0.01,0.0,0.005,6.86
2016-09-22,112.708,112.697,112.71,112.666,581017,5923037952.0,0.04,-0.01,-0.01,6.99
2016-09-23,112.716,112.716,112.732,112.713,643607,6562330112.0,0.02,0.02,0.019,7.74
2016-09-26,112.732,112.725,112.736,112.718,701553,7153314304.0,0.02,0.01,0.009,8.44
2016-09-27,112.731,112.728,112.736,112.714,708342,7222487552.0,0.02,0.0,0.003,8.52
2016-09-28,112.734,112.749,112.751,112.718,618785,6309539584.0,0.03,0.02,0.021,7.44
2016-09-29,112.751,112.759,112.772,112.743,647440,6603542016.0,0.03,0.01,0.01,7.79
2016-09-30,112.828,112.826,112.839,112.813,786317,8025887232.0,0.02,0.06,0.067,9.46
2016-10-10,112.833,112.834,112.839,112.826,645324,6586881536.0,0.01,0.01,0.008,7.76
2016-10-11,112.838,112.837,112.839,112.833,572927,5848018944.0,0.01,0.0,0.003,6.89
2016-10-12,112.842,112.86,112.862,112.84,463144,4727955712.0,0.02,0.02,0.023,5.57
2016-10-13,112.859,112.87,112.871,112.858,549540,5610831360.0,0.01,0.01,0.01,6.61
2016-10-14,112.876,112.896,112.9,112.876,549952,5616188672.0,0.02,0.02,0.026,6.62
2016-10-17,112.893,112.894,112.898,112.888,595725,6084033792.0,0.01,0.0,-0.002,7.17
2016-10-18,112.898,112.883,112.898,112.881,652828,6667269120.0,0.02,-0.01,-0.011,7.85
2016-10-19,112.887,112.897,112.9,112.887,503519,5142411776.0,0.01,0.01,0.014,6.06
2016-10-20,112.903,112.891,112.906,112.889,527833,5391189248.0,0.02,-0.01,-0.006,6.35
2016-10-21,112.915,112.913,112.921,112.906,666939,6812795392.0,0.01,0.02,0.022,8.02
2016-10-24,112.923,112.912,112.925,112.907,821614,8393041920.0,0.02,0.0,-0.001,9.88
2016-10-25,112.916,112.918,112.921,112.911,709836,7251275776.0,0.01,0.01,0.006,8.54
2016-10-26,112.932,112.926,112.933,112.918,747633,7638104320.0,0.01,0.01,0.008,8.99
2016-10-27,112.927,112.927,112.929,112.906,563288,5754127104.0,0.02,0.0,0.001,6.78
2016-10-28,112.958,112.954,112.967,112.942,725778,7417019392.0,0.02,0.02,0.027,8.73
2016-10-31,112.965,112.974,112.975,112.964,485507,4962144768.0,0.01,0.02,0.02,5.84
2016-11-01,112.982,112.986,112.991,112.98,598075,6113546496.0,0.01,0.01,0.012,7.19
2016-11-02,112.992,113.012,113.016,112.991,809157,8272627968.0,0.02,0.02,0.026,9.73
2016-11-03,113.011,113.015,113.017,113.009,864939,8843952128.0,0.01,0.0,0.003,10.4
2016-11-04,113.022,113.036,113.038,113.021,670078,6852820224.0,0.02,0.02,0.021,8.06
2016-11-07,113.035,113.042,113.042,113.034,712430,7286499584.0,0.01,0.01,0.006,8.57
2016-11-08,113.046,113.048,113.049,113.041,786644,8046037504.0,0.01,0.01,0.006,9.46
2016-11-09,113.049,113.049,113.053,113.045,801391,8197139712.0,0.01,0.0,0.001,9.64
2016-11-10,113.047,113.052,113.054,113.045,1396479,14283898368.0,0.01,0.0,0.003,16.8
2016-11-11,113.064,113.052,113.07,113.05,903991,9247429632.0,0.02,0.0,0.0,10.87
2016-11-14,113.052,113.063,113.065,113.052,1078449,11032182528.0,0.01,0.01,0.011,12.97
2016-11-15,113.071,113.082,113.085,113.066,659282,6745219840.0,0.02,0.02,0.019,7.93
2016-11-16,113.086,113.086,113.09,113.083,770846,7887605248.0,0.01,0.0,0.004,9.27
2016-11-17,113.09,113.094,113.099,113.089,1153656,11805182720.0,0.01,0.01,0.008,13.88
2016-11-18,113.107,113.117,113.12,113.1,773401,7915572992.0,0.02,0.02,0.023,9.3
2016-11-21,113.122,113.122,113.128,113.12,821996,8414033664.0,0.01,0.0,0.005,9.89
2016-11-22,113.128,113.13,113.132,113.125,885259,9062050304.0,0.01,0.01,0.008,10.65
2016-11-23,113.133,113.137,113.141,113.131,2082252,21316368640.0,0.01,0.01,0.007,25.05
2016-11-24,113.141,113.141,113.145,113.138,1413923,14475546112.0,0.01,0.0,0.004,17.01
2016-11-25,113.151,113.157,113.161,113.151,1050995,10761507328.0,0.01,0.01,0.016,12.64
2016-11-28,113.162,113.169,113.171,113.16,1800472,18437018624.0,0.01,0.01,0.012,21.66
2016-11-29,113.173,113.168,113.176,113.16,1557512,15949767424.0,0.01,0.0,-0.001,18.74
2016-11-30,113.176,113.165,113.177,113.137,1618679,16573817600.0,0.04,0.0,-0.003,19.47
2016-12-01,113.166,113.174,113.178,113.157,1393550,14270703872.0,0.02,0.01,0.009,16.76
2016-12-02,113.19,113.214,113.215,113.189,1783623,18272132096.0,0.02,0.04,0.04,21.46
2016-12-05,113.215,113.234,113.237,113.214,1322732,13552856064.0,0.02,0.02,0.02,15.91
2016-12-06,113.235,113.236,113.24,113.227,972105,9961241088.0,0.01,0.0,0.002,11.69
2016-12-07,113.238,113.237,113.239,113.233,1102162,11294225664.0,0.01,0.0,0.001,13.26
2016-12-08,113.238,113.251,113.252,113.237,1106462,11338767616.0,0.01,0.01,0.014,13.31
2016-12-09,113.262,113.258,113.264,113.255,1438511,14744039680.0,0.01,0.01,0.007,17.3
2016-12-12,113.265,113.264,113.267,113.262,1134114,11624867328.0,0.0,0.01,0.006,13.64
2016-12-13,113.271,113.27,113.272,113.264,1027447,10531807744.0,0.01,0.01,0.006,12.36
2016-12-14,113.274,113.27,113.274,113.267,996029,10210073856.0,0.01,0.0,0.0,11.98
2016-12-15,113.261,113.175,113.262,112.851,1093927,11200660224.0,0.36,-0.08,-0.095,13.16
2016-12-16,113.189,113.217,113.258,113.183,1204927,12344326912.0,0.07,0.04,0.042,14.49
2016-12-19,113.232,113.248,113.267,113.211,1213101,12432493568.0,0.05,0.03,0.031,14.59
2016-12-20,113.272,113.288,113.29,113.251,1433596,14693819904.0,0.03,0.04,0.04,17.25
2016-12-21,113.29,113.301,113.318,113.29,1393189,14286010368.0,0.02,0.01,0.013,16.76
2016-12-22,113.319,113.325,113.332,113.309,1266294,12986625792.0,0.02,0.02,0.024,15.23
2016-12-23,113.337,113.346,113.352,113.335,1109290,11379061760.0,0.02,0.02,0.021,13.34
2016-12-26,113.346,113.339,113.35,113.333,1178890,12092883968.0,0.01,-0.01,-0.007,14.18
2016-12-27,113.342,113.317,113.342,113.296,1328821,13630010112.0,0.04,-0.02,-0.022,15.98
2016-12-28,113.324,113.339,113.345,113.291,1056496,10833409280.0,0.05,0.02,0.022,12.71
2016-12-29,113.323,113.408,113.411,113.307,1019120,10453954816.0,0.09,0.06,0.069,12.26
2016-12-30,113.408,113.531,113.743,113.398,854828,8561380096.0,0.3,0.11,0.123,10.28
2017-01-03,113.435,113.428,113.526,113.403,388966,3895505248.0,0.11,-0.09,-0.103,4.68
2017-01-04,113.432,113.43,113.437,113.42,290228,2905947168.0,0.01,0.0,0.002,3.49
2017-01-05,113.425,113.43,113.434,113.421,404177,4046800704.0,0.01,0.0,0.0,4.86
2017-01-06,113.441,113.458,113.466,113.435,492404,4931194880.0,0.03,0.02,0.028,5.92
2017-01-09,113.455,113.461,113.462,113.454,318640,3191310432.0,0.01,0.0,0.003,3.83
2017-01-10,113.461,113.48,113.486,113.46,314910,3154421664.0,0.02,0.02,0.019,3.79
2017-01-11,113.473,113.484,113.485,113.472,346463,3470800352.0,0.01,0.0,0.004,4.17
2017-01-12,113.482,113.48,113.485,113.477,423719,4244752560.0,0.01,0.0,-0.004,5.1
2017-01-13,113.487,113.495,113.501,113.486,368557,3692702704.0,0.01,0.01,0.015,4.43
2017-01-16,113.502,113.496,113.507,113.488,440362,4412276480.0,0.02,0.0,0.001,5.3
2017-01-17,113.498,113.487,113.501,113.483,488078,4890007040.0,0.02,-0.01,-0.009,5.87
2017-01-18,113.5,113.493,113.503,113.487,455985,4568588800.0,0.01,0.01,0.006,5.49
2017-01-19,113.492,113.475,113.493,113.467,422210,4229437744.0,0.02,-0.02,-0.018,5.08
2017-01-20,113.516,113.517,113.529,113.508,440062,4410082816.0,0.02,0.04,0.042,5.29
2017-01-23,113.535,113.554,113.556,113.534,403717,4046828096.0,0.02,0.03,0.037,4.86
2017-01-24,113.559,113.568,113.57,113.557,345954,3468538672.0,0.01,0.01,0.014,4.16
2017-01-25,113.587,113.611,113.629,113.587,428230,4295544320.0,0.04,0.04,0.043,5.15
2017-01-26,113.652,113.635,113.678,113.603,410554,4119706528.0,0.07,0.02,0.024,4.94
2017-02-03,113.653,113.658,113.666,113.652,280728,2817259872.0,0.01,0.02,0.023,3.38
2017-02-06,113.662,113.681,113.683,113.662,305486,3066142816.0,0.02,0.02,0.023,3.67
2017-02-07,113.681,113.715,113.719,113.678,375611,3770630144.0,0.04,0.03,0.034,4.52
2017-02-08,113.705,113.713,113.721,113.704,365154,3666591920.0,0.01,0.0,-0.002,4.39
2017-02-09,113.708,113.709,113.714,113.704,395602,3972079632.0,0.01,0.0,-0.004,4.76
2017-02-10,113.712,113.716,113.724,113.711,432788,4345846016.0,0.01,0.01,0.007,5.21
2017-02-13,113.72,113.722,113.725,113.711,488406,4904408064.0,0.01,0.01,0.006,5.88
2017-02-14,113.725,113.719,113.728,113.716,446058,4479152384.0,0.01,0.0,-0.003,5.37
2017-02-15,113.726,113.728,113.729,113.722,454048,4559653120.0,0.01,0.01,0.009,5.46
2017-02-16,113.733,113.742,113.746,113.732,484171,4862784000.0,0.01,0.01,0.014,5.82
2017-02-17,113.756,113.746,113.764,113.742,645429,6483629568.0,0.02,0.0,0.004,7.76
2017-02-20,113.766,113.759,113.767,113.755,816478,8202112768.0,0.01,0.01,0.013,9.82
2017-02-21,113.766,113.762,113.767,113.758,750317,7537548544.0,0.01,0.0,0.003,9.03
2017-02-22,113.774,113.784,113.785,113.773,590634,5934567168.0,0.01,0.02,0.022,7.1
2017-02-23,113.79,113.808,113.812,113.79,693893,6973376512.0,0.02,0.02,0.024,8.35
2017-02-24,113.821,113.818,113.824,113.812,768100,7720689152.0,0.01,0.01,0.01,9.24
2017-02-27,113.828,113.839,113.841,113.824,691402,6950424064.0,0.01,0.02,0.021,8.32
2017-02-28,113.842,113.843,113.848,113.839,785241,7894723328.0,0.01,0.0,0.004,9.45
2017-03-01,113.853,113.854,113.862,113.851,662581,6662319104.0,0.01,0.01,0.011,7.97
2017-03-02,113.861,113.873,113.876,113.861,554226,5573690368.0,0.01,0.02,0.019,6.67
2017-03-03,113.891,113.905,113.907,113.881,900261,9055506176.0,0.02,0.03,0.032,10.83
2017-03-06,113.903,113.911,113.914,113.9,662707,6667126272.0,0.01,0.01,0.006,7.97
2017-03-07,113.916,113.932,113.934,113.916,736392,7409640704.0,0.02,0.02,0.021,8.86
2017-03-08,113.932,113.943,113.945,113.932,754087,7588877824.0,0.01,0.01,0.011,9.07
2017-03-09,113.95,113.969,113.972,113.95,780597,7857010944.0,0.02,0.02,0.026,9.39
2017-03-10,113.973,114.001,114.003,113.973,987615,9944066560.0,0.03,0.03,0.032,11.88
2017-03-13,114.01,113.993,114.01,113.992,842989,8488754688.0,0.02,-0.01,-0.008,10.14
2017-03-14,113.998,113.983,113.999,113.978,721568,7265335808.0,0.02,-0.01,-0.01,8.68
2017-03-15,113.989,113.979,113.989,113.976,875900,8818417664.0,0.01,0.0,-0.004,10.54
2017-03-16,113.984,113.953,113.987,113.946,1050051,10570776832.0,0.04,-0.02,-0.026,12.63
2017-03-17,113.982,113.98,113.993,113.957,1071440,10786649600.0,0.03,0.02,0.027,12.89
2017-03-20,114.003,114.006,114.008,113.983,983651,9905103104.0,0.02,0.02,0.026,11.83
2017-03-21,114.01,114.014,114.015,114.004,884691,8909513472.0,0.01,0.01,0.008,10.64
2017-03-22,114.029,114.048,114.05,114.027,1084224,10921694720.0,0.02,0.03,0.034,13.04
2017-03-23,114.054,114.063,114.065,114.049,983881,9913138688.0,0.01,0.01,0.015,11.84
2017-03-24,114.071,114.063,114.08,114.06,1087823,10961938944.0,0.02,0.0,0.0,13.09
2017-03-27,114.078,114.082,114.084,114.075,1191786,12010207232.0,0.01,0.02,0.019,14.34
2017-03-28,114.092,114.086,114.095,114.084,1106693,11153837568.0,0.01,0.0,0.004,13.31
2017-03-29,114.092,114.075,114.097,114.067,980481,9881817088.0,0.03,-0.01,-0.011,11.79
2017-03-30,114.078,114.095,114.097,114.069,1329469,13397894144.0,0.02,0.02,0.02,15.99
2017-03-31,114.153,114.149,114.158,114.133,1082300,10913932288.0,0.02,0.05,0.054,13.02
2017-04-05,114.152,114.167,114.172,114.152,670479,6762606592.0,0.02,0.02,0.018,8.07
2017-04-06,114.178,114.202,114.203,114.175,708804,7150592256.0,0.02,0.03,0.035,8.53
2017-04-07,114.214,114.235,114.241,114.214,931211,9398378240.0,0.02,0.03,0.033,11.2
2017-04-10,114.239,114.248,114.25,114.236,739279,7462304256.0,0.01,0.01,0.013,8.89
2017-04-11,114.251,114.284,114.294,114.251,748486,7556802560.0,0.04,0.03,0.036,9.0
2017-04-12,114.273,114.267,114.277,114.266,779292,7868335360.0,0.01,-0.01,-0.017,9.37
2017-04-13,114.269,114.276,114.278,114.269,861133,8695107584.0,0.01,0.01,0.009,10.36
2017-04-14,114.29,114.297,114.3,114.287,748296,7557033472.0,0.01,0.02,0.021,9.0
2017-04-17,114.3,114.308,114.309,114.3,682802,6896461568.0,0.01,0.01,0.011,8.21
2017-04-18,114.325,114.318,114.325,114.315,717156,7244384512.0,0.01,0.01,0.01,8.63
2017-04-19,114.324,114.327,114.328,114.318,928651,9381273344.0,0.01,0.01,0.009,11.17
2017-04-20,114.332,114.344,114.347,114.33,835038,8436604416.0,0.01,0.01,0.017,10.04
2017-04-21,114.352,114.373,114.377,114.351,950189,9602713600.0,0.02,0.03,0.029,11.43
2017-04-24,114.377,114.374,114.381,114.364,943930,9540368128.0,0.01,0.0,0.001,11.35
2017-04-25,114.376,114.368,114.382,114.358,1077963,10894365184.0,0.02,-0.01,-0.006,12.97
2017-04-26,114.379,114.382,114.383,114.374,974307,9847912960.0,0.01,0.01,0.014,11.72
2017-04-27,114.383,114.399,114.401,114.383,1251564,12651720960.0,0.02,0.01,0.017,15.06
2017-04-28,114.433,114.434,114.44,114.424,1270514,12848769024.0,0.01,0.03,0.035,15.28
2017-05-02,114.446,114.452,114.457,114.446,908517,9189408768.0,0.01,0.02,0.018,10.93
2017-05-03,114.459,114.463,114.465,114.456,767726,7766040320.0,0.01,0.01,0.011,9.24
2017-05-04,114.473,114.476,114.478,114.471,1050765,10630806016.0,0.01,0.01,0.013,12.64
2017-05-05,114.497,114.502,114.505,114.492,934321,9455192576.0,0.01,0.02,0.026,11.24
2017-05-08,114.511,114.518,114.52,114.511,1010942,10232138752.0,0.01,0.01,0.016,12.16
2017-05-09,114.526,114.55,114.554,114.526,1122049,11358042624.0,0.02,0.03,0.032,13.5
2017-05-10,114.549,114.545,114.55,114.54,870901,8817160192.0,0.01,0.0,-0.005,10.48
2017-05-11,114.546,114.547,114.55,114.545,1053221,10663260672.0,0.0,0.0,0.002,12.67
2017-05-12,114.564,114.571,114.575,114.558,949553,9615518720.0,0.01,0.02,0.024,11.42
2017-05-15,114.578,114.583,114.587,114.578,689867,6987058944.0,0.01,0.01,0.012,8.3
2017-05-16,114.593,114.58,114.595,114.576,767847,7777060352.0,0.02,0.0,-0.003,9.24
2017-05-17,114.584,114.592,114.593,114.584,825203,8358153216.0,0.01,0.01,0.012,9.93
2017-05-18,114.601,114.613,114.615,114.594,1009075,10221777664.0,0.02,0.02,0.021,12.14
2017-05-19,114.633,114.617,114.634,114.614,819748,8306083584.0,0.02,0.0,0.004,9.86
2017-05-22,114.638,114.648,114.65,114.638,763382,7736125184.0,0.01,0.03,0.031,9.18
2017-05-23,114.657,114.658,114.659,114.652,779055,7895917568.0,0.01,0.01,0.01,9.37
2017-05-24,114.663,114.67,114.671,114.661,780891,7915311872.0,0.01,0.01,0.012,9.39
2017-05-25,114.673,114.692,114.695,114.673,1063607,10783174400.0,0.02,0.02,0.022,12.79
2017-05-26,114.706,114.707,114.714,114.701,1191925,12086439168.0,0.01,0.01,0.015,14.34
2017-05-31,114.714,114.707,114.737,114.303,1023990,10386031872.0,0.38,0.0,0.0,12.32
2017-06-01,114.743,114.751,114.752,114.727,763184,7741703168.0,0.02,0.04,0.044,9.18
2017-06-02,114.764,114.762,114.773,114.756,802555,8142609664.0,0.01,0.01,0.011,9.65
2017-06-05,114.769,114.785,114.786,114.769,852037,8646237696.0,0.01,0.02,0.023,10.25
2017-06-06,114.792,114.801,114.802,114.792,681153,6913320704.0,0.01,0.01,0.016,8.19
2017-06-07,114.805,114.81,114.81,114.804,717707,7284976128.0,0.01,0.01,0.009,8.63
2017-06-08,114.814,114.824,114.825,114.814,827666,8402118400.0,0.01,0.01,0.014,9.96
2017-06-09,114.839,114.834,114.841,114.831,843235,8561519104.0,0.01,0.01,0.01,10.14
2017-06-12,114.853,114.856,114.859,114.852,772110,7840950784.0,0.01,0.02,0.022,9.29
2017-06-13,114.866,114.863,114.868,114.861,724074,7353798144.0,0.01,0.01,0.007,8.71
2017-06-14,114.872,114.873,114.874,114.866,791697,8041036032.0,0.01,0.01,0.01,9.52
2017-06-15,114.883,114.886,114.889,114.87,815826,8286575104.0,0.02,0.01,0.013,9.81
2017-06-16,114.897,114.9,114.905,114.897,738024,7498082816.0,0.01,0.01,0.014,8.88
2017-06-19,114.916,114.92,114.924,114.915,754531,7667221248.0,0.01,0.02,0.02,9.08
2017-06-20,114.927,114.915,114.928,114.912,819590,8328505856.0,0.01,0.0,-0.005,9.86
2017-06-21,114.928,114.945,114.947,114.918,987034,10030572544.0,0.03,0.03,0.03,11.87
2017-06-22,114.941,114.966,114.968,114.936,816064,8294831104.0,0.03,0.02,0.021,9.82
2017-06-23,114.974,114.988,114.99,114.971,838211,8522170368.0,0.02,0.02,0.022,10.08
2017-06-26,114.984,114.986,114.991,114.984,1040119,10576349952.0,0.01,0.0,-0.002,12.51
2017-06-27,114.996,114.998,115.0,114.993,847381,8617378048.0,0.01,0.01,0.012,10.19
2017-06-28,115.003,115.009,115.012,114.994,848018,8624535296.0,0.02,0.01,0.011,10.2
2017-06-29,115.008,115.012,115.014,115.002,946025,9621614080.0,0.01,0.0,0.003,11.38
2017-06-30,115.047,115.054,115.057,115.038,1099722,11188760576.0,0.02,0.04,0.042,13.23
2017-07-03,115.073,115.081,115.082,115.07,777533,7913198592.0,0.01,0.02,0.027,9.35
2017-07-04,115.093,115.111,115.112,115.091,641834,6533697024.0,0.02,0.03,0.03,7.72
2017-07-05,115.109,115.156,115.162,115.107,585262,5959307776.0,0.05,0.04,0.045,7.04
2017-07-06,115.151,115.165,115.167,115.125,870613,8866179584.0,0.04,0.01,0.009,10.47
2017-07-07,115.163,115.159,115.17,115.15,722322,7357323776.0,0.02,-0.01,-0.006,8.69
2017-07-10,115.161,115.169,115.171,115.161,701287,7143668736.0,0.01,0.01,0.01,8.44
2017-07-11,115.172,115.178,115.183,115.172,551475,5618156800.0,0.01,0.01,0.009,6.63
2017-07-12,115.189,115.188,115.19,115.187,540204,5503864832.0,0.0,0.01,0.01,6.5
2017-07-13,115.194,115.197,115.2,115.191,594327,6055791872.0,0.01,0.01,0.009,7.15
2017-07-14,115.207,115.214,115.217,115.204,895445,9125457920.0,0.01,0.01,0.017,10.77
2017-07-17,115.233,115.235,115.237,115.231,650634,6631993600.0,0.01,0.02,0.021,7.83
2017-07-18,115.239,115.236,115.242,115.234,771878,7867986944.0,0.01,0.0,0.001,9.29
2017-07-19,115.243,115.239,115.245,115.236,645083,6575652352.0,0.01,0.0,0.003,7.76
2017-07-20,115.237,115.252,115.259,115.237,730384,7445893120.0,0.02,0.01,0.013,8.79
2017-07-21,115.277,115.284,115.285,115.275,658896,6719396352.0,0.01,0.03,0.032,7.93
2017-07-24,115.298,115.298,115.302,115.293,658956,6721012992.0,0.01,0.01,0.014,7.93
2017-07-25,115.306,115.312,115.315,115.304,589342,6011540224.0,0.01,0.01,0.014,7.09
2017-07-26,115.318,115.336,115.337,115.317,602727,6148901888.0,0.02,0.02,0.024,7.25
2017-07-27,115.338,115.351,115.353,115.332,636682,6496269824.0,0.02,0.01,0.015,7.66
2017-07-28,115.357,115.363,115.37,115.356,562664,5742543104.0,0.01,0.01,0.012,6.77
2017-07-31,115.367,115.368,115.403,115.358,645236,6585362432.0,0.04,0.0,0.005,7.76
2017-08-01,115.373,115.377,115.383,115.371,719378,7342852864.0,0.01,0.01,0.009,8.65
2017-08-02,115.383,115.407,115.408,115.383,666122,6800434944.0,0.02,0.03,0.03,8.01
2017-08-03,115.407,115.418,115.422,115.406,736766,7523318272.0,0.01,0.01,0.011,8.86
2017-08-04,115.44,115.45,115.453,115.434,880660,8995268864.0,0.02,0.03,0.032,10.59
2017-08-07,115.453,115.461,115.464,115.453,562341,5744819968.0,0.01,0.01,0.011,6.76
2017-08-08,115.464,115.474,115.481,115.464,584124,5968028928.0,0.01,0.01,0.013,7.03
2017-08-09,115.483,115.482,115.484,115.48,467653,4778444288.0,0.0,0.01,0.008,5.63
2017-08-10,115.49,115.494,115.495,115.487,630104,6438906624.0,0.01,0.01,0.012,7.58
2017-08-11,115.513,115.516,115.517,115.509,607470,6209004544.0,0.01,0.02,0.022,7.31
2017-08-14,115.528,115.528,115.533,115.524,755638,7724638720.0,0.01,0.01,0.012,9.09
2017-08-15,115.534,115.53,115.536,115.526,552357,5646512640.0,0.01,0.0,0.002,6.64
2017-08-16,115.538,115.536,115.539,115.532,534937,5468846336.0,0.01,0.01,0.006,6.43
2017-08-17,115.539,115.546,115.548,115.532,595498,6088325632.0,0.01,0.01,0.01,7.16
2017-08-18,115.571,115.579,115.598,115.567,540357,5526075392.0,0.03,0.03,0.033,6.5
2017-08-21,115.58,115.588,115.596,115.58,674797,6901934080.0,0.01,0.01,0.009,8.12
2017-08-22,115.596,115.601,115.603,115.595,482696,4937658880.0,0.01,0.01,0.013,5.81
2017-08-23,115.606,115.608,115.609,115.605,439524,4496506368.0,0.0,0.01,0.007,5.29
2017-08-24,115.616,115.631,115.632,115.615,551326,5641173248.0,0.01,0.02,0.023,6.63
2017-08-25,115.651,115.647,115.658,115.638,743741,7611903744.0,0.02,0.01,0.016,8.95
2017-08-28,115.658,115.647,115.661,115.644,604971,6191792384.0,0.01,0.0,0.0,7.28
2017-08-29,115.652,115.658,115.664,115.645,630532,6453247488.0,0.02,0.01,0.011,7.58
2017-08-30,115.66,115.664,115.666,115.653,1160439,11877915648.0,0.01,0.01,0.006,13.96
2017-08-31,115.666,115.7,115.703,115.665,747156,7649273600.0,0.03,0.03,0.036,8.99
2017-09-01,115.715,115.724,115.727,115.713,720268,7376792320.0,0.01,0.02,0.024,8.66
2017-09-04,115.734,115.752,115.754,115.733,714152,7315745024.0,0.02,0.02,0.028,8.59
2017-09-05,115.758,115.765,115.774,115.752,756537,7751373824.0,0.02,0.01,0.013,9.1
2017-09-06,115.772,115.776,115.777,115.769,691172,7082505472.0,0.01,0.01,0.011,8.31
2017-09-07,115.781,115.787,115.788,115.779,662048,6784702976.0,0.01,0.01,0.011,7.96
2017-09-08,115.798,115.803,115.805,115.798,680780,6977892608.0,0.01,0.01,0.016,8.19
2017-09-11,115.816,115.815,115.819,115.813,704450,7221534720.0,0.01,0.01,0.012,8.47
2017-09-12,115.824,115.833,115.837,115.819,688434,7057905664.0,0.02,0.02,0.018,8.28
2017-09-13,115.837,115.842,115.843,115.836,656073,6727109632.0,0.01,0.01,0.009,7.89
2017-09-14,115.847,115.863,115.865,115.847,827816,8489344512.0,0.02,0.02,0.021,9.96
2017-09-15,115.876,115.871,115.878,115.862,662715,6797205760.0,0.01,0.01,0.008,7.97
2017-09-18,115.88,115.884,115.887,115.871,686689,7043803392.0,0.01,0.01,0.013,8.26
2017-09-19,115.888,115.886,115.89,115.877,624890,6410232320.0,0.01,0.0,0.002,7.52
2017-09-20,115.891,115.914,115.921,115.89,672526,6899575552.0,0.03,0.02,0.028,8.09
2017-09-21,115.915,115.963,115.993,115.909,656072,6732450816.0,0.07,0.04,0.049,7.89
2017-09-22,115.955,115.999,116.009,115.954,634790,6517659648.0,0.05,0.03,0.036,7.64
2017-09-25,115.994,115.986,115.999,115.946,622842,6394917632.0,0.05,-0.01,-0.013,7.49
2017-09-26,115.972,115.994,115.996,115.972,765898,7864468224.0,0.02,0.01,0.008,9.21
2017-09-27,115.993,115.953,115.999,115.939,620383,6368479744.0,0.05,-0.04,-0.041,7.46
2017-09-28,115.963,115.95,115.971,115.917,590918,6066313984.0,0.05,0.0,-0.003,7.11
2017-09-29,116.078,116.076,116.121,116.054,627948,6453748736.0,0.06,0.11,0.126,7.55
2017-10-09,116.094,116.094,116.104,116.086,544873,5600752640.0,0.02,0.02,0.018,6.55
2017-10-10,116.112,116.134,116.138,116.1,612969,6301683968.0,0.03,0.03,0.04,7.37
2017-10-11,116.138,116.156,116.157,116.132,718877,7393131520.0,0.02,0.02,0.022,8.65
2017-10-12,116.158,116.175,116.18,116.153,684771,7043573760.0,0.02,0.02,0.019,8.24
2017-10-13,116.188,116.208,116.227,116.103,669981,6893201152.0,0.11,0.03,0.033,8.06
2017-10-16,116.201,116.218,116.303,116.201,656829,6759171328.0,0.09,0.01,0.01,7.9
2017-10-17,116.219,116.246,116.248,116.219,745443,7672591872.0,0.02,0.02,0.028,8.97
2017-10-18,116.243,116.239,116.249,116.237,874446,9001445120.0,0.01,-0.01,-0.007,10.52
2017-10-19,116.242,116.242,116.245,116.241,684590,7047099904.0,0.0,0.0,0.003,8.24
2017-10-20,116.253,116.261,116.264,116.252,842488,8673763840.0,0.01,0.02,0.019,10.13
2017-10-23,116.269,116.272,116.277,116.266,965321,9939840256.0,0.01,0.01,0.011,11.61
2017-10-24,116.278,116.281,116.283,116.277,835221,8600821248.0,0.01,0.01,0.009,10.05
2017-10-25,116.289,116.287,116.291,116.284,981097,10103757312.0,0.01,0.01,0.006,11.8
2017-10-26,116.284,116.291,116.293,116.281,1068294,11001925888.0,0.01,0.0,0.004,12.85
2017-10-27,116.312,116.304,116.314,116.303,1050096,10816595712.0,0.01,0.01,0.013,12.63
2017-10-30,116.321,116.319,116.323,116.305,1000482,10305939456.0,0.02,0.01,0.015,12.04
2017-10-31,116.334,116.34,116.341,116.32,1121290,11551830528.0,0.02,0.02,0.021,13.49
2017-11-01,116.353,116.367,116.37,116.352,1149092,11842440192.0,0.02,0.02,0.027,13.82
2017-11-02,116.373,116.391,116.394,116.371,1229731,12675644672.0,0.02,0.02,0.024,14.79
2017-11-03,116.403,116.437,116.44,116.393,1298996,13393972992.0,0.04,0.04,0.046,15.63
2017-11-06,116.432,116.432,116.435,116.427,1084348,11182832896.0,0.01,0.0,-0.005,13.04
2017-11-07,116.431,116.436,116.438,116.43,1326791,13683479296.0,0.01,0.0,0.004,15.96
2017-11-08,116.438,116.446,116.446,116.438,1332180,13740141056.0,0.01,0.01,0.01,16.03
2017-11-09,116.453,116.453,116.457,116.451,1343600,13859287808.0,0.01,0.01,0.007,16.16
2017-11-10,116.464,116.465,116.47,116.462,1328295,13703072768.0,0.01,0.01,0.012,15.98
2017-11-13,116.483,116.474,116.484,116.467,1185263,12228393728.0,0.01,0.01,0.009,14.26
2017-11-14,116.478,116.477,116.484,116.472,1177932,12153584896.0,0.01,0.0,0.003,14.17
2017-11-15,116.488,116.501,116.503,116.486,1174587,12120823296.0,0.01,0.02,0.024,14.13
2017-11-16,116.504,116.519,116.521,116.503,1260869,13013139968.0,0.02,0.02,0.018,15.17
2017-11-17,116.534,116.547,116.603,116.528,1652641,17061079552.0,0.06,0.02,0.028,19.88
2017-11-20,116.553,116.553,116.556,116.547,1402223,14477816064.0,0.01,0.01,0.006,16.87
2017-11-21,116.561,116.567,116.57,116.559,1558869,16096741120.0,0.01,0.01,0.014,18.75
2017-11-22,116.569,116.573,116.575,116.567,1062226,10969330432.0,0.01,0.01,0.006,12.78
2017-11-23,116.58,116.598,116.606,116.575,1114397,11509226496.0,0.03,0.02,0.025,13.41
2017-11-24,116.608,116.624,116.632,116.605,1417022,14639406080.0,0.02,0.02,0.026,17.05
2017-11-27,116.628,116.638,116.642,116.615,1063050,10983887360.0,0.02,0.01,0.014,12.79
2017-11-28,116.636,116.64,116.644,116.635,1294198,13373771776.0,0.01,0.0,0.002,15.57
2017-11-29,116.648,116.645,116.653,116.641,1160293,11991248384.0,0.01,0.0,0.005,13.96
2017-11-30,116.658,116.684,116.685,116.651,1292111,13355645440.0,0.03,0.03,0.039,15.54
2017-12-01,116.695,116.702,116.706,116.694,1415681,14637563392.0,0.01,0.02,0.018,17.03
2017-12-04,116.713,116.73,116.731,116.709,1435876,14849953792.0,0.02,0.02,0.028,17.27
2017-12-05,116.736,116.751,116.763,116.736,1364326,14112558080.0,0.02,0.02,0.021,16.41
2017-12-06,116.763,116.756,116.766,116.753,1253085,12963985664.0,0.01,0.0,0.005,15.07
2017-12-07,116.763,116.777,116.781,116.76,1597004,16524158720.0,0.02,0.02,0.021,19.21
2017-12-08,116.793,116.79,116.793,116.786,1384641,14329292800.0,0.01,0.01,0.013,16.66
2017-12-11,116.798,116.791,116.809,116.788,1646495,17040279296.0,0.02,0.0,0.001,19.81
2017-12-12,116.801,116.801,116.804,116.798,1386526,14350198528.0,0.01,0.01,0.01,16.68
2017-12-13,116.81,116.813,116.818,116.809,1535131,15890044928.0,0.01,0.01,0.012,18.47
2017-12-14,116.824,116.832,116.835,116.819,1771396,18337996288.0,0.01,0.02,0.019,21.31
2017-12-15,116.844,116.861,116.863,116.843,2007722,20791139328.0,0.02,0.02,0.029,24.15
2017-12-18,116.866,116.855,116.869,116.849,1781019,18444410368.0,0.02,-0.01,-0.006,21.42
2017-12-19,116.862,116.86,116.869,116.853,1818770,18834899200.0,0.01,0.0,0.005,21.88
2017-12-20,116.869,116.879,116.88,116.801,1901711,19694386944.0,0.07,0.02,0.019,22.88
2017-12-21,116.881,116.91,116.913,116.881,1725699,17876794368.0,0.03,0.03,0.031,20.76
2017-12-22,116.921,116.923,116.929,116.916,1879541,19475946240.0,0.01,0.01,0.013,22.61
2017-12-25,116.936,116.943,116.944,116.93,1438287,14905219584.0,0.01,0.02,0.02,17.3
2017-12-26,116.944,116.911,116.944,116.904,1366062,14157359616.0,0.03,-0.03,-0.032,16.43
2017-12-27,116.923,116.913,116.93,116.824,1008862,10449886720.0,0.09,0.0,0.002,12.14
2017-12-28,116.833,116.776,116.878,116.745,1250956,12951274752.0,0.11,-0.12,-0.137,15.05
2017-12-29,116.975,117.019,117.023,116.974,1795617,17978422272.0,0.04,0.21,0.243,21.6
2018-01-02,117.043,117.061,117.069,117.032,516006,5168604416.0,0.03,0.04,0.042,6.21
2018-01-03,117.081,117.077,117.083,117.056,722538,7238401280.0,0.02,0.01,0.016,8.69
2018-01-04,117.091,117.188,117.243,117.076,771013,7727383808.0,0.14,0.09,0.111,9.27
2018-01-05,117.131,117.223,117.258,117.121,706121,7082726656.0,0.12,0.03,0.035,8.49
2018-01-08,117.183,117.24,117.268,117.183,543201,5451688192.0,0.07,0.01,0.017,6.53
2018-01-09,117.241,117.149,117.257,117.143,799060,8014149120.0,0.1,-0.08,-0.091,9.61
2018-01-10,117.143,117.156,117.16,117.138,611280,6129257216.0,0.02,0.01,0.007,7.35
2018-01-11,117.16,117.156,117.165,117.153,671891,6737535232.0,0.01,0.0,0.0,8.08
2018-01-12,117.176,117.189,117.194,117.174,712681,7148231168.0,0.02,0.03,0.033,8.57
2018-01-15,117.193,117.199,117.201,117.191,569642,5714501632.0,0.01,0.01,0.01,6.85
2018-01-16,117.205,117.207,117.21,117.202,620920,6229340928.0,0.01,0.01,0.008,7.47
2018-01-17,117.213,117.211,117.216,117.202,602669,6046391296.0,0.01,0.0,0.004,7.25
2018-01-18,117.216,117.223,117.225,117.213,556027,5579083008.0,0.01,0.01,0.012,6.69
2018-01-19,117.242,117.249,117.251,117.225,705974,7085292288.0,0.02,0.02,0.026,8.49
2018-01-22,117.256,117.276,117.279,117.251,670008,6726038272.0,0.02,0.02,0.027,8.06
2018-01-23,117.281,117.278,117.282,117.273,532916,5350289408.0,0.01,0.0,0.002,6.41
2018-01-24,117.286,117.289,117.294,117.283,586351,5887393024.0,0.01,0.01,0.011,7.05
2018-01-25,117.291,117.304,117.306,117.29,487305,4893427456.0,0.01,0.01,0.015,5.86
2018-01-26,117.321,117.337,117.341,117.32,520170,5224803584.0,0.02,0.03,0.033,6.26
2018-01-29,117.34,117.361,117.365,117.34,514343,5167464960.0,0.02,0.02,0.024,6.19
2018-01-30,117.36,117.382,117.393,117.36,471482,4738100992.0,0.03,0.02,0.021,5.67
2018-01-31,117.382,117.418,117.427,117.376,507814,5104236800.0,0.04,0.03,0.036,6.11
2018-02-01,117.401,117.451,117.459,117.4,561780,5647664384.0,0.05,0.03,0.033,6.76
2018-02-02,117.439,117.509,117.52,117.435,552416,5556234752.0,0.07,0.05,0.058,6.65
2018-02-05,117.447,117.501,117.512,117.447,619583,6233522688.0,0.06,-0.01,-0.008,7.45
2018-02-06,117.501,117.472,117.509,117.467,661068,6650442752.0,0.04,-0.02,-0.029,7.95
2018-02-07,117.461,117.442,117.471,117.437,671891,6757480192.0,0.03,-0.03,-0.03,8.08
2018-02-08,117.451,117.462,117.465,117.44,811292,8159317248.0,0.02,0.02,0.02,9.76
2018-02-09,117.47,117.49,117.493,116.881,786050,7906874112.0,0.52,0.02,0.028,9.46
2018-02-12,117.494,117.524,117.527,117.487,683443,6876760064.0,0.03,0.03,0.034,8.22
2018-02-13,117.525,117.58,117.584,117.49,691999,6965689344.0,0.08,0.05,0.056,8.32
2018-02-14,117.625,117.722,117.751,117.608,512722,5166743296.0,0.12,0.12,0.142,6.17
2018-02-22,117.643,117.634,117.654,117.628,623517,6282770688.0,0.02,-0.07,-0.088,7.5
2018-02-23,117.647,117.669,117.675,117.646,565327,5697534720.0,0.02,0.03,0.035,6.8
2018-02-26,117.673,117.676,117.685,117.663,600113,6048818944.0,0.02,0.01,0.007,7.22
2018-02-27,117.681,117.682,117.688,117.679,519578,5237490688.0,0.01,0.01,0.006,6.25
2018-02-28,117.694,117.696,117.697,117.684,619960,6249859072.0,0.01,0.01,0.014,7.46
2018-03-01,117.707,117.709,117.718,117.703,611056,6161209088.0,0.01,0.01,0.013,7.35
2018-03-02,117.731,117.74,117.745,117.728,656706,6623289856.0,0.01,0.03,0.031,7.9
2018-03-05,117.75,117.757,117.76,117.749,536457,5411443968.0,0.01,0.01,0.017,6.45
2018-03-06,117.765,117.766,117.77,117.763,718840,7252080896.0,0.01,0.01,0.009,8.65
2018-03-07,117.77,117.773,117.774,117.769,636982,6426570752.0,0.0,0.01,0.007,7.66
2018-03-08,117.781,117.788,117.79,117.781,632257,6379709952.0,0.01,0.01,0.015,7.61
2018-03-09,117.804,117.802,117.807,117.801,644896,6508473600.0,0.01,0.01,0.014,7.76
2018-03-12,117.806,117.808,117.81,117.793,998902,10081213696.0,0.01,0.01,0.006,12.02
2018-03-13,117.823,117.833,117.836,117.812,934680,9434679296.0,0.02,0.02,0.025,11.24
2018-03-14,117.837,117.849,117.851,117.837,663332,6697252096.0,0.01,0.01,0.016,7.98
2018-03-15,117.857,117.859,117.863,117.852,628756,6349072896.0,0.01,0.01,0.01,7.56
2018-03-16,117.879,117.882,117.887,117.876,707876,7149473280.0,0.01,0.02,0.023,8.52
2018-03-19,117.89,117.895,117.897,117.889,774816,7826633728.0,0.01,0.01,0.013,9.32
2018-03-20,117.911,117.914,117.914,117.904,650132,6568034816.0,0.01,0.02,0.019,7.82
2018-03-21,117.915,117.916,117.919,117.913,784148,7922575616.0,0.01,0.0,0.002,9.43
2018-03-22,117.922,117.938,117.985,117.922,824495,8331526656.0,0.05,0.02,0.022,9.92
2018-03-23,117.954,117.989,118.085,117.943,955351,9656209920.0,0.12,0.04,0.051,11.49
2018-03-26,117.979,117.971,117.984,117.96,809402,8182653952.0,0.02,-0.02,-0.018,9.74
2018-03-27,117.97,117.976,117.978,117.955,970409,9809216000.0,0.02,0.0,0.005,11.67
2018-03-28,117.972,117.983,117.986,117.966,998235,10091470080.0,0.02,0.01,0.007,12.01
2018-03-29,117.985,117.957,117.991,117.937,878605,8882160640.0,0.05,-0.02,-0.026,10.57
2018-03-30,118.009,118.025,118.028,118.005,831247,8406605056.0,0.02,0.06,0.068,10.0
2018-04-02,118.032,118.059,118.062,118.032,858647,8687118592.0,0.03,0.03,0.034,10.33
2018-04-03,118.067,118.122,118.128,118.065,791924,8014883072.0,0.05,0.05,0.063,9.53
2018-04-04,118.146,118.16,118.184,118.128,822151,8326618112.0,0.05,0.03,0.038,9.89
2018-04-09,118.142,118.196,118.201,118.141,881476,8927703040.0,0.05,0.03,0.036,10.6
2018-04-10,118.181,118.221,118.223,118.181,796355,8068713728.0,0.04,0.02,0.025,9.58
2018-04-11,118.201,118.186,118.209,118.175,980812,9936832000.0,0.03,-0.03,-0.035,11.8
2018-04-12,118.186,118.185,118.191,118.175,774720,7848096768.0,0.01,0.0,-0.001,9.32
2018-04-13,118.201,118.209,118.212,118.196,816058,8268322304.0,0.01,0.02,0.024,9.82
2018-04-16,118.212,118.209,118.22,118.207,827718,8387366144.0,0.01,0.0,0.0,9.96
2018-04-17,118.214,118.213,118.22,118.21,832558,8436718080.0,0.01,0.0,0.004,10.02
2018-04-18,118.215,118.218,118.223,118.212,1018801,10324353280.0,0.01,0.0,0.005,12.26
2018-04-19,118.225,118.206,118.225,118.188,837978,8490356480.0,0.03,-0.01,-0.012,10.08
2018-04-20,118.236,118.233,118.241,118.211,784846,7954535680.0,0.03,0.02,0.027,9.44
2018-04-23,118.236,118.221,118.244,118.176,966755,9796649472.0,0.06,-0.01,-0.012,11.63
2018-04-24,118.193,118.225,118.23,118.188,836052,8471670528.0,0.04,0.0,0.004,10.06
2018-04-25,118.246,118.266,118.273,118.245,776093,7868330496.0,0.02,0.03,0.041,9.34
2018-04-26,118.273,118.297,118.3,118.268,847424,8592958720.0,0.03,0.03,0.031,10.19
2018-04-27,118.35,118.378,118.382,118.338,969407,9836179456.0,0.04,0.07,0.081,11.66
2018-05-02,118.373,118.42,118.429,118.37,706016,7167005696.0,0.05,0.04,0.042,8.49
2018-05-03,118.425,118.425,118.447,118.401,805225,8176760064.0,0.04,0.0,0.005,9.69
2018-05-04,118.433,118.458,118.461,118.427,819402,8321909248.0,0.03,0.03,0.033,9.86
2018-05-07,118.448,118.472,118.484,118.431,858615,8721143296.0,0.04,0.01,0.014,10.33
2018-05-08,118.46,118.447,118.461,118.435,899248,9133151232.0,0.02,-0.02,-0.025,10.82
2018-05-09,118.442,118.449,118.454,118.439,753757,7655470848.0,0.01,0.0,0.002,9.07
2018-05-10,118.45,118.45,118.455,118.445,784589,7969131008.0,0.01,0.0,0.001,9.44
2018-05-11,118.461,118.479,118.484,118.461,887266,9013783808.0,0.02,0.02,0.029,10.67
2018-05-14,118.485,118.473,118.487,118.468,986565,10023423232.0,0.02,-0.01,-0.006,11.87
2018-05-15,118.481,118.499,118.502,118.476,970311,9859007232.0,0.02,0.02,0.026,11.67
2018-05-16,118.503,118.512,118.515,118.501,906497,9212551680.0,0.01,0.01,0.013,10.9
2018-05-17,118.522,118.523,118.527,118.517,943925,9594269440.0,0.01,0.01,0.011,11.35
2018-05-18,118.545,118.554,118.555,118.541,980828,9971625472.0,0.01,0.03,0.031,11.8
2018-05-21,118.554,118.556,118.558,118.545,640599,6513222912.0,0.01,0.0,0.002,7.71
2018-05-22,118.566,118.583,118.585,118.564,877069,8919120896.0,0.02,0.02,0.027,10.55
2018-05-23,118.59,118.604,118.605,118.584,837374,8517065728.0,0.02,0.02,0.021,10.07
2018-05-24,118.603,118.611,118.615,118.602,965733,9824302080.0,0.01,0.01,0.007,11.62
2018-05-25,118.628,118.615,118.628,118.611,1032884,10508217600.0,0.01,0.0,0.004,12.42
2018-05-28,118.621,118.622,118.627,118.611,983270,10003610368.0,0.01,0.01,0.007,11.83
2018-05-29,118.627,118.621,118.628,118.609,858279,8731915264.0,0.02,0.0,-0.001,10.32
2018-05-30,118.615,118.62,118.622,118.607,1005527,10229862144.0,0.01,0.0,-0.001,12.1
2018-05-31,118.611,118.643,118.647,118.611,904079,9199522816.0,0.03,0.02,0.023,10.88
2018-06-01,118.682,118.681,118.687,118.677,872460,8881870848.0,0.01,0.03,0.038,10.5
2018-06-04,118.698,118.709,118.711,118.697,853842,8694206976.0,0.01,0.02,0.028,10.27
2018-06-05,118.714,118.72,118.722,118.713,748944,7626956800.0,0.01,0.01,0.011,9.01
2018-06-06,118.727,118.73,118.734,118.724,784413,7989041408.0,0.01,0.01,0.01,9.44
2018-06-07,118.739,118.742,118.744,118.738,667642,6800583168.0,0.01,0.01,0.012,8.03
2018-06-08,118.759,118.767,118.772,118.759,875871,8923729408.0,0.01,0.02,0.025,10.54
2018-06-11,118.777,118.785,118.789,118.777,798118,8132978688.0,0.01,0.02,0.018,9.6
2018-06-12,118.794,118.79,118.796,118.786,854466,8707970304.0,0.01,0.0,0.005,10.28
2018-06-13,118.795,118.79,118.796,118.787,706845,7203504896.0,0.01,0.0,0.0,8.5
2018-06-14,118.8,118.809,118.818,118.792,1157636,11799336192.0,0.02,0.02,0.019,13.93
2018-06-15,118.838,118.839,118.848,118.834,916399,9343317504.0,0.01,0.03,0.03,11.02
2018-06-19,118.838,118.844,118.847,118.835,1265601,12904298752.0,0.01,0.0,0.005,15.22
2018-06-20,118.851,118.878,118.883,118.843,1317399,13433266688.0,0.03,0.03,0.034,15.85
2018-06-21,118.87,118.889,118.891,118.869,1099113,11210401536.0,0.02,0.01,0.011,13.22
2018-06-22,118.908,118.894,118.908,118.887,1222601,12472215296.0,0.02,0.0,0.005,14.71
2018-06-25,118.881,118.91,118.916,118.881,1159928,11833747456.0,0.03,0.01,0.016,13.95
2018-06-26,118.919,118.922,118.928,118.918,1369186,13971358208.0,0.01,0.01,0.012,16.47
2018-06-27,118.929,118.918,118.932,118.914,1224501,12494762752.0,0.02,0.0,-0.004,14.73
2018-06-28,118.901,118.93,118.936,118.856,1460773,14900346624.0,0.07,0.01,0.012,17.57
2018-06-29,118.961,118.978,118.985,118.956,1359910,13884009984.0,0.02,0.04,0.048,16.36
2018-07-02,119.002,119.028,119.031,119.002,928653,9485108736.0,0.02,0.04,0.05,11.17
2018-07-03,119.032,119.088,119.091,119.032,789199,8063432192.0,0.05,0.05,0.06,9.49
2018-07-04,119.069,119.187,119.281,119.069,927473,9482313984.0,0.18,0.08,0.099,11.16
2018-07-05,119.171,119.26,119.28,119.142,951148,9731739648.0,0.12,0.06,0.073,11.44
2018-07-06,119.193,119.303,119.308,119.193,788713,8074203392.0,0.1,0.04,0.043,9.49
2018-07-09,119.281,119.289,119.316,119.256,871091,8920624384.0,0.05,-0.01,-0.014,10.48
2018-07-10,119.269,119.268,119.284,119.251,916692,9385628160.0,0.03,-0.02,-0.021,11.03
2018-07-11,119.261,119.255,119.273,119.242,651934,6674736384.0,0.03,-0.01,-0.013,7.84
2018-07-12,119.251,119.102,119.254,119.091,835646,8545799936.0,0.14,-0.13,-0.153,10.05
2018-07-13,119.125,119.146,119.155,119.125,710317,7263774976.0,0.03,0.04,0.044,8.54
2018-07-16,119.154,119.159,119.165,119.15,683266,6988154112.0,0.01,0.01,0.013,8.22
2018-07-17,119.166,119.181,119.185,119.165,750943,7681729024.0,0.02,0.02,0.022,9.03
2018-07-18,119.185,119.183,119.197,119.179,796032,8144335104.0,0.02,0.0,0.002,9.58
2018-07-19,119.196,119.2,119.203,119.186,826623,8457462528.0,0.01,0.01,0.017,9.94
2018-07-20,119.217,119.212,119.22,119.199,668208,6837866496.0,0.02,0.01,0.012,8.04
2018-07-23,119.226,119.222,119.227,119.214,797106,8157531904.0,0.01,0.01,0.01,9.59
2018-07-24,119.227,119.213,119.228,119.201,996193,10193946880.0,0.02,-0.01,-0.009,11.98
2018-07-25,119.217,119.23,119.237,119.211,697433,7137751040.0,0.02,0.01,0.017,8.39
2018-07-26,119.238,119.252,119.254,119.236,612750,6272394752.0,0.02,0.02,0.022,7.37
2018-07-27,119.264,119.27,119.273,119.264,636898,6521127936.0,0.01,0.02,0.018,7.66
2018-07-30,119.275,119.289,119.292,119.275,700044,7168733184.0,0.01,0.02,0.019,8.42
2018-07-31,119.297,119.307,119.321,119.297,612078,6269245952.0,0.02,0.02,0.018,7.36
2018-08-01,119.308,119.321,119.329,119.308,684543,7012264704.0,0.02,0.01,0.014,8.23
2018-08-02,119.33,119.341,119.348,119.33,759845,7785093888.0,0.02,0.02,0.02,9.14
2018-08-03,119.359,119.37,119.371,119.356,615872,6311564288.0,0.01,0.02,0.029,7.41
2018-08-06,119.375,119.374,119.383,119.372,745104,7637129984.0,0.01,0.0,0.004,8.96
2018-08-07,119.381,119.375,119.383,119.373,753156,7719681024.0,0.01,0.0,0.001,9.06
2018-08-08,119.377,119.383,119.384,119.376,598614,6135697408.0,0.01,0.01,0.008,7.2
2018-08-09,119.39,119.387,119.395,119.375,741536,7601119232.0,0.02,0.0,0.004,8.92
2018-08-10,119.408,119.412,119.413,119.395,586871,6016818944.0,0.02,0.02,0.025,7.06
2018-08-13,119.417,119.425,119.428,119.416,627525,6434743552.0,0.01,0.01,0.013,7.55
2018-08-14,119.434,119.428,119.438,119.421,633734,6499044352.0,0.01,0.0,0.003,7.62
2018-08-15,119.439,119.446,119.449,119.435,706676,7247731712.0,0.01,0.02,0.018,8.5
2018-08-16,119.454,119.455,119.459,119.448,813335,8342481408.0,0.01,0.01,0.009,9.78
2018-08-17,119.467,119.476,119.481,119.464,665114,6823595008.0,0.01,0.02,0.021,8.0
2018-08-20,119.488,119.486,119.49,119.481,822181,8435876864.0,0.01,0.01,0.01,9.89
2018-08-21,119.489,119.498,119.499,119.483,833616,8553595904.0,0.01,0.01,0.012,10.03
2018-08-22,119.501,119.515,119.523,119.496,779911,8003684352.0,0.02,0.01,0.017,9.38
2018-08-23,119.515,119.556,119.56,119.513,836908,8591269120.0,0.04,0.03,0.041,10.07
2018-08-24,119.561,119.561,119.58,119.553,773543,7943342592.0,0.02,0.0,0.005,9.31
2018-08-27,119.563,119.541,119.565,119.537,819803,8417087488.0,0.02,-0.02,-0.02,9.86
2018-08-28,119.546,119.556,119.559,119.537,725562,7449069824.0,0.02,0.01,0.015,8.73
2018-08-29,119.561,119.581,119.586,119.559,957545,9833238016.0,0.02,0.02,0.025,11.52
2018-08-30,119.584,119.6,119.604,119.584,803651,8254435840.0,0.02,0.02,0.019,9.67
2018-08-31,119.611,119.629,119.634,119.611,1042053,10706275328.0,0.02,0.02,0.029,12.54
2018-09-03,119.636,119.62,119.639,119.601,1130232,11611300096.0,0.03,-0.01,-0.009,13.6
2018-09-04,119.623,119.625,119.626,119.618,637841,6553294592.0,0.01,0.0,0.005,7.67
2018-09-05,119.629,119.617,119.641,119.614,890765,9152859904.0,0.02,-0.01,-0.008,10.72
2018-09-06,119.633,119.634,119.635,119.625,965149,9916820736.0,0.01,0.01,0.017,11.61
2018-09-07,119.645,119.624,119.655,119.614,1177665,12101587712.0,0.03,-0.01,-0.01,14.17
2018-09-10,119.635,119.664,119.667,119.635,1174936,12074812928.0,0.03,0.03,0.04,14.13
2018-09-11,119.673,119.648,119.674,119.642,1154881,11870019840.0,0.03,-0.01,-0.016,13.89
2018-09-12,119.659,119.674,119.675,119.655,990820,10184378624.0,0.02,0.02,0.026,11.92
2018-09-13,119.67,119.674,119.678,119.669,825129,8481716992.0,0.01,0.0,0.0,9.93
2018-09-14,119.689,119.695,119.698,119.685,963637,9907075840.0,0.01,0.02,0.021,11.59
2018-09-17,119.704,119.711,119.714,119.702,751362,7726072832.0,0.01,0.01,0.016,9.04
2018-09-18,119.719,119.711,119.721,119.708,937387,9639874816.0,0.01,0.0,0.0,11.28
2018-09-19,119.719,119.711,119.721,119.707,1013644,10423321856.0,0.01,0.0,0.0,12.19
2018-09-20,119.716,119.722,119.727,119.714,977743,10055134976.0,0.01,0.01,0.011,11.76
2018-09-21,119.747,119.714,119.749,119.708,1099121,11304663040.0,0.03,-0.01,-0.008,13.22
2018-09-25,119.736,119.743,119.744,119.712,983278,10113221888.0,0.03,0.02,0.029,11.83
2018-09-26,119.743,119.747,119.754,119.728,865703,8904762368.0,0.02,0.0,0.004,10.41
2018-09-27,119.748,119.767,119.771,119.721,900158,9259131392.0,0.04,0.02,0.02,10.83
2018-09-28,119.847,119.857,119.876,119.834,941151,9690958592.0,0.04,0.08,0.09,11.32
2018-10-08,119.869,119.899,119.903,119.869,822122,8467939584.0,0.03,0.04,0.042,9.89
2018-10-09,119.9,119.908,119.915,119.897,809260,8337200640.0,0.02,0.01,0.009,9.73
2018-10-10,119.909,119.913,119.914,119.898,799448,8236369664.0,0.01,0.0,0.005,9.62
2018-10-11,119.913,119.905,119.915,119.899,813543,8381543680.0,0.01,-0.01,-0.008,9.79
2018-10-12,119.91,119.932,119.932,119.907,820902,8458481920.0,0.02,0.02,0.027,9.87
2018-10-15,119.934,119.943,119.947,119.932,803938,8284984064.0,0.01,0.01,0.011,9.67
2018-10-16,119.946,119.939,119.951,119.935,667028,6874682112.0,0.01,0.0,-0.004,8.02
2018-10-17,119.934,119.947,119.95,119.934,894961,9223751680.0,0.01,0.01,0.008,10.77
2018-10-18,119.955,119.962,119.964,119.952,717881,7399619072.0,0.01,0.01,0.015,8.64
2018-10-19,119.971,119.967,119.976,119.956,810746,8357555200.0,0.02,0.0,0.005,9.75
2018-10-22,119.921,119.95,119.967,119.911,1245490,12837396736.0,0.05,-0.01,-0.017,14.98
2018-10-23,119.97,119.978,119.982,119.963,850593,8768900864.0,0.02,0.02,0.028,10.23
2018-10-24,119.991,119.996,119.998,119.988,830315,8561564928.0,0.01,0.02,0.018,9.99
2018-10-25,119.999,120.005,120.008,119.996,751096,7745415424.0,0.01,0.01,0.009,9.04
2018-10-26,120.015,120.021,120.023,120.014,837704,8639869440.0,0.01,0.01,0.016,10.08
2018-10-29,120.029,120.035,120.037,120.026,838028,8644396032.0,0.01,0.01,0.014,10.08
2018-10-30,120.041,120.04,120.042,120.032,757209,7811192064.0,0.01,0.0,0.005,9.11
2018-10-31,120.044,120.048,120.05,120.034,779278,8039000832.0,0.01,0.01,0.008,9.37
2018-11-01,120.047,120.044,120.052,120.041,768635,7929610496.0,0.01,0.0,-0.004,9.25
2018-11-02,119.925,120.045,120.049,119.925,1056121,10894204672.0,0.1,0.0,0.001,12.7
2018-11-05,120.052,120.077,120.084,120.052,969394,10002892288.0,0.03,0.03,0.032,11.66
2018-11-06,120.088,120.088,120.09,120.083,704360,7269500672.0,0.01,0.01,0.011,8.47
2018-11-07,120.094,120.091,120.095,120.089,588468,6073652992.0,0.0,0.0,0.003,7.08
2018-11-08,120.093,120.1,120.103,120.092,790115,8155337216.0,0.01,0.01,0.009,9.5
2018-11-09,120.117,120.119,120.12,120.114,693648,7160860160.0,0.0,0.02,0.019,8.34
2018-11-12,120.128,120.117,120.129,120.111,618267,6383211008.0,0.01,0.0,-0.002,7.44
2018-11-13,120.128,120.119,120.129,120.112,827727,8545347328.0,0.01,0.0,0.002,9.96
2018-11-14,120.131,120.121,120.132,120.082,895993,9250180608.0,0.04,0.0,0.002,10.78
2018-11-15,120.126,120.135,120.139,120.122,830041,8570151168.0,0.01,0.01,0.014,9.98
2018-11-16,120.148,120.154,120.162,120.136,1115713,11522065664.0,0.02,0.02,0.019,13.42
2018-11-19,120.174,120.172,120.178,120.159,1045979,10803638272.0,0.02,0.01,0.018,12.58
2018-11-20,120.176,120.184,120.186,120.173,771298,7967326208.0,0.01,0.01,0.012,9.28
2018-11-21,120.186,120.207,120.21,120.186,643743,6650694400.0,0.02,0.02,0.023,7.74
2018-11-22,120.201,120.225,120.23,120.201,671398,6937893120.0,0.02,0.01,0.018,8.08
2018-11-23,120.231,120.255,120.262,120.23,825791,8535696640.0,0.03,0.02,0.03,9.93
2018-11-26,120.251,120.263,120.266,120.251,796538,8234485760.0,0.01,0.01,0.008,9.58
2018-11-27,120.263,120.265,120.272,120.25,746334,7715790592.0,0.02,0.0,0.002,8.98
2018-11-28,120.261,120.236,120.262,120.233,777841,8040489984.0,0.02,-0.02,-0.029,9.36
2018-11-29,120.231,120.248,120.249,120.23,680846,7037194496.0,0.02,0.01,0.012,8.19
2018-11-30,120.27,120.261,120.271,120.257,667596,6901799168.0,0.01,0.01,0.013,8.03
2018-12-03,120.257,120.26,120.272,120.254,1225368,12667870464.0,0.01,0.0,-0.001,14.74
2018-12-04,120.276,120.284,120.287,120.275,807264,8347237888.0,0.01,0.02,0.024,9.71
2018-12-05,120.294,120.29,120.3,120.282,811278,8389338112.0,0.01,0.0,0.006,9.76
2018-12-06,120.297,120.312,120.316,120.296,730095,7550870016.0,0.02,0.02,0.022,8.78
2018-12-07,120.324,120.358,120.372,120.322,903235,9344948480.0,0.04,0.04,0.046,10.87
2018-12-10,120.358,120.35,120.375,120.342,818855,8472674816.0,0.03,-0.01,-0.008,9.85
2018-12-11,120.354,120.344,120.356,120.342,612685,6339368448.0,0.01,0.0,-0.006,7.37
2018-12-12,120.35,120.346,120.355,120.344,840661,8698160128.0,0.01,0.0,0.002,10.11
2018-12-13,120.355,120.327,120.356,120.181,1216524,12585658368.0,0.15,-0.02,-0.019,14.63
2018-12-14,120.351,120.349,120.352,120.341,803181,8310140160.0,0.01,0.02,0.022,9.66
2018-12-17,120.366,120.363,120.374,120.361,779441,8066319104.0,0.01,0.01,0.014,9.38
2018-12-18,120.371,120.379,120.386,120.367,964244,9979062528.0,0.02,0.01,0.016,11.6
2018-12-19,120.384,120.379,120.393,120.375,829412,8584878592.0,0.01,0.0,0.0,9.98
2018-12-20,120.385,120.37,120.389,120.366,1044193,10807098880.0,0.02,-0.01,-0.009,12.56
2018-12-21,120.387,120.396,120.402,120.384,1219933,12627866368.0,0.01,0.02,0.026,14.67
2018-12-24,120.41,120.408,120.415,120.397,1275218,13201445888.0,0.01,0.01,0.012,15.34
2018-12-25,120.411,120.402,120.413,120.397,1377625,14262000384.0,0.01,0.0,-0.006,16.57
2018-12-26,120.413,120.379,120.428,119.881,1051247,10883951872.0,0.45,-0.02,-0.023,12.65
2018-12-27,120.381,120.401,120.414,120.327,849606,8790957568.0,0.07,0.02,0.022,10.22
2018-12-28,120.464,120.488,120.497,120.456,1540017,15413559552.0,0.03,0.07,0.087,18.53
2019-01-02,120.508,120.5,120.529,120.494,855659,8567757824.0,0.03,0.01,0.012,10.29
2019-01-03,120.52,120.563,120.567,120.52,433295,4339441920.0,0.04,0.05,0.063,5.21
2019-01-04,120.562,120.645,120.674,120.561,548246,5495182848.0,0.09,0.07,0.082,6.6
2019-01-07,120.644,120.703,120.724,120.604,628110,6297203200.0,0.1,0.05,0.058,7.56
2019-01-08,120.654,120.654,120.668,120.627,553235,5546808064.0,0.03,-0.04,-0.049,6.66
2019-01-09,120.602,120.589,120.61,120.57,825662,8273356800.0,0.03,-0.05,-0.065,9.93
2019-01-10,120.586,120.588,120.595,120.584,665280,6666569216.0,0.01,0.0,-0.001,8.0
2019-01-11,120.604,120.606,120.615,120.603,466836,4678889984.0,0.01,0.01,0.018,5.62
2019-01-14,120.611,120.616,120.619,120.611,490464,4916009984.0,0.01,0.01,0.01,5.9
2019-01-15,120.625,120.619,120.627,120.617,391711,3926464992.0,0.01,0.0,0.003,4.71
2019-01-16,120.625,120.629,120.634,120.617,376909,3778234096.0,0.01,0.01,0.01,4.53
2019-01-17,120.637,120.63,120.639,120.628,322863,3236748464.0,0.01,0.0,0.001,3.88
2019-01-18,120.655,120.639,120.657,120.635,449336,4505265664.0,0.02,0.01,0.009,5.41
2019-01-21,120.654,120.649,120.658,120.646,563082,5645926656.0,0.01,0.01,0.01,6.77
2019-01-22,120.659,120.662,120.665,120.656,652247,6540475648.0,0.01,0.01,0.013,7.85
2019-01-23,120.666,120.679,120.682,120.666,375823,3769154240.0,0.01,0.01,0.017,4.52
2019-01-24,120.685,120.682,120.688,120.678,407677,4088947056.0,0.01,0.0,0.003,4.9
2019-01-25,120.705,120.701,120.713,120.695,321179,3221939600.0,0.01,0.02,0.019,3.86
2019-01-28,120.702,120.704,120.706,120.696,543451,5451731712.0,0.01,0.0,0.003,6.54
2019-01-29,120.711,120.73,120.734,120.71,415100,4165027376.0,0.02,0.02,0.026,4.99
2019-01-30,120.733,120.724,120.743,120.719,404435,4058522960.0,0.02,0.0,-0.006,4.87
2019-01-31,120.736,120.743,120.748,120.718,490406,4921220864.0,0.02,0.02,0.019,5.9
2019-02-01,120.854,120.84,120.854,120.811,440786,4427805696.0,0.04,0.08,0.097,5.3
2019-02-11,120.835,120.83,120.84,120.825,519596,5219156736.0,0.01,-0.01,-0.01,6.25
2019-02-12,120.835,120.835,120.839,120.833,473894,4760336640.0,0.0,0.0,0.005,5.7
2019-02-13,120.841,120.842,120.844,120.839,550531,5530481664.0,0.0,0.01,0.007,6.62
2019-02-14,120.849,120.853,120.854,120.848,406673,4085699184.0,0.0,0.01,0.011,4.89
2019-02-15,120.866,120.866,120.869,120.863,439423,4415412736.0,0.0,0.01,0.013,5.29
2019-02-18,120.87,120.871,120.874,120.865,704581,7080111872.0,0.01,0.0,0.005,8.48
2019-02-19,120.878,120.891,120.892,120.874,691100,6945304320.0,0.01,0.02,0.02,8.31
2019-02-20,120.892,120.899,120.9,120.891,482857,4853305600.0,0.01,0.01,0.008,5.81
2019-02-21,120.902,120.905,120.907,120.898,524077,5267976960.0,0.01,0.0,0.006,6.3
2019-02-22,120.915,120.908,120.92,120.901,563581,5665722624.0,0.02,0.0,0.003,6.78
2019-02-25,120.427,120.894,120.908,120.427,944020,9486322688.0,0.4,-0.01,-0.014,11.36
2019-02-26,120.874,120.906,120.915,120.811,683262,6866007552.0,0.09,0.01,0.012,8.22
2019-02-27,120.914,120.952,120.956,120.905,547892,5508792064.0,0.04,0.04,0.046,6.59
2019-02-28,120.95,121.006,121.029,120.95,439144,4417673472.0,0.07,0.04,0.054,5.28
2019-03-01,121.004,121.055,121.072,120.584,401897,4044826544.0,0.4,0.04,0.049,4.83
2019-03-04,121.014,121.001,121.032,120.971,703122,7074604032.0,0.05,-0.04,-0.054,8.46
2019-03-05,120.994,120.991,121.0,120.982,682695,6868348160.0,0.01,-0.01,-0.01,8.21
2019-03-06,120.994,121.004,121.014,120.988,607673,6114293504.0,0.02,0.01,0.013,7.31
2019-03-07,121.001,121.023,121.026,121.001,528524,5318357504.0,0.02,0.02,0.019,6.36
2019-03-08,121.024,121.033,121.044,120.742,680281,6845901312.0,0.25,0.01,0.01,8.18
2019-03-11,121.013,121.039,121.042,121.009,576731,5804483072.0,0.03,0.0,0.006,6.94
2019-03-12,121.039,121.041,121.045,121.035,597610,6015256320.0,0.01,0.0,0.002,7.19
2019-03-13,121.047,121.083,121.088,121.046,506322,5097520384.0,0.03,0.03,0.042,6.09
2019-03-14,121.072,121.083,121.112,121.072,430852,4339104768.0,0.03,0.0,0.0,5.18
2019-03-15,121.083,121.087,121.102,121.072,489728,4931643904.0,0.02,0.0,0.004,5.89
2019-03-18,121.085,121.085,121.09,121.082,550798,5546643968.0,0.01,0.0,-0.002,6.63
2019-03-19,121.084,121.092,121.093,121.076,475631,4789760256.0,0.01,0.01,0.007,5.72
2019-03-20,121.096,121.101,121.104,121.095,479805,4832420096.0,0.01,0.01,0.009,5.77
2019-03-21,121.105,121.117,121.118,121.101,568172,5722821376.0,0.01,0.01,0.016,6.83
2019-03-22,121.119,121.138,121.142,121.119,388975,3918812432.0,0.02,0.02,0.021,4.68
2019-03-25,121.139,121.165,121.17,121.138,402565,4056341968.0,0.03,0.02,0.027,4.84
2019-03-26,121.164,121.174,121.186,121.156,555838,5601802240.0,0.02,0.01,0.009,6.69
2019-03-27,121.169,121.169,121.188,121.167,468309,4720196352.0,0.02,0.0,-0.005,5.63
2019-03-28,121.175,121.149,121.177,121.139,774186,7801485568.0,0.03,-0.02,-0.02,9.31
2019-03-29,121.179,121.166,121.184,121.149,701117,7066232832.0,0.03,0.01,0.017,8.43
2019-04-01,121.174,121.175,121.182,121.163,749950,7558629888.0,0.02,0.01,0.009,9.02
2019-04-02,121.175,121.203,121.208,121.174,549158,5535877888.0,0.03,0.02,0.028,6.61
2019-04-03,121.212,121.233,121.238,121.206,550506,5551189248.0,0.03,0.02,0.03,6.62
2019-04-04,121.231,121.291,121.303,121.228,597725,6029841920.0,0.06,0.05,0.058,7.19
2019-04-08,121.264,121.306,121.308,121.245,607698,6131365376.0,0.05,0.01,0.015,7.31
2019-04-09,121.299,121.295,121.302,121.274,567536,5726696192.0,0.02,-0.01,-0.011,6.83
2019-04-10,121.283,121.266,121.284,121.18,543364,5482066688.0,0.09,-0.02,-0.029,6.54
2019-04-11,121.276,121.272,121.276,121.265,580131,5852836352.0,0.01,0.0,0.006,6.98
2019-04-12,121.285,121.285,121.295,121.28,544200,5491194880.0,0.01,0.01,0.013,6.55
2019-04-15,121.282,121.298,121.3,121.245,646350,6522056192.0,0.05,0.01,0.013,7.78
2019-04-16,121.304,121.281,121.307,121.278,689931,6961983744.0,0.02,-0.01,-0.017,8.3
2019-04-17,121.292,121.299,121.302,121.284,586654,5919862272.0,0.01,0.01,0.018,7.06
2019-04-18,121.304,121.309,121.314,121.303,507529,5122234624.0,0.01,0.01,0.01,6.11
2019-04-19,121.325,121.322,121.329,121.319,623338,6291953408.0,0.01,0.01,0.013,7.5
2019-04-22,121.33,121.344,121.346,121.326,549418,5546423552.0,0.02,0.02,0.022,6.61
2019-04-23,121.344,121.353,121.355,121.344,520322,5253574912.0,0.01,0.01,0.009,6.26
2019-04-24,121.359,121.357,121.361,121.354,485907,4906404608.0,0.01,0.0,0.004,5.85
2019-04-25,121.362,121.355,121.366,121.353,475725,4803782144.0,0.01,0.0,-0.002,5.72
2019-04-26,121.373,121.37,121.377,121.364,515108,5201848320.0,0.01,0.01,0.015,6.2
2019-04-29,121.374,121.363,121.382,121.357,770560,7781783040.0,0.02,-0.01,-0.007,9.27
2019-04-30,121.415,121.417,121.422,121.394,632903,6394039296.0,0.02,0.04,0.054,7.61
2019-05-06,121.423,121.444,121.447,121.419,732041,7397240064.0,0.02,0.02,0.027,8.81
2019-05-07,121.444,121.457,121.46,121.443,596300,6026705664.0,0.01,0.01,0.013,7.17
2019-05-08,121.46,121.462,121.467,121.455,682193,6895391488.0,0.01,0.0,0.005,8.21
2019-05-09,121.469,121.472,121.473,121.466,523797,5294772992.0,0.01,0.01,0.01,6.3
2019-05-10,121.476,121.477,121.481,121.465,714973,7227666176.0,0.01,0.0,0.005,8.6
2019-05-13,121.484,121.492,121.494,121.484,594249,6008228352.0,0.01,0.01,0.015,7.15
2019-05-14,121.491,121.499,121.5,121.491,521957,5277617920.0,0.01,0.01,0.007,6.28
2019-05-15,121.502,121.504,121.507,121.499,490899,4963956480.0,0.01,0.0,0.005,5.91
2019-05-16,121.506,121.504,121.509,121.503,431748,4365903104.0,0.0,0.0,0.0,5.19
2019-05-17,121.519,121.534,121.558,121.517,546658,5529119232.0,0.03,0.02,0.03,6.58
2019-05-20,121.538,121.532,121.541,121.527,622768,6299125760.0,0.01,0.0,-0.002,7.49
2019-05-21,121.538,121.545,121.547,121.535,512463,5183919360.0,0.01,0.01,0.013,6.16
2019-05-22,121.551,121.547,121.556,121.545,558238,5647516672.0,0.01,0.0,0.002,6.72
2019-05-23,121.555,121.55,121.556,121.549,572835,5795268352.0,0.01,0.0,0.003,6.89
2019-05-24,121.566,121.567,121.569,121.56,519055,5251894016.0,0.01,0.01,0.017,6.24
2019-05-27,121.576,121.576,121.576,121.57,580417,5873201920.0,0.0,0.01,0.009,6.98
2019-05-28,121.578,121.588,121.589,121.576,609201,6164951296.0,0.01,0.01,0.012,7.33
2019-05-29,121.59,121.588,121.591,121.584,592432,5995642112.0,0.01,0.0,0.0,7.13
2019-05-30,121.592,121.604,121.605,121.591,588447,5955878912.0,0.01,0.01,0.016,7.08
2019-05-31,121.615,121.621,121.622,121.614,386681,3914538544.0,0.01,0.01,0.017,4.65
2019-06-03,121.622,121.628,121.634,121.621,521302,5277909248.0,0.01,0.01,0.007,6.27
2019-06-04,121.636,121.64,121.645,121.636,487030,4931450112.0,0.01,0.01,0.012,5.86
2019-06-05,121.647,121.643,121.652,121.639,626125,6340285184.0,0.01,0.0,0.003,7.53
2019-06-06,121.665,121.664,121.667,121.659,591696,5992632576.0,0.01,0.02,0.021,7.12
2019-06-10,121.669,121.675,121.676,121.668,466751,4727612672.0,0.01,0.01,0.011,5.61
2019-06-11,121.679,121.675,121.682,121.669,792534,8027690752.0,0.01,0.0,0.0,9.53
2019-06-12,121.677,121.687,121.688,121.676,586490,5940927488.0,0.01,0.01,0.012,7.06
2019-06-13,121.692,121.695,121.697,121.69,453751,4596897536.0,0.01,0.01,0.008,5.46
2019-06-14,121.709,121.717,121.722,121.706,560559,5680025600.0,0.01,0.02,0.022,6.74
2019-06-17,121.719,121.723,121.725,121.716,668053,6769855488.0,0.01,0.0,0.006,8.04
2019-06-18,121.728,121.729,121.73,121.725,511772,5186478080.0,0.0,0.0,0.006,6.16
2019-06-19,121.684,121.717,121.721,121.624,1003951,10172638208.0,0.08,-0.01,-0.012,12.08
2019-06-20,121.73,121.718,121.736,121.676,1059971,10740802816.0,0.05,0.0,0.001,12.75
2019-06-21,121.718,121.745,121.747,121.689,1062530,10767906816.0,0.05,0.02,0.027,12.78
2019-06-24,121.749,121.757,121.76,121.747,586115,5941445888.0,0.01,0.01,0.012,7.05
2019-06-25,121.768,121.773,121.774,121.763,666380,6756050432.0,0.01,0.01,0.016,8.02
2019-06-26,121.776,121.779,121.781,121.774,479448,4861278464.0,0.01,0.0,0.006,5.77
2019-06-27,121.781,121.775,121.783,121.768,667386,6766639872.0,0.01,0.0,-0.004,8.03
2019-06-28,121.789,121.797,121.802,121.789,651369,6605591296.0,0.01,0.02,0.022,7.84
2019-07-01,121.792,121.792,121.799,121.784,867176,8793991936.0,0.01,0.0,-0.005,10.43
2019-07-02,121.799,121.819,121.82,121.794,664326,6737879808.0,0.02,0.02,0.027,7.99
2019-07-03,121.827,121.838,121.846,121.827,615355,6242818560.0,0.02,0.02,0.019,7.4
2019-07-04,121.842,121.85,121.852,121.837,557544,5656843520.0,0.01,0.01,0.012,6.71
2019-07-05,121.855,121.869,121.87,121.854,540544,5485409024.0,0.01,0.02,0.019,6.5
2019-07-08,121.871,121.876,121.878,121.867,658268,6680611328.0,0.01,0.01,0.007,7.92
2019-07-09,121.879,121.873,121.88,121.869,587623,5963961600.0,0.01,0.0,-0.003,7.07
2019-07-10,121.878,121.879,121.88,121.875,455746,4625572096.0,0.0,0.0,0.006,5.48
2019-07-11,121.883,121.883,121.887,121.881,626954,6363608576.0,0.0,0.0,0.004,7.54
2019-07-12,121.896,121.895,121.899,121.893,562452,5709532672.0,0.0,0.01,0.012,6.77
2019-07-15,121.901,121.898,121.903,121.89,566780,5753671168.0,0.01,0.0,0.003,6.82
2019-07-16,121.906,121.909,121.911,121.905,646958,6568159232.0,0.0,0.01,0.011,7.78
2019-07-17,121.916,121.919,121.924,121.915,613711,6231240192.0,0.01,0.01,0.01,7.38
2019-07-18,121.926,121.929,121.93,121.925,565293,5740166656.0,0.0,0.01,0.01,6.8
2019-07-19,121.94,121.941,121.948,121.939,527449,5356671744.0,0.01,0.01,0.012,6.34
2019-07-22,121.944,121.942,121.947,121.94,711221,7223129344.0,0.01,0.0,0.001,8.56
2019-07-23,121.952,121.957,121.958,121.95,667432,6779090688.0,0.01,0.01,0.015,8.03
2019-07-24,121.961,121.961,121.962,121.955,622282,6320780288.0,0.01,0.0,0.004,7.49
2019-07-25,121.967,121.965,121.968,121.963,537325,5458229248.0,0.0,0.0,0.004,6.46
2019-07-26,121.979,121.984,121.988,121.976,647288,6576175104.0,0.01,0.02,0.019,7.79
2019-07-29,121.99,121.988,121.991,121.983,806229,8191529728.0,0.01,0.0,0.004,9.7
2019-07-30,121.995,121.991,121.996,121.986,745440,7574212864.0,0.01,0.0,0.003,8.97
2019-07-31,121.995,122.004,122.007,121.994,649445,6599440128.0,0.01,0.01,0.013,7.81
2019-08-01,122.01,122.015,122.016,122.003,707553,7190519808.0,0.01,0.01,0.011,8.51
2019-08-02,122.02,122.029,122.031,122.019,681860,6930535424.0,0.01,0.01,0.014,8.2
2019-08-05,122.032,122.037,122.04,122.031,671570,6826548224.0,0.01,0.01,0.008,8.08
2019-08-06,122.038,122.045,122.048,122.034,900660,9155589376.0,0.01,0.01,0.008,10.83
2019-08-07,122.045,122.055,122.057,122.044,662521,6735624448.0,0.01,0.01,0.01,7.97
2019-08-08,122.057,122.059,122.065,122.056,748008,7605497856.0,0.01,0.0,0.004,9.0
2019-08-09,122.073,122.079,122.082,122.07,661190,6723831296.0,0.01,0.02,0.02,7.95
2019-08-12,122.081,122.088,122.091,122.078,883512,8985285120.0,0.01,0.01,0.009,10.63
2019-08-13,122.091,122.094,122.099,122.091,630567,6413552384.0,0.01,0.0,0.006,7.59
2019-08-14,122.094,122.097,122.102,122.09,713081,7252766976.0,0.01,0.0,0.003,8.58
2019-08-15,122.103,122.098,122.105,122.096,693877,7057945856.0,0.01,0.0,0.001,8.35
2019-08-16,122.111,122.113,122.116,122.111,660416,6718295296.0,0.0,0.01,0.015,7.94
2019-08-19,122.115,122.108,122.123,122.107,800466,8143189248.0,0.01,0.0,-0.005,9.63
2019-08-20,122.107,122.12,122.124,122.107,758195,7713361920.0,0.01,0.01,0.012,9.12
2019-08-21,122.13,122.136,122.138,122.13,462848,4709528320.0,0.01,0.01,0.016,5.57
2019-08-22,122.142,122.148,122.15,122.141,675170,6870528768.0,0.01,0.01,0.012,8.12
2019-08-23,122.16,122.157,122.163,122.156,668538,6804122368.0,0.01,0.01,0.009,8.04
2019-08-26,122.156,122.166,122.168,122.154,707739,7203304448.0,0.01,0.01,0.009,8.51
2019-08-27,122.173,122.167,122.174,122.164,667336,6792464896.0,0.01,0.0,0.001,8.03
2019-08-28,122.178,122.176,122.18,122.173,642771,6542959104.0,0.01,0.01,0.009,7.73
2019-08-29,122.182,122.193,122.194,122.182,681076,6933508096.0,0.01,0.01,0.017,8.19
2019-08-30,122.201,122.21,122.216,122.2,580986,5915729152.0,0.01,0.01,0.017,6.99
2019-09-02,122.215,122.217,122.219,122.211,621844,6332373248.0,0.01,0.01,0.007,7.48
2019-09-03,122.223,122.225,122.227,122.221,452076,4603957504.0,0.0,0.01,0.008,5.44
2019-09-04,122.226,122.224,122.231,122.223,678425,6909339392.0,0.01,0.0,-0.001,8.16
2019-09-05,122.216,122.226,122.228,122.21,835850,8511775744.0,0.01,0.0,0.002,10.05
2019-09-06,122.238,122.248,122.252,122.235,724630,7380846080.0,0.01,0.02,0.022,8.72
2019-09-09,122.249,122.248,122.255,122.245,701976,7150827520.0,0.01,0.0,0.0,8.44
2019-09-10,122.256,122.258,122.259,122.253,590933,6019942656.0,0.0,0.01,0.01,7.11
2019-09-11,122.265,122.274,122.276,122.262,636083,6480604928.0,0.01,0.01,0.016,7.65
2019-09-12,122.29,122.304,122.307,122.289,509567,5193167872.0,0.01,0.02,0.03,6.13
2019-09-16,122.303,122.312,122.314,122.301,573123,5841333504.0,0.01,0.01,0.008,6.89
2019-09-17,122.317,122.336,122.337,122.315,598706,6103264000.0,0.02,0.02,0.024,7.2
2019-09-18,122.343,122.336,122.347,122.33,679471,6927522560.0,0.01,0.0,0.0,8.17
2019-09-19,122.336,122.327,122.338,122.324,565621,5766301440.0,0.01,-0.01,-0.009,6.8
2019-09-20,122.341,122.341,122.345,122.338,663171,6761503232.0,0.01,0.01,0.014,7.98
2019-09-23,122.346,122.343,122.349,122.34,621667,6338583040.0,0.01,0.0,0.002,7.48
2019-09-24,122.349,122.35,122.352,122.343,751643,7664038912.0,0.01,0.01,0.007,9.04
2019-09-25,122.357,122.367,122.37,122.355,628349,6407757056.0,0.01,0.01,0.017,7.56
2019-09-26,122.37,122.371,122.375,122.367,651869,6648190976.0,0.01,0.0,0.004,7.84
2019-09-27,122.384,122.398,122.4,122.378,604480,6165815296.0,0.02,0.02,0.027,7.27
2019-09-30,122.445,122.478,122.486,122.441,642393,6557188608.0,0.04,0.07,0.08,7.73
2019-10-08,122.457,122.478,122.48,122.456,627499,6405682944.0,0.02,0.0,0.0,7.55
2019-10-09,122.475,122.455,122.478,122.434,554900,5664813312.0,0.04,-0.02,-0.023,6.68
2019-10-10,122.464,122.462,122.469,122.46,599803,6122843136.0,0.01,0.01,0.007,7.22
2019-10-11,122.48,122.479,122.482,122.474,650954,6645895936.0,0.01,0.01,0.017,7.83
2019-10-14,122.478,122.482,122.483,122.474,744373,7599662592.0,0.01,0.0,0.003,8.95
2019-10-15,122.492,122.507,122.509,122.49,701483,7163153408.0,0.02,0.02,0.025,8.44
2019-10-16,122.508,122.515,122.518,122.507,550344,5620548096.0,0.01,0.01,0.008,6.62
2019-10-17,122.524,122.513,122.524,122.512,543400,5549844480.0,0.01,0.0,-0.002,6.54
2019-10-18,122.527,122.556,122.557,122.526,740907,7568388096.0,0.03,0.04,0.043,8.91
2019-10-21,122.547,122.55,122.556,122.543,854854,8733703680.0,0.01,0.0,-0.006,10.28
2019-10-22,122.55,122.55,122.555,122.546,589750,6025226496.0,0.01,0.0,0.0,7.09
2019-10-23,122.554,122.545,122.554,122.543,600686,6136990720.0,0.01,0.0,-0.005,7.23
2019-10-24,122.551,122.553,122.559,122.55,613566,6268864512.0,0.01,0.01,0.008,7.38
2019-10-25,122.571,122.56,122.573,122.559,554634,5667545856.0,0.01,0.01,0.007,6.67
2019-10-28,122.5,122.565,122.571,122.5,683232,6981224448.0,0.06,0.0,0.005,8.22
2019-10-29,122.574,122.581,122.583,122.568,692930,7081225216.0,0.01,0.01,0.016,8.34
2019-10-30,122.588,122.594,122.597,122.586,526047,5376663808.0,0.01,0.01,0.013,6.33
2019-10-31,122.599,122.605,122.608,122.599,672084,6869918976.0,0.01,0.01,0.011,8.08
2019-11-01,122.62,122.613,122.623,122.61,557015,5694553344.0,0.01,0.01,0.008,6.7
2019-11-04,122.622,122.619,122.623,122.614,619607,6334530048.0,0.01,0.0,0.006,7.45
2019-11-05,122.628,122.617,122.628,122.609,785583,8031438080.0,0.02,0.0,-0.002,9.45
2019-11-06,122.625,122.634,122.635,122.621,710837,7267958272.0,0.01,0.01,0.017,8.55
2019-11-07,122.642,122.642,122.643,122.637,681386,6967555584.0,0.0,0.01,0.008,8.2
2019-11-08,122.652,122.669,122.671,122.649,757654,7749062912.0,0.02,0.02,0.027,9.11
2019-11-11,122.674,122.689,122.697,122.673,693030,7089627648.0,0.02,0.02,0.02,8.34
2019-11-12,122.693,122.692,122.696,122.682,635147,6497897472.0,0.01,0.0,0.003,7.64
2019-11-13,122.694,122.689,122.694,122.683,601731,6155995904.0,0.01,0.0,-0.003,7.24
2019-11-14,122.694,122.692,122.696,122.687,609061,6231092224.0,0.01,0.0,0.003,7.33
2019-11-15,122.707,122.7,122.711,122.699,602902,6168973824.0,0.01,0.01,0.008,7.25
2019-11-18,122.709,122.712,122.714,122.704,647307,6623585280.0,0.01,0.01,0.012,7.79
2019-11-19,122.717,122.721,122.723,122.715,650125,6652973312.0,0.01,0.01,0.009,7.82
2019-11-20,122.725,122.732,122.736,122.723,601756,6158656512.0,0.01,0.01,0.011,7.24
2019-11-21,122.734,122.731,122.738,122.73,656619,6720612096.0,0.01,0.0,-0.001,7.9
2019-11-22,122.747,122.749,122.75,122.739,781675,8001266176.0,0.01,0.01,0.018,9.4
2019-11-25,122.753,122.754,122.757,122.748,772535,7908378880.0,0.01,0.0,0.005,9.29
2019-11-26,122.762,122.759,122.763,122.755,638317,6534692608.0,0.01,0.0,0.005,7.68
2019-11-27,122.766,122.794,122.799,122.764,823212,8429141504.0,0.03,0.03,0.035,9.9
2019-11-28,122.789,122.78,122.796,122.777,730829,7483716096.0,0.02,-0.01,-0.014,8.79
2019-11-29,122.798,122.803,122.806,122.792,678426,6947932160.0,0.01,0.02,0.023,8.16
2019-12-02,122.805,122.807,122.812,122.796,554223,5676485888.0,0.01,0.0,0.004,6.67
2019-12-03,122.813,122.812,122.819,122.811,666797,6830053632.0,0.01,0.0,0.005,8.02
2019-12-04,122.818,122.819,122.819,122.81,706900,7240824064.0,0.01,0.01,0.007,8.5
2019-12-05,122.824,122.817,122.824,122.815,830681,8509140224.0,0.01,0.0,-0.002,9.99
2019-12-06,122.825,122.83,122.833,122.825,703741,7209472768.0,0.01,0.01,0.013,8.47
2019-12-09,122.842,122.848,122.85,122.837,781746,8009759488.0,0.01,0.01,0.018,9.4
2019-12-10,122.851,122.849,122.855,122.842,664664,6810496512.0,0.01,0.0,0.001,8.0
2019-12-11,122.855,122.852,122.856,122.842,774929,7940252416.0,0.01,0.0,0.003,9.32
2019-12-12,122.858,122.863,122.865,122.851,704950,7223883008.0,0.01,0.01,0.011,8.48
2019-12-13,122.864,122.865,122.87,122.859,754403,7731159296.0,0.01,0.0,0.002,9.07
2019-12-16,122.868,122.884,122.888,122.867,909051,9317059840.0,0.02,0.02,0.019,10.94
2019-12-17,122.884,122.882,122.889,122.865,829663,8503762944.0,0.02,0.0,-0.002,9.98
2019-12-18,122.885,122.89,122.895,122.881,747683,7664008704.0,0.01,0.01,0.008,8.99
2019-12-19,122.894,122.906,122.912,122.892,623661,6393565184.0,0.02,0.01,0.016,7.5
2019-12-20,122.917,122.925,122.926,122.914,632813,6488692736.0,0.01,0.02,0.019,7.61
2019-12-23,122.927,122.943,122.948,122.92,831617,8528522496.0,0.02,0.01,0.018,10.0
2019-12-24,122.945,122.962,122.964,122.944,680751,6982162944.0,0.02,0.02,0.019,8.19
2019-12-25,122.962,122.968,122.97,122.957,1057653,10849038592.0,0.01,0.0,0.006,12.72
2019-12-26,122.968,122.959,122.968,122.955,743236,7623846656.0,0.01,-0.01,-0.009,8.94
2019-12-27,122.969,122.967,122.971,122.96,863614,8859228928.0,0.01,0.01,0.008,10.39
2019-12-30,122.97,122.948,122.973,122.94,934911,9589483776.0,0.03,-0.02,-0.019,11.25
2019-12-31,122.955,123.004,123.007,122.955,584269,5847287552.0,0.04,0.05,0.056,7.03
2020-01-02,123.009,123.016,123.019,123.001,707245,7080166912.0,0.01,0.01,0.012,8.51
2020-01-03,123.025,123.051,123.903,123.022,542982,5436875008.0,0.72,0.03,0.035,6.53
2020-01-06,123.05,123.055,123.059,123.042,655013,6559795968.0,0.01,0.0,0.004,7.88
2020-01-07,123.058,123.067,123.071,123.055,504406,5052154624.0,0.01,0.01,0.012,6.07
2020-01-08,123.07,123.079,123.08,123.068,467585,4683781888.0,0.01,0.01,0.012,5.62
2020-01-09,123.076,123.084,123.086,123.073,532310,5332450816.0,0.01,0.0,0.005,6.4
2020-01-10,123.09,123.104,123.106,123.09,419768,4205894080.0,0.01,0.02,0.02,5.05
2020-01-13,123.109,123.112,123.118,123.07,482930,4839360512.0,0.04,0.01,0.008,5.81
2020-01-14,123.114,123.127,123.128,123.107,441981,4429227008.0,0.02,0.01,0.015,5.32
2020-01-15,123.131,123.135,123.137,123.128,377867,3787382800.0,0.01,0.01,0.008,4.55
2020-01-16,123.133,123.137,123.141,123.132,442389,4434219776.0,0.01,0.0,0.002,5.32
2020-01-17,123.144,123.174,123.181,123.144,451517,4526742784.0,0.03,0.03,0.037,5.43
2020-01-20,123.165,123.163,123.179,123.16,562546,5640411136.0,0.02,-0.01,-0.011,6.77
2020-01-21,123.169,123.175,123.206,123.164,645088,6468471040.0,0.03,0.01,0.012,7.76
2020-01-22,123.174,123.205,123.232,123.172,749830,7519872512.0,0.05,0.02,0.03,9.02
2020-01-23,123.236,123.294,123.308,123.236,601375,6036473088.0,0.06,0.07,0.089,7.23
2020-02-03,123.214,123.256,123.262,123.168,849607,8522990848.0,0.08,-0.03,-0.038,10.22
2020-02-04,123.233,123.265,123.269,123.223,1085786,10895457792.0,0.04,0.01,0.009,13.06
2020-02-05,123.265,123.296,123.307,123.265,749026,7518940160.0,0.03,0.03,0.031,9.01
2020-02-06,123.298,123.305,123.312,123.293,820621,8238916096.0,0.02,0.01,0.009,9.87
2020-02-07,123.309,123.328,123.331,123.309,587795,5902339840.0,0.02,0.02,0.023,7.07
2020-02-10,123.33,123.323,123.335,123.311,619146,6217311488.0,0.02,0.0,-0.005,7.45
2020-02-11,123.317,123.313,123.322,123.304,601357,6038554112.0,0.01,-0.01,-0.01,7.23
2020-02-12,123.322,123.319,123.324,123.315,632359,6350021888.0,0.01,0.0,0.006,7.61
2020-02-13,123.325,123.327,123.329,123.32,629347,6320071936.0,0.01,0.01,0.008,7.57
2020-02-14,123.336,123.345,123.346,123.336,611606,6142815744.0,0.01,0.01,0.018,7.36
2020-02-17,123.349,123.337,123.352,123.32,775766,7791928832.0,0.03,-0.01,-0.008,9.33
2020-02-18,123.339,123.356,123.358,123.339,715116,7183083776.0,0.02,0.02,0.019,8.6
2020-02-19,123.364,123.371,123.373,123.359,650329,6533289728.0,0.01,0.01,0.015,7.82
2020-02-20,123.373,123.367,123.378,123.341,801475,8052371968.0,0.03,0.0,-0.004,9.64
2020-02-21,123.38,123.377,123.385,123.366,870683,8748005888.0,0.02,0.01,0.01,10.47
2020-02-24,123.384,123.396,123.398,123.384,770530,7742851072.0,0.01,0.02,0.019,9.27
2020-02-25,123.394,123.4,123.402,123.392,741384,7450441984.0,0.01,0.0,0.004,8.92
2020-02-26,123.403,123.424,123.425,123.402,737480,7412416000.0,0.02,0.02,0.024,8.87
2020-02-27,123.422,123.43,123.447,123.419,672581,6760942848.0,0.02,0.0,0.006,8.09
2020-02-28,123.429,123.483,123.502,123.428,701704,7055396608.0,0.06,0.04,0.053,8.44
2020-03-02,123.464,123.468,123.483,123.448,784134,7885159168.0,0.03,-0.01,-0.015,9.43
2020-03-03,123.452,123.472,123.477,123.452,821472,8260726272.0,0.02,0.0,0.004,9.88
2020-03-04,123.473,123.474,123.479,123.468,845981,8508118784.0,0.01,0.0,0.002,10.18
2020-03-05,123.47,123.474,123.477,123.46,1180149,11868247808.0,0.01,0.0,0.0,14.2
2020-03-06,123.483,123.497,123.501,123.482,801612,8063415040.0,0.02,0.02,0.023,9.64
2020-03-09,123.499,123.509,123.522,123.498,934644,9403097344.0,0.02,0.01,0.012,11.24
2020-03-10,123.503,123.489,123.506,123.479,1109906,11164416512.0,0.02,-0.02,-0.02,13.35
2020-03-11,123.493,123.514,123.518,123.492,952654,9584144128.0,0.02,0.02,0.025,11.46
2020-03-12,123.514,123.524,123.536,123.513,802499,8075023616.0,0.02,0.01,0.01,9.65
2020-03-13,123.52,123.528,123.53,123.508,893224,8987317504.0,0.02,0.0,0.004,10.74
2020-03-16,123.528,123.546,123.553,123.528,929617,9355348992.0,0.02,0.01,0.018,11.18
2020-03-17,123.539,123.554,123.558,123.533,946673,9527210496.0,0.02,0.01,0.008,11.39
2020-03-18,123.549,123.559,123.561,123.548,914513,9204844544.0,0.01,0.0,0.005,11.0
2020-03-19,123.559,123.563,123.566,123.554,1051217,10581276160.0,0.01,0.0,0.004,12.65
2020-03-20,123.563,123.582,123.587,123.562,850278,8560009472.0,0.02,0.02,0.019,10.23
2020-03-23,123.581,123.595,123.597,123.579,923202,9295483648.0,0.01,0.01,0.013,11.11
2020-03-24,123.582,123.584,123.593,123.581,878788,8847925504.0,0.01,-0.01,-0.011,10.57
2020-03-25,123.583,123.585,123.589,123.575,925290,9315831296.0,0.01,0.0,0.001,11.13
2020-03-26,123.592,123.587,123.596,123.583,913479,9197576192.0,0.01,0.0,0.002,10.99
2020-03-27,123.593,123.603,123.606,123.593,945918,9525198592.0,0.01,0.01,0.016,11.38
2020-03-30,123.606,123.601,123.611,123.595,948612,9552648192.0,0.01,0.0,-0.002,11.41
2020-03-31,123.605,123.611,123.612,123.598,755666,7609680384.0,0.01,0.01,0.01,9.09
2020-04-01,123.618,123.621,123.622,123.617,875426,8817005824.0,0.0,0.01,0.01,10.53
2020-04-02,123.623,123.622,123.629,123.619,850805,8569463296.0,0.01,0.0,0.001,10.23
2020-04-03,123.634,123.648,123.649,123.634,858329,8646650368.0,0.01,0.02,0.026,10.33
2020-04-07,123.643,123.649,123.651,123.642,976753,9840084480.0,0.01,0.0,0.001,11.75
2020-04-08,123.655,123.657,123.659,123.651,735023,7405510912.0,0.01,0.01,0.008,8.84
2020-04-09,123.658,123.664,123.667,123.657,739151,7447495680.0,0.01,0.01,0.007,8.89
2020-04-10,123.675,123.684,123.686,123.674,826440,8328506880.0,0.01,0.02,0.02,9.94
2020-04-13,123.684,123.689,123.69,123.682,739992,7457954048.0,0.01,0.0,0.005,8.9
2020-04-14,123.69,123.691,123.695,123.689,693629,6991008512.0,0.0,0.0,0.002,8.34
2020-04-15,123.695,123.69,123.696,123.688,707361,7129534976.0,0.01,0.0,-0.001,8.51
2020-04-16,123.694,123.694,123.696,123.69,761708,7677228032.0,0.0,0.0,0.004,9.16
2020-04-17,123.695,123.694,123.697,123.684,903845,9109897472.0,0.01,0.0,0.0,10.87
2020-04-20,123.7,123.704,123.705,123.7,690933,6964584448.0,0.0,0.01,0.01,8.31
2020-04-21,123.709,123.716,123.718,123.707,728520,7344137216.0,0.01,0.01,0.012,8.76
2020-04-22,123.718,123.722,123.724,123.717,653349,6586785792.0,0.01,0.0,0.006,7.86
2020-04-23,123.722,123.724,123.728,123.722,709525,7153568000.0,0.0,0.0,0.002,8.54
2020-04-24,123.732,123.737,123.74,123.732,664091,6696305408.0,0.01,0.01,0.013,7.99
2020-04-27,123.74,123.741,123.742,123.737,627603,6328495104.0,0.0,0.0,0.004,7.55
2020-04-28,123.743,123.745,123.745,123.74,679334,6850351360.0,0.0,0.0,0.004,8.17
2020-04-29,123.746,123.732,123.748,123.713,900608,9081468160.0,0.03,-0.01,-0.013,10.83
2020-04-30,123.758,123.748,123.77,123.726,1014940,10234362624.0,0.04,0.01,0.016,12.21
2020-05-06,123.734,123.755,123.761,123.717,1056252,10652263936.0,0.04,0.01,0.007,12.71
2020-05-07,123.755,123.767,123.772,123.755,863320,8707646464.0,0.01,0.01,0.012,10.39
2020-05-08,123.783,123.782,123.791,123.778,882179,8899342848.0,0.01,0.01,0.015,10.61
2020-05-11,123.786,123.791,123.795,123.784,791048,7980581888.0,0.01,0.01,0.009,9.52
2020-05-12,123.796,123.804,123.805,123.795,638734,6444624640.0,0.01,0.01,0.013,7.68
2020-05-13,123.806,123.81,123.812,123.805,581301,5865664768.0,0.01,0.0,0.006,6.99
2020-05-14,123.811,123.812,123.814,123.81,569508,5746861568.0,0.0,0.0,0.002,6.85
2020-05-15,123.817,123.822,123.823,123.814,802216,8095533568.0,0.01,0.01,0.01,9.65
2020-05-18,123.827,123.823,123.828,123.82,857726,8656173568.0,0.01,0.0,0.001,10.32
2020-05-19,123.823,123.826,123.829,123.808,833408,8410793472.0,0.02,0.0,0.003,10.03
2020-05-20,123.83,123.831,123.833,123.827,624172,6299607040.0,0.0,0.0,0.005,7.51
2020-05-21,123.835,123.835,123.836,123.833,667720,6739417856.0,0.0,0.0,0.004,8.03
2020-05-22,123.844,123.846,123.853,123.843,798991,8065418496.0,0.01,0.01,0.011,9.61
2020-05-25,123.849,123.852,123.855,123.849,686376,6928882688.0,0.0,0.0,0.006,8.26
2020-05-26,123.857,123.852,123.858,123.851,715828,7226351104.0,0.01,0.0,0.0,8.61
2020-05-27,123.857,123.856,123.86,123.854,724710,7316226560.0,0.0,0.0,0.004,8.72
2020-05-28,123.857,123.854,123.86,123.851,646637,6527944960.0,0.01,0.0,-0.002,7.78
2020-05-29,123.863,123.871,123.873,123.862,674901,6814194432.0,0.01,0.01,0.017,8.12
2020-06-01,123.874,123.869,123.875,123.863,1069827,10801563648.0,0.01,0.0,-0.002,12.87
2020-06-02,123.869,123.876,123.877,123.867,833471,8415532544.0,0.01,0.01,0.007,10.03
2020-06-03,123.876,123.884,123.885,123.876,842906,8511442688.0,0.01,0.01,0.008,10.14
2020-06-04,123.884,123.889,123.893,123.883,621567,6276902144.0,0.01,0.0,0.005,7.48
2020-06-05,123.898,123.908,123.91,123.898,634484,6408449792.0,0.01,0.02,0.019,7.63
2020-06-08,123.903,123.912,123.913,123.903,712419,7195858688.0,0.01,0.0,0.004,8.57
2020-06-09,123.913,123.914,123.916,123.911,649731,6562998784.0,0.0,0.0,0.002,7.82
2020-06-10,123.915,123.909,123.918,123.908,780460,7883459072.0,0.01,0.0,-0.005,9.39
2020-06-11,123.914,123.918,123.923,123.909,901724,9108524800.0,0.01,0.01,0.009,10.85
2020-06-12,123.925,123.932,123.933,123.916,1020266,10306795520.0,0.01,0.01,0.014,12.27
2020-06-15,123.929,123.942,123.944,123.928,805301,8136188672.0,0.01,0.01,0.01,9.69
2020-06-16,123.938,123.936,123.94,123.935,743737,7514312448.0,0.0,0.0,-0.006,8.95
2020-06-17,123.938,123.938,123.941,123.936,815309,8237517824.0,0.0,0.0,0.002,9.81
2020-06-18,123.942,123.947,123.951,123.941,800730,8090674432.0,0.01,0.01,0.009,9.63
2020-06-19,123.957,123.93,123.963,123.903,1169135,11813565952.0,0.05,-0.01,-0.017,14.06
2020-06-22,123.93,123.944,123.952,123.93,1167725,11798326272.0,0.02,0.01,0.014,14.05
2020-06-23,123.947,123.947,123.953,123.932,938458,9482051584.0,0.02,0.0,0.003,11.29
2020-06-24,123.967,123.984,123.992,123.96,1010246,10210510336.0,0.03,0.03,0.037,12.15
2020-06-29,123.984,123.97,123.984,123.961,1106094,11178745856.0,0.02,-0.01,-0.014,13.31
2020-06-30,123.969,123.975,123.981,123.95,1146065,11582001152.0,0.03,0.0,0.005,13.79
2020-07-01,123.979,123.994,123.996,123.976,1032816,10439728640.0,0.02,0.02,0.019,12.42
2020-07-02,123.988,123.988,123.993,123.961,1078843,10904818944.0,0.03,0.0,-0.006,12.98
2020-07-03,123.985,124.006,124.023,123.954,1141578,11538626816.0,0.06,0.01,0.018,13.73
2020-07-06,123.973,123.981,123.994,123.955,1404120,14192180992.0,0.03,-0.02,-0.025,16.89
2020-07-07,123.956,124.03,124.032,123.953,1211465,12246660864.0,0.06,0.04,0.049,14.57
2020-07-08,124.023,124.054,124.062,124.003,1008408,10198410496.0,0.05,0.02,0.024,12.13
2020-07-09,124.043,124.06,124.063,124.033,840098,8497175552.0,0.02,0.0,0.006,10.11
2020-07-10,124.051,124.111,124.113,124.051,726687,7351564800.0,0.05,0.04,0.051,8.74
2020-07-13,124.061,124.097,124.103,124.054,854064,8640452608.0,0.04,-0.01,-0.014,10.27
2020-07-14,124.07,124.144,124.153,124.07,921419,9323977984.0,0.07,0.04,0.047,11.08
2020-07-15,124.143,124.185,124.191,124.099,764292,7738151424.0,0.07,0.03,0.041,9.19
2020-07-16,124.123,124.162,124.203,124.12,1029697,10425303552.0,0.07,-0.02,-0.023,12.39
2020-07-17,124.143,124.139,124.153,124.106,1262088,12775739136.0,0.04,-0.02,-0.023,15.18
2020-07-20,124.128,124.102,124.128,124.094,1130725,11443937280.0,0.03,-0.03,-0.037,13.6
2020-07-21,124.095,124.113,124.116,124.094,1056824,10695260928.0,0.02,0.01,0.011,12.71
2020-07-22,124.11,124.099,124.113,124.094,1150356,11641788928.0,0.02,-0.01,-0.014,13.84
2020-07-23,124.107,124.116,124.118,124.095,1038408,10509306880.0,0.02,0.01,0.017,12.49
2020-07-24,124.123,124.132,124.147,124.118,998572,10108436224.0,0.02,0.01,0.016,12.01
2020-07-27,124.124,124.134,124.142,124.119,961512,9733302272.0,0.02,0.0,0.002,11.57
2020-07-28,124.134,124.133,124.139,124.128,917984,9292861440.0,0.01,0.0,-0.001,11.04
2020-07-29,124.138,124.117,124.138,124.112,1293702,13095027968.0,0.02,-0.01,-0.016,15.56
2020-07-30,124.112,124.136,124.141,124.112,977383,9893656064.0,0.02,0.02,0.019,11.76
2020-07-31,124.149,124.144,124.151,124.123,1207264,12221937152.0,0.02,0.01,0.008,14.52
2020-08-03,124.143,124.146,124.15,124.141,1109462,11232381440.0,0.01,0.0,0.002,13.35
2020-08-04,124.149,124.169,124.201,124.147,936172,9479104768.0,0.04,0.02,0.023,11.26
2020-08-05,124.173,124.167,124.174,124.162,828821,8392966144.0,0.01,0.0,-0.002,9.97
2020-08-06,124.172,124.186,124.19,124.167,897830,9092344576.0,0.02,0.02,0.019,10.8
2020-08-07,124.198,124.188,124.402,124.183,925631,9375605504.0,0.18,0.0,0.002,11.13
2020-08-10,124.19,124.194,124.195,124.183,831954,8426426624.0,0.01,0.0,0.006,10.01
2020-08-11,124.193,124.2,124.212,124.189,900468,9121285888.0,0.02,0.0,0.006,10.83
2020-08-12,124.202,124.199,124.211,124.197,785629,7958571008.0,0.01,0.0,-0.001,9.45
2020-08-13,124.204,124.211,124.215,124.201,671729,6804858880.0,0.01,0.01,0.012,8.08
2020-08-14,124.215,124.204,124.22,124.199,818862,8295760384.0,0.02,-0.01,-0.007,9.85
2020-08-17,124.203,124.208,124.211,124.2,1172136,11874045440.0,0.01,0.0,0.004,14.1
2020-08-18,124.213,124.218,124.22,124.207,798098,8085431296.0,0.01,0.01,0.01,9.6
2020-08-19,124.223,124.227,124.233,124.219,820945,8317951488.0,0.01,0.01,0.009,9.88
2020-08-20,124.218,124.246,124.25,124.218,830773,8418193408.0,0.03,0.02,0.019,9.99
2020-08-21,124.247,124.255,124.26,124.245,786339,7969311232.0,0.01,0.01,0.009,9.46
2020-08-24,124.256,124.254,124.259,124.249,811708,8226627584.0,0.01,0.0,-0.001,9.76
2020-08-25,124.255,124.262,124.266,124.253,808288,8192256768.0,0.01,0.01,0.008,9.72
2020-08-26,124.265,124.276,124.279,124.261,852768,8643978752.0,0.01,0.01,0.014,10.26
2020-08-27,124.279,124.272,124.292,124.269,1014397,10283562496.0,0.02,0.0,-0.004,12.2
2020-08-28,124.278,124.263,124.282,124.251,1080286,10950690048.0,0.02,-0.01,-0.009,13.0
2020-08-31,124.272,124.278,124.286,124.251,1202164,12186043136.0,0.03,0.01,0.015,14.46
2020-09-01,124.286,124.292,124.293,124.281,794542,8055431936.0,0.01,0.01,0.014,9.56
2020-09-02,124.293,124.31,124.316,124.291,868130,8802611968.0,0.02,0.01,0.018,10.44
2020-09-03,124.312,124.303,124.319,124.298,857758,8698341376.0,0.02,-0.01,-0.007,10.32
2020-09-04,124.315,124.309,124.317,124.303,1029179,10436720128.0,0.01,0.0,0.006,12.38
2020-09-07,124.314,124.331,124.332,124.314,832181,8439926016.0,0.01,0.02,0.022,10.01
2020-09-08,124.327,124.327,124.333,124.323,987356,10014233344.0,0.01,0.0,-0.004,11.88
2020-09-09,124.336,124.332,124.343,124.328,822993,8347708672.0,0.01,0.0,0.005,9.9
2020-09-10,124.338,124.345,124.346,124.333,885042,8977620224.0,0.01,0.01,0.013,10.65
2020-09-11,124.353,124.359,124.36,124.343,898383,9114009600.0,0.01,0.01,0.014,10.81
2020-09-14,124.356,124.37,124.374,124.355,711515,7218988288.0,0.02,0.01,0.011,8.56
2020-09-15,124.374,124.372,124.381,124.37,859061,8717035008.0,0.01,0.0,0.002,10.33
2020-09-16,124.373,124.374,124.376,124.371,667791,6776121344.0,0.0,0.0,0.002,8.03
2020-09-17,124.376,124.377,124.379,124.361,853213,8657652736.0,0.01,0.0,0.003,10.26
2020-09-18,124.383,124.38,124.386,124.371,1070175,10859928832.0,0.01,0.0,0.003,12.87
2020-09-21,124.383,124.393,124.395,124.38,926799,9405574400.0,0.01,0.01,0.013,11.15
2020-09-22,124.399,124.419,124.421,124.388,1067032,10829959936.0,0.03,0.02,0.026,12.84
2020-09-23,124.408,124.427,124.443,124.407,912247,9261066752.0,0.03,0.01,0.008,10.97
2020-09-24,124.427,124.423,124.434,124.416,1048874,10648206848.0,0.01,0.0,-0.004,12.62
2020-09-25,124.431,124.437,124.446,124.42,1264120,12834375168.0,0.02,0.01,0.014,15.21
2020-09-28,124.438,124.446,124.448,124.432,1291822,13116885504.0,0.01,0.01,0.009,15.54
2020-09-29,124.446,124.462,124.474,124.44,1137731,11553486080.0,0.03,0.01,0.016,13.69
2020-09-30,124.493,124.524,124.541,124.484,1200997,12203116288.0,0.05,0.05,0.062,14.45
2020-10-09,124.511,124.527,124.535,124.493,1267736,12880746752.0,0.03,0.0,0.003,15.25
2020-10-12,124.521,124.519,124.526,124.516,1342051,13637494528.0,0.01,-0.01,-0.008,16.14
2020-10-13,124.521,124.518,124.526,124.514,999767,10159645952.0,0.01,0.0,-0.001,12.03
2020-10-14,124.528,124.538,124.54,124.525,1076428,10939568640.0,0.01,0.02,0.02,12.95
2020-10-15,124.538,124.539,124.542,124.535,868085,8822867712.0,0.01,0.0,0.001,10.44
2020-10-16,124.553,124.565,124.571,124.547,1011446,10281929728.0,0.02,0.02,0.026,12.17
2020-10-19,124.571,124.575,124.582,124.565,1012613,10295125760.0,0.01,0.01,0.01,12.18
2020-10-20,124.583,124.58,124.588,124.572,1009344,10262679040.0,0.01,0.0,0.005,12.14
2020-10-21,124.582,124.583,124.592,124.577,1050098,10677180160.0,0.01,0.0,0.003,12.63
2020-10-22,124.593,124.584,124.593,124.581,985277,10018579456.0,0.01,0.0,0.001,11.85
2020-10-23,124.594,124.585,124.599,124.58,1052444,10702388736.0,0.02,0.0,0.001,12.66
2020-10-26,124.599,124.592,124.601,124.589,1083885,11022252032.0,0.01,0.01,0.007,13.04
2020-10-27,124.598,124.598,124.602,124.593,1000821,10177822208.0,0.01,0.0,0.006,12.04
2020-10-28,124.611,124.604,124.611,124.598,1034652,10522275328.0,0.01,0.0,0.006,12.45
2020-10-29,124.604,124.614,124.616,124.596,1332104,13547439104.0,0.02,0.01,0.01,16.02
2020-10-30,124.626,124.637,124.647,124.622,1154040,11739820032.0,0.02,0.02,0.023,13.88
2020-11-02,124.645,124.666,124.669,124.642,989276,10065760000.0,0.02,0.02,0.029,11.9
2020-11-03,124.665,124.655,124.665,124.648,1172913,11934423808.0,0.01,-0.01,-0.011,14.11
2020-11-04,124.658,124.684,124.691,124.655,1192802,12138470400.0,0.03,0.02,0.029,14.35
2020-11-05,124.671,124.677,124.681,124.657,1311346,13345573120.0,0.02,-0.01,-0.007,15.77
2020-11-06,124.698,124.703,124.707,124.683,1100945,11206474240.0,0.02,0.02,0.026,13.24
2020-11-09,124.694,124.692,124.698,124.682,1636312,16655611136.0,0.01,-0.01,-0.011,19.68
2020-11-10,124.688,124.717,124.726,124.686,1567833,15960443904.0,0.03,0.02,0.025,18.86
2020-11-11,124.713,124.738,124.739,124.711,1163934,11851780352.0,0.02,0.02,0.021,14.0
2020-11-12,124.743,124.754,124.756,124.726,1053168,10725487360.0,0.02,0.01,0.016,12.67
2020-11-13,124.753,124.744,124.762,124.742,1233995,12568343296.0,0.02,-0.01,-0.01,14.84
2020-11-16,124.744,124.728,124.748,124.718,1141829,11628189440.0,0.02,-0.01,-0.016,13.74
2020-11-17,124.74,124.743,124.749,124.735,1312862,13370328320.0,0.01,0.01,0.015,15.79
2020-11-18,124.744,124.744,124.75,124.739,1235418,12581633024.0,0.01,0.0,0.001,14.86
2020-11-19,124.75,124.741,124.755,124.738,1187718,12096327936.0,0.01,0.0,-0.003,14.29
2020-11-20,124.758,124.753,124.761,124.75,1211756,12342172416.0,0.01,0.01,0.012,14.58
2020-11-23,124.761,124.762,124.766,124.753,1400005,14260206848.0,0.01,0.01,0.009,16.84
2020-11-24,124.769,124.771,124.772,124.764,1265939,12895446016.0,0.01,0.01,0.009,15.23
2020-11-25,124.774,124.786,124.793,124.772,1476275,15039949824.0,0.02,0.01,0.015,17.76
2020-11-26,124.79,124.787,124.792,124.781,1301021,13255396352.0,0.01,0.0,0.001,15.65
2020-11-27,124.798,124.799,124.809,124.784,1326000,13511994368.0,0.02,0.01,0.012,15.95
2020-11-30,124.809,124.816,124.817,124.763,1674431,17062406144.0,0.04,0.01,0.017,20.14
2020-12-01,124.818,124.815,124.821,124.814,1518203,15472663808.0,0.01,0.0,-0.001,18.26
2020-12-02,124.816,124.823,124.827,124.816,1381487,14079830784.0,0.01,0.01,0.008,16.62
2020-12-03,124.829,124.836,124.838,124.823,1578313,16087361536.0,0.01,0.01,0.013,18.99
2020-12-04,124.849,124.863,124.88,124.844,1284079,13091700736.0,0.03,0.02,0.027,15.45
2020-12-07,124.863,124.869,124.874,124.86,1388669,14159290112.0,0.01,0.0,0.006,16.7
2020-12-08,124.869,124.872,124.88,124.868,1279393,13045905408.0,0.01,0.0,0.003,15.39
2020-12-09,124.879,124.873,124.879,124.869,1386940,14142790656.0,0.01,0.0,0.001,16.68
2020-12-10,124.881,124.876,124.882,124.874,1210713,12346327808.0,0.01,0.0,0.003,14.56
2020-12-11,124.894,124.897,124.9,124.884,1311641,13377399552.0,0.01,0.02,0.021,15.78
2020-12-14,124.904,124.906,124.91,124.902,1177341,12009270016.0,0.01,0.01,0.009,14.16
2020-12-15,124.909,124.917,124.92,124.907,1383690,14114978304.0,0.01,0.01,0.011,16.64
2020-12-16,124.92,124.921,124.923,124.918,1314398,13409185024.0,0.0,0.0,0.004,15.81
2020-12-17,124.925,124.893,124.926,124.884,1700885,17349412608.0,0.03,-0.02,-0.028,20.46
2020-12-18,124.903,124.919,124.924,124.88,1454809,14839602944.0,0.04,0.02,0.026,17.5
2020-12-21,124.935,124.926,124.937,124.909,1400046,14283211776.0,0.02,0.01,0.007,16.84
2020-12-22,124.926,124.953,124.961,124.916,1545628,15771690752.0,0.04,0.02,0.027,18.59
2020-12-23,124.955,124.962,124.966,124.948,1520495,15517537280.0,0.01,0.01,0.009,18.29
2020-12-24,124.964,124.98,124.986,124.957,1425186,14546280192.0,0.02,0.01,0.018,17.14
2020-12-25,124.993,124.984,124.993,124.975,1127330,11507881472.0,0.01,0.0,0.004,13.56
2020-12-28,124.99,124.993,125.001,124.976,1528428,15602951424.0,0.02,0.01,0.009,18.39
2020-12-29,124.99,125.007,125.011,124.987,1387362,14163961600.0,0.02,0.01,0.014,16.69
2020-12-30,125.012,125.001,125.016,124.986,1397073,14263568128.0,0.02,0.0,-0.006,16.81
2020-12-31,125.037,125.053,125.056,125.021,1244049,12455094784.0,0.03,0.04,0.052,14.97
2021-01-04,125.054,125.062,125.063,125.045,1130227,11317587712.0,0.01,0.01,0.009,13.6
2021-01-05,125.067,125.078,125.083,125.059,1158491,11602632960.0,0.02,0.01,0.016,13.94
2021-01-06,125.078,125.119,125.12,125.074,941343,9429893376.0,0.04,0.03,0.041,11.32
2021-01-07,125.116,125.141,125.142,125.109,824072,8258134272.0,0.03,0.02,0.022,9.91
2021-01-08,125.128,125.135,125.137,125.094,1226735,12291471872.0,0.03,0.0,-0.006,14.76
2021-01-11,125.129,125.129,125.14,125.112,987182,9892033792.0,0.02,0.0,-0.006,11.88
2021-01-12,125.126,125.146,125.166,125.117,970497,9725446400.0,0.04,0.01,0.017,11.67
2021-01-13,125.133,125.128,125.147,125.125,1151123,11536034048.0,0.02,-0.01,-0.018,13.85
2021-01-14,125.128,125.127,125.133,125.125,1221455,12240380672.0,0.01,0.0,-0.001,14.69
2021-01-15,125.129,125.146,125.148,125.128,1268022,12708083456.0,0.02,0.02,0.019,15.25
2021-01-18,125.147,125.157,125.158,125.144,1423615,14269449216.0,0.01,0.01,0.011,17.13
2021-01-19,125.157,125.154,125.16,125.152,1115794,11184507136.0,0.01,0.0,-0.003,13.42
2021-01-20,125.162,125.163,125.169,125.159,1052860,10554475008.0,0.01,0.01,0.009,12.67
2021-01-21,125.168,125.164,125.168,125.156,1443304,14468315648.0,0.01,0.0,0.001,17.36
2021-01-22,125.178,125.187,125.19,125.177,863500,8658054144.0,0.01,0.02,0.023,10.39
2021-01-25,125.192,125.191,125.194,125.186,1156394,11595387392.0,0.01,0.0,0.004,13.91
2021-01-26,125.196,125.194,125.198,125.183,1129520,11326269952.0,0.01,0.0,0.003,13.59
2021-01-27,125.199,125.197,125.202,125.19,1021112,10239513600.0,0.01,0.0,0.003,12.28
2021-01-28,125.193,125.193,125.202,125.189,1321368,13250298880.0,0.01,0.0,-0.004,15.9
2021-01-29,125.211,125.223,125.225,125.189,1334360,13381545728.0,0.03,0.02,0.03,16.05
2021-02-01,125.228,125.232,125.234,125.221,1042306,10455330560.0,0.01,0.01,0.009,12.54
2021-02-02,125.237,125.245,125.249,125.233,1094791,10983213568.0,0.01,0.01,0.013,13.17
2021-02-03,125.251,125.267,125.274,125.247,911134,9142396928.0,0.02,0.02,0.022,10.96
2021-02-04,125.264,125.27,125.273,125.263,1067077,10708219392.0,0.01,0.0,0.003,12.84
2021-02-05,125.278,125.298,125.302,125.272,1328396,13332433920.0,0.02,0.02,0.028,15.98
2021-02-08,125.297,125.295,125.309,125.291,1176596,11810723072.0,0.01,0.0,-0.003,14.15
2021-02-09,125.298,125.317,125.323,125.291,1182170,11867674368.0,0.03,0.02,0.022,14.22
2021-02-10,125.329,125.367,125.388,125.328,1125128,11301942272.0,0.05,0.04,0.05,13.53
2021-02-18,125.351,125.363,125.366,125.345,1783288,17910462720.0,0.02,0.0,-0.004,21.45
2021-02-19,125.366,125.379,125.391,125.364,1325354,13314436352.0,0.02,0.01,0.016,15.94
2021-02-22,125.378,125.382,125.386,125.378,1246249,12520402688.0,0.01,0.0,0.003,14.99
2021-02-23,125.387,125.406,125.41,125.384,1270371,12763806464.0,0.02,0.02,0.024,15.28
2021-02-24,125.405,125.406,125.42,125.396,1227223,12332329728.0,0.02,0.0,0.0,14.76
2021-02-25,125.409,125.415,125.418,125.403,1187744,11935673088.0,0.01,0.01,0.009,14.29
2021-02-26,125.421,125.424,125.437,125.415,1234221,12404868864.0,0.02,0.01,0.009,14.85
2021-03-01,125.425,125.436,125.442,125.422,1135787,11415738368.0,0.02,0.01,0.012,13.66
2021-03-02,125.435,125.451,125.455,125.433,1264075,12707152384.0,0.02,0.01,0.015,15.21
2021-03-03,125.451,125.465,125.466,125.45,1270523,12773824768.0,0.01,0.01,0.014,15.28
2021-03-04,125.469,125.439,125.47,125.431,1376757,13842263552.0,0.03,-0.02,-0.026,16.56
2021-03-05,125.459,125.462,125.466,125.455,1386595,13941188096.0,0.01,0.02,0.023,16.68
2021-03-08,125.463,125.468,125.474,125.463,1327539,13348460288.0,0.01,0.0,0.006,15.97
2021-03-09,125.469,125.469,125.472,125.439,1832506,18424934912.0,0.03,0.0,0.001,22.04
2021-03-10,125.472,125.479,125.482,125.452,1700483,17098632960.0,0.02,0.01,0.01,20.46
2021-03-11,125.479,125.486,125.487,125.475,1460573,14688335616.0,0.01,0.01,0.007,17.57
2021-03-12,125.492,125.505,125.508,125.492,1076416,10826829312.0,0.01,0.02,0.019,12.95
2021-03-15,125.505,125.536,125.539,125.503,1104807,11113596416.0,0.03,0.02,0.031,13.29
2021-03-16,125.526,125.524,125.538,125.518,1080779,10873454848.0,0.02,-0.01,-0.012,13.0
2021-03-17,125.526,125.518,125.527,125.512,1200180,12073661952.0,0.01,0.0,-0.006,14.44
2021-03-18,125.521,125.517,125.525,125.508,1281524,12892234240.0,0.01,0.0,-0.001,15.42
2021-03-19,125.53,125.534,125.543,125.528,1196494,12038757632.0,0.01,0.01,0.017,14.39
2021-03-22,125.541,125.545,125.55,125.539,1401408,14101954560.0,0.01,0.01,0.011,16.86
2021-03-23,125.551,125.553,125.555,125.549,1264385,12724091136.0,0.0,0.01,0.008,15.21
2021-03-24,125.556,125.559,125.563,125.554,1266417,12745277440.0,0.01,0.0,0.006,15.23
2021-03-25,125.562,125.561,125.564,125.554,1279975,12881925888.0,0.01,0.0,0.002,15.4
2021-03-26,125.572,125.569,125.576,125.438,1297339,13057805312.0,0.11,0.01,0.008,15.61
2021-03-29,125.579,125.576,125.581,125.567,1627235,16379214336.0,0.01,0.01,0.007,19.57
2021-03-30,125.579,125.576,125.583,125.571,1661533,16725440512.0,0.01,0.0,0.0,19.99
2021-03-31,125.582,125.6,125.602,125.58,1265468,12739803904.0,0.02,0.02,0.024,15.22
2021-04-01,125.6,125.608,125.611,125.599,1171433,11794944768.0,0.01,0.01,0.008,14.09
2021-04-02,125.624,125.626,125.629,125.618,1339086,13485389824.0,0.01,0.01,0.018,16.11
2021-04-06,125.632,125.634,125.636,125.626,1504508,15152548096.0,0.01,0.01,0.008,18.1
2021-04-07,125.637,125.643,125.645,125.637,1600086,16116599296.0,0.01,0.01,0.009,19.25
2021-04-08,125.648,125.643,125.648,125.641,1326205,13358542336.0,0.01,0.0,0.0,15.95
2021-04-09,125.656,125.663,125.666,125.655,1173277,11819883264.0,0.01,0.02,0.02,14.11
2021-04-12,125.669,125.675,125.685,125.667,1685069,16977613568.0,0.01,0.01,0.012,20.27
2021-04-13,125.678,125.68,125.681,125.677,1291016,13008338688.0,0.0,0.0,0.005,15.53
2021-04-14,125.682,125.685,125.687,125.68,1303475,13134401024.0,0.01,0.0,0.005,15.68
2021-04-15,125.686,125.697,125.7,125.686,1284082,12939805696.0,0.01,0.01,0.012,15.45
2021-04-16,125.703,125.701,125.705,125.7,1028063,10361319680.0,0.0,0.0,0.004,12.37
2021-04-19,125.707,125.7,125.709,125.697,1383553,13943949312.0,0.01,0.0,-0.001,16.64
2021-04-20,125.7,125.714,125.716,125.699,2331823,23501621504.0,0.01,0.01,0.014,28.05
2021-04-21,125.716,125.718,125.722,125.715,1115834,11247644416.0,0.01,0.0,0.004,13.42
2021-04-22,125.72,125.725,125.726,125.72,1076330,10849824256.0,0.0,0.01,0.007,12.95
2021-04-23,125.737,125.739,125.743,125.735,888225,8955200000.0,0.01,0.01,0.014,10.68
2021-04-26,125.736,125.74,125.742,125.733,1226182,12362309888.0,0.01,0.0,0.001,14.75
2021-04-27,125.743,125.746,125.75,125.741,1231732,12419079936.0,0.01,0.0,0.006,14.82
2021-04-28,125.749,125.75,125.756,125.747,1195303,12052515072.0,0.01,0.0,0.004,14.38
2021-04-29,125.753,125.775,125.776,125.751,1368899,13804139520.0,0.02,0.02,0.025,16.47
2021-04-30,125.788,125.797,125.802,125.788,1406041,14183741696.0,0.01,0.02,0.022,16.91
2021-05-06,125.799,125.794,125.8,125.791,1547459,15610317312.0,0.01,0.0,-0.003,18.61
2021-05-07,125.808,125.814,125.816,125.805,1074601,10842134272.0,0.01,0.02,0.02,12.93
2021-05-10,125.818,125.824,125.825,125.818,1461129,14743500800.0,0.01,0.01,0.01,17.58
2021-05-11,125.829,125.835,125.837,125.829,1745132,17610838272.0,0.01,0.01,0.011,20.99
2021-05-12,125.833,125.839,125.84,125.832,1367064,13796083968.0,0.01,0.0,0.004,16.44
2021-05-13,125.843,125.841,125.845,125.84,1246725,12582609920.0,0.0,0.0,0.002,15.0
2021-05-14,125.854,125.827,125.856,125.823,1456256,14698325248.0,0.03,-0.01,-0.014,17.52
2021-05-17,125.852,125.848,125.853,125.828,1520446,15345217536.0,0.02,0.02,0.021,18.29
2021-05-18,125.852,125.866,125.867,125.846,1817825,18349171200.0,0.02,0.01,0.018,21.87
2021-05-19,125.873,125.874,125.876,125.869,1892566,19106446592.0,0.01,0.01,0.008,22.77
2021-05-20,125.88,125.872,125.881,125.868,1005374,10149859328.0,0.01,0.0,-0.002,12.09
2021-05-21,125.878,125.89,125.892,125.874,1340912,13538244352.0,0.01,0.01,0.018,16.13
2021-05-24,125.892,125.902,125.903,125.888,1117746,11286659584.0,0.01,0.01,0.012,13.45
2021-05-25,125.903,125.883,125.904,125.866,1425594,14394216448.0,0.03,-0.02,-0.019,17.15
2021-05-26,125.878,125.907,125.909,125.877,1101941,11127190272.0,0.03,0.02,0.024,13.26
2021-05-27,125.909,125.904,125.911,125.899,1068661,10792199168.0,0.01,0.0,-0.003,12.86
2021-05-28,125.918,125.924,125.928,125.911,1055402,10659433472.0,0.01,0.02,0.02,12.7
2021-05-31,125.925,125.924,125.93,125.921,886606,8955368704.0,0.01,0.0,0.0,10.67
2021-06-01,125.929,125.935,125.941,125.926,1238725,12512990464.0,0.01,0.01,0.011,14.9
2021-06-02,125.938,125.945,125.948,125.933,1602609,16190176512.0,0.01,0.01,0.01,19.28
2021-06-03,125.945,125.95,125.957,125.943,1249044,12618900992.0,0.01,0.0,0.005,15.03
2021-06-04,125.958,125.971,125.975,125.958,1240994,12539673600.0,0.01,0.02,0.021,14.93
2021-06-07,125.971,125.979,125.981,125.969,1279201,12927149056.0,0.01,0.01,0.008,15.39
2021-06-08,125.981,125.99,125.995,125.979,1205473,12183193856.0,0.01,0.01,0.011,14.5
2021-06-09,125.987,125.983,125.988,125.98,1169589,11820489216.0,0.01,-0.01,-0.007,14.07
2021-06-10,125.983,125.985,125.987,125.974,1501087,15170897920.0,0.01,0.0,0.002,18.06
2021-06-11,125.998,126.003,126.007,125.994,1522692,15391591936.0,0.01,0.01,0.018,18.32
2021-06-15,126.005,126.018,126.02,126.005,1416709,14321865216.0,0.01,0.01,0.015,17.04
2021-06-16,126.019,126.033,126.035,126.015,1483944,15003079680.0,0.02,0.01,0.015,17.85
2021-06-17,126.025,126.05,126.06,126.025,1409103,14248455168.0,0.03,0.01,0.017,16.95
2021-06-18,126.045,126.052,126.066,126.044,1149954,11629862912.0,0.02,0.0,0.002,13.83
2021-06-21,126.051,126.05,126.054,126.049,1264310,12786362880.0,0.0,0.0,-0.002,15.21
2021-06-22,126.053,126.052,126.057,126.05,1090238,11026141440.0,0.01,0.0,0.002,13.11
2021-06-23,126.054,126.058,126.061,126.053,1127469,11403077632.0,0.01,0.0,0.006,13.56
2021-06-24,126.061,126.069,126.071,126.06,1210069,12239555328.0,0.01,0.01,0.011,14.56
2021-06-25,126.078,126.08,126.085,126.072,1313953,13292205824.0,0.01,0.01,0.011,15.81
2021-06-28,126.081,126.074,126.089,126.068,1464568,14816256512.0,0.02,0.0,-0.006,17.62
2021-06-29,126.079,126.096,126.097,126.077,1953493,19762811392.0,0.02,0.02,0.022,23.5
2021-06-30,126.102,126.11,126.113,126.092,2122683,21477978368.0,0.02,0.01,0.014,25.53
2021-07-01,126.112,126.142,126.148,126.109,998846,10108379136.0,0.03,0.03,0.032,12.02
2021-07-02,126.144,126.14,126.147,126.134,1008171,10205145600.0,0.01,0.0,-0.002,12.13
2021-07-05,126.141,126.148,126.15,126.137,1010035,10224104704.0,0.01,0.01,0.008,12.15
2021-07-06,126.148,126.152,126.153,126.144,1072044,10852248576.0,0.01,0.0,0.004,12.9
2021-07-07,126.149,126.154,126.158,126.148,1039422,10522474240.0,0.01,0.0,0.002,12.5
2021-07-08,126.155,126.163,126.168,126.154,1040712,10536368896.0,0.01,0.01,0.009,12.52
2021-07-09,126.171,126.176,126.179,126.168,1054846,10680924160.0,0.01,0.01,0.013,12.69
2021-07-12,126.177,126.179,126.184,126.174,1160951,11755840768.0,0.01,0.0,0.003,13.97
2021-07-13,126.182,126.188,126.189,126.182,1106515,11205353216.0,0.01,0.01,0.009,13.31
2021-07-14,126.191,126.214,126.218,126.188,1131366,11458253056.0,0.02,0.02,0.026,13.61
2021-07-15,126.202,126.194,126.202,126.188,1444076,14625348864.0,0.01,-0.02,-0.02,17.37
2021-07-16,126.203,126.216,126.222,126.203,1265196,12815691776.0,0.02,0.02,0.022,15.22
2021-07-19,126.214,126.221,126.224,126.214,1118809,11333741056.0,0.01,0.0,0.005,13.46
2021-07-20,126.223,126.222,126.226,126.219,1266208,12827364096.0,0.01,0.0,0.001,15.23
2021-07-21,126.224,126.228,126.23,126.223,1070685,10846958336.0,0.01,0.0,0.006,12.88
2021-07-22,126.236,126.229,126.238,126.223,1421533,14402351616.0,0.01,0.0,0.001,17.1
2021-07-23,126.247,126.238,126.248,126.233,1377660,13958838016.0,0.01,0.01,0.009,16.57
2021-07-26,126.244,126.252,126.256,126.241,1643099,16649193728.0,0.01,0.01,0.014,19.77
2021-07-27,126.257,126.26,126.263,126.254,1481800,15016405504.0,0.01,0.01,0.008,17.82
2021-07-28,126.257,126.266,126.268,126.211,1753994,17773020416.0,0.05,0.0,0.006,21.1
2021-07-29,126.251,126.267,126.274,126.25,1395092,14138257152.0,0.02,0.0,0.001,16.78
2021-07-30,126.279,126.303,126.313,126.276,1704573,17278565376.0,0.03,0.03,0.036,20.5
2021-08-02,126.298,126.292,126.3,126.289,1499219,15198669056.0,0.01,-0.01,-0.011,18.03
2021-08-03,126.295,126.313,126.323,126.295,1141730,11575504640.0,0.02,0.02,0.021,13.73
2021-08-04,126.311,126.307,126.32,126.305,1329046,13475503104.0,0.01,0.0,-0.006,15.99
2021-08-05,126.313,126.322,126.324,126.311,1311507,13298510592.0,0.01,0.01,0.015,15.78
2021-08-06,126.328,126.352,126.357,126.326,1204443,12215329024.0,0.02,0.02,0.03,14.49
2021-08-09,126.344,126.349,126.351,126.339,1032400,10471141376.0,0.01,0.0,-0.003,12.42
2021-08-10,126.348,126.346,126.349,126.343,1162944,11795598336.0,0.0,0.0,-0.003,13.99
2021-08-11,126.349,126.355,126.358,126.348,1143019,11594182144.0,0.01,0.01,0.009,13.75
2021-08-12,126.358,126.38,126.382,126.356,1068865,10843353344.0,0.02,0.02,0.025,12.86
2021-08-13,126.374,126.381,126.387,126.372,1047353,10626516992.0,0.01,0.0,0.001,12.6
2021-08-16,126.377,126.377,126.385,126.373,1047891,10631927040.0,0.01,0.0,-0.004,12.61
2021-08-17,126.381,126.382,126.386,126.38,1388063,14084079872.0,0.0,0.0,0.005,16.7
2021-08-18,126.382,126.385,126.388,126.38,1451294,14725881856.0,0.01,0.0,0.003,17.46
2021-08-19,126.391,126.388,126.392,126.384,1600092,16236406272.0,0.01,0.0,0.003,19.25
2021-08-20,126.401,126.408,126.419,126.4,1380741,14013116160.0,0.02,0.02,0.02,16.61
2021-08-23,126.408,126.4,126.409,126.397,1260950,12796877056.0,0.01,-0.01,-0.008,15.17
2021-08-24,126.404,126.402,126.408,126.391,1694263,17193780736.0,0.01,0.0,0.002,20.38
2021-08-25,126.405,126.418,126.419,126.402,1427747,14490686720.0,0.01,0.01,0.016,17.17
2021-08-26,126.421,126.424,126.427,126.413,1306889,13265303040.0,0.01,0.0,0.006,15.72
2021-08-27,126.436,126.431,126.441,126.423,999823,10150072576.0,0.01,0.01,0.007,12.03
2021-08-30,126.439,126.438,126.44,126.432,1366272,13870047488.0,0.01,0.01,0.007,16.44
2021-08-31,126.441,126.453,126.454,126.439,1246021,12650792960.0,0.01,0.01,0.015,14.99
2021-09-01,126.46,126.467,126.47,126.456,1269102,12887079424.0,0.01,0.01,0.014,15.27
2021-09-02,126.463,126.474,126.478,126.463,898094,9120319232.0,0.01,0.01,0.007,10.8
2021-09-03,126.475,126.502,126.508,126.474,1347439,13685510144.0,0.03,0.02,0.028,16.21
2021-09-06,126.499,126.494,126.499,126.49,1272629,12926870528.0,0.01,-0.01,-0.008,15.31
2021-09-07,126.496,126.502,126.507,126.496,1457337,14804055552.0,0.01,0.01,0.008,17.53
2021-09-08,126.504,126.505,126.507,126.502,1333389,13545398272.0,0.0,0.0,0.003,16.04
2021-09-09,126.507,126.512,126.516,126.505,1775780,18040502784.0,0.01,0.01,0.007,21.36
2021-09-10,126.518,126.525,126.529,126.517,1334144,13555760128.0,0.01,0.01,0.013,16.05
2021-09-13,126.528,126.525,126.531,126.52,1716793,17444430592.0,0.01,0.0,0.0,20.65
2021-09-14,126.529,126.541,126.543,126.529,1690973,17183414528.0,0.01,0.01,0.016,20.34
2021-09-15,126.552,126.543,126.552,126.541,1492783,15170730496.0,0.01,0.0,0.002,17.96
2021-09-16,126.548,126.551,126.555,126.546,1587625,16135412224.0,0.01,0.01,0.008,19.1
2021-09-17,126.572,126.578,126.587,126.557,2150564,21860422400.0,0.02,0.02,0.027,25.87
2021-09-22,126.578,126.573,126.581,126.572,1505223,15301752832.0,0.01,0.0,-0.005,18.11
2021-09-23,126.576,126.579,126.582,126.574,1595401,16218928128.0,0.01,0.0,0.006,19.19
2021-09-24,126.588,126.596,126.599,126.588,2009554,20432193536.0,0.01,0.01,0.017,24.17
2021-09-27,126.602,126.6,126.605,126.593,1596386,16232546560.0,0.01,0.0,0.004,19.2
2021-09-28,126.598,126.62,126.621,126.59,1491049,15162098688.0,0.02,0.02,0.02,17.94
2021-09-29,126.618,126.639,126.663,126.598,1655105,16832377600.0,0.05,0.02,0.019,19.91
2021-09-30,126.66,126.709,126.717,126.66,1603145,16314258432.0,0.05,0.06,0.07,19.28
2021-10-08,126.688,126.691,126.698,126.687,1419046,14442214912.0,0.01,-0.01,-0.018,17.07
2021-10-11,126.692,126.697,126.7,126.688,1558950,15866191360.0,0.01,0.0,0.006,18.75
2021-10-12,126.699,126.709,126.715,126.697,1254949,12773527040.0,0.01,0.01,0.012,15.1
2021-10-13,126.712,126.722,126.726,126.709,1237449,12596845568.0,0.01,0.01,0.013,14.89
2021-10-14,126.72,126.746,126.748,126.718,1262343,12851824384.0,0.02,0.02,0.024,15.19
2021-10-15,126.744,126.752,126.753,126.74,1209393,12314785536.0,0.01,0.0,0.006,14.55
2021-10-18,126.748,126.735,126.75,126.724,1399023,14245456128.0,0.02,-0.01,-0.017,16.83
2021-10-19,126.737,126.73,126.74,126.723,1150145,11710423808.0,0.01,0.0,-0.005,13.84
2021-10-20,126.736,126.744,126.747,126.734,1403335,14288974848.0,0.01,0.01,0.014,16.88
2021-10-21,126.747,126.746,126.752,126.745,1219554,12418853120.0,0.01,0.0,0.002,14.67
2021-10-22,126.76,126.763,126.77,126.757,1363695,13888646400.0,0.01,0.01,0.017,16.4
2021-10-25,126.765,126.773,126.775,126.765,1687032,17182834944.0,0.01,0.01,0.01,20.29
2021-10-26,126.775,126.78,126.781,126.774,1487329,15149895424.0,0.01,0.01,0.007,17.89
2021-10-27,126.78,126.794,126.799,126.779,1155119,11766734848.0,0.02,0.01,0.014,13.9
2021-10-28,126.79,126.776,126.795,126.518,1128052,11491439360.0,0.22,-0.01,-0.018,13.57
2021-10-29,126.794,126.796,126.801,126.793,1349989,13753501952.0,0.01,0.02,0.02,16.24
2021-11-01,126.799,126.8,126.804,126.798,1294863,13192528896.0,0.0,0.0,0.004,15.58
2021-11-02,126.809,126.808,126.811,126.803,1481007,15089869824.0,0.01,0.01,0.008,17.82
2021-11-03,126.812,126.814,126.816,126.81,1166993,11891096576.0,0.0,0.0,0.006,14.04
2021-11-04,126.819,126.821,126.825,126.818,1920323,19568709120.0,0.01,0.01,0.007,23.1
2021-11-05,126.835,126.829,126.836,126.818,1318226,13434164224.0,0.01,0.01,0.008,15.86
2021-11-08,126.844,126.837,126.846,126.833,1614426,16454093568.0,0.01,0.01,0.008,19.42
2021-11-09,126.843,126.847,126.849,126.839,1392491,14193122560.0,0.01,0.01,0.01,16.75
2021-11-10,126.853,126.862,126.866,126.851,1377123,14038399232.0,0.01,0.01,0.015,16.57
2021-11-11,126.866,126.855,126.867,126.851,1089586,11107710976.0,0.01,-0.01,-0.007,13.11
2021-11-12,126.871,126.862,126.871,126.851,1512826,15423167744.0,0.02,0.01,0.007,18.2
2021-11-15,126.874,126.876,126.879,126.871,1075213,10962621952.0,0.01,0.01,0.014,12.93
2021-11-16,126.885,126.888,126.891,126.883,1184322,12076359936.0,0.01,0.01,0.012,14.25
2021-11-17,126.892,126.895,126.897,126.891,1197114,12207604992.0,0.0,0.01,0.007,14.4
2021-11-18,126.896,126.908,126.93,126.895,1284456,13099150848.0,0.03,0.01,0.013,15.45
2021-11-19,126.916,126.912,126.918,126.907,1319012,13453216768.0,0.01,0.0,0.004,15.87
2021-11-22,126.916,126.917,126.918,126.914,1305594,13316789504.0,0.0,0.0,0.005,15.71
2021-11-23,126.921,126.923,126.925,126.92,1042089,10629771520.0,0.0,0.0,0.006,12.54
2021-11-24,126.925,126.928,126.929,126.925,1170607,11941204992.0,0.0,0.0,0.005,14.08
2021-11-25,126.934,126.936,126.937,126.933,938411,9573414144.0,0.0,0.01,0.008,11.29
2021-11-26,126.947,126.951,126.955,126.943,1251761,12771540992.0,0.01,0.01,0.015,15.06
2021-11-29,126.954,126.94,126.955,126.936,1476651,15066111744.0,0.01,-0.01,-0.011,17.76
2021-11-30,126.943,126.954,126.958,126.936,1756459,17920971520.0,0.02,0.01,0.014,21.13
2021-12-01,126.96,126.972,126.974,126.958,1707358,17423562496.0,0.01,0.01,0.018,20.54
2021-12-02,126.969,126.975,126.978,126.967,1369820,13979900928.0,0.01,0.0,0.003,16.48
2021-12-03,126.991,126.987,126.991,126.984,1208486,12335024128.0,0.01,0.01,0.012,14.54
2021-12-06,126.996,127.0,127.002,126.995,1564247,15967871744.0,0.01,0.01,0.013,18.82
2021-12-07,127.005,127.016,127.017,127.003,1673670,17086613760.0,0.01,0.01,0.016,20.13
2021-12-08,127.016,127.007,127.018,127.003,2000190,20421397504.0,0.01,-0.01,-0.009,24.06
2021-12-09,127.015,127.005,127.016,127.003,2279681,23273537792.0,0.01,0.0,-0.002,27.42
2021-12-10,127.017,127.025,127.03,127.017,1810011,18480789248.0,0.01,0.02,0.02,21.77
2021-12-13,127.033,127.034,127.037,127.032,1710246,17464365568.0,0.0,0.01,0.009,20.57
2021-12-14,127.043,127.047,127.049,127.041,1660276,16955933184.0,0.01,0.01,0.013,19.97
2021-12-15,127.055,127.051,127.056,127.049,1582247,16159995904.0,0.01,0.0,0.004,19.03
2021-12-16,127.057,127.055,127.057,127.051,1616502,16510276864.0,0.0,0.0,0.004,19.45
2021-12-17,127.068,127.077,127.081,127.067,1588457,16226637312.0,0.01,0.02,0.022,19.11
2021-12-20,127.078,127.082,127.084,127.077,1336473,13653543680.0,0.01,0.0,0.005,16.08
2021-12-21,127.084,127.075,127.085,127.066,1622376,16574753280.0,0.01,-0.01,-0.007,19.52
2021-12-22,127.078,127.091,127.093,127.075,1795928,18347907072.0,0.01,0.01,0.016,21.6
2021-12-23,127.093,127.095,127.098,127.09,1226424,12531171840.0,0.01,0.0,0.004,14.75
2021-12-24,127.104,127.113,127.118,127.102,1228669,12555543296.0,0.01,0.01,0.018,14.78
2021-12-27,127.117,127.115,127.118,127.113,1299615,13281839360.0,0.0,0.0,0.002,15.63
2021-12-28,127.117,127.125,127.127,127.116,1479094,15116733184.0,0.01,0.01,0.01,17.79
2021-12-29,127.128,127.129,127.137,127.124,1529549,15633463040.0,0.01,0.0,0.004,18.4
2021-12-30,127.132,127.134,127.138,127.119,1327178,13564989696.0,0.01,0.0,0.005,15.96
2021-12-31,127.16,127.183,127.189,127.129,1425190,14266068480.0,0.05,0.04,0.049,17.14
2022-01-04,127.174,127.176,127.18,127.163,1373302,13748012544.0,0.01,-0.01,-0.007,16.52
2022-01-05,127.173,127.171,127.177,127.164,1152897,11542070272.0,0.01,0.0,-0.005,13.87
2022-01-06,127.177,127.186,127.188,127.175,1398764,14004454144.0,0.01,0.01,0.015,16.83
2022-01-07,127.192,127.206,127.21,127.192,904483,9057635840.0,0.01,0.02,0.02,10.88
2022-01-10,127.206,127.213,127.215,127.206,857822,8591152384.0,0.01,0.01,0.007,10.32
2022-01-11,127.214,127.226,127.24,127.213,1162696,11645495552.0,0.02,0.01,0.013,13.99
2022-01-12,127.227,127.23,127.231,127.225,888204,8896961024.0,0.0,0.0,0.004,10.68
2022-01-13,127.232,127.236,127.243,127.23,1176031,11781232896.0,0.01,0.0,0.006,14.15
2022-01-14,127.242,127.252,127.255,127.242,1063020,10650345984.0,0.01,0.01,0.016,12.79
2022-01-17,127.255,127.263,127.267,127.253,934375,9362131712.0,0.01,0.01,0.011,11.24
2022-01-18,127.268,127.27,127.272,127.266,890479,8923438336.0,0.0,0.01,0.007,10.71
2022-01-19,127.267,127.261,127.27,127.26,1112021,11143197184.0,0.01,-0.01,-0.009,13.38
2022-01-20,127.268,127.256,127.271,127.253,1233980,12365134848.0,0.01,0.0,-0.005,14.84
2022-01-21,127.271,127.283,127.301,127.271,1302932,13057783040.0,0.02,0.02,0.027,15.67
2022-01-24,127.292,127.284,127.292,127.27,1298425,13013436416.0,0.02,0.0,0.001,15.62
2022-01-25,127.287,127.297,127.305,127.285,1401633,14049101824.0,0.02,0.01,0.013,16.86
2022-01-26,127.299,127.307,127.313,127.296,1528077,15317971200.0,0.01,0.01,0.01,18.38
2022-01-27,127.308,127.327,127.355,127.307,1910459,19154047488.0,0.04,0.02,0.02,22.98
2022-01-28,127.37,127.39,127.409,127.368,2098960,21057261824.0,0.03,0.05,0.063,25.25
2022-02-07,127.379,127.415,127.419,127.373,924532,9276258560.0,0.04,0.02,0.025,11.12
2022-02-08,127.41,127.417,127.422,127.406,1022624,10262686720.0,0.01,0.0,0.002,12.3
2022-02-09,127.415,127.395,127.417,127.393,1219896,12240786176.0,0.02,-0.02,-0.022,14.67
2022-02-10,127.392,127.387,127.395,127.383,1453816,14586109440.0,0.01,-0.01,-0.008,17.49
2022-02-11,127.391,127.403,127.409,127.391,1180671,11847148032.0,0.01,0.01,0.016,14.2
2022-02-14,127.41,127.405,127.411,127.401,993238,9966950656.0,0.01,0.0,0.002,11.95
2022-02-15,127.412,127.418,127.418,127.412,1131966,11359866624.0,0.0,0.01,0.013,13.62
2022-02-16,127.419,127.422,127.423,127.418,913514,9168047360.0,0.0,0.0,0.004,10.99
2022-02-17,127.424,127.426,127.431,127.417,1236690,12411771904.0,0.01,0.0,0.004,14.88
2022-02-18,127.439,127.439,127.446,127.437,1221121,12257901312.0,0.01,0.01,0.013,14.69
2022-02-21,127.439,127.44,127.446,127.437,1345623,13507819776.0,0.01,0.0,0.001,16.19
2022-02-22,127.447,127.444,127.449,127.443,1007875,10117730304.0,0.0,0.0,0.004,12.12
2022-02-23,127.45,127.444,127.452,127.443,1068374,10725119488.0,0.01,0.0,0.0,12.85
2022-02-24,127.453,127.452,127.457,127.45,1314683,13198646272.0,0.01,0.01,0.008,15.81
2022-02-25,127.464,127.462,127.467,127.418,1667130,16737399552.0,0.04,0.01,0.01,20.05
2022-02-28,127.464,127.468,127.473,127.463,1094763,10992504320.0,0.01,0.0,0.006,13.17
2022-03-01,127.482,127.48,127.484,127.475,1083148,10876920064.0,0.01,0.01,0.012,13.03
2022-03-02,127.488,127.489,127.491,127.485,858937,8626084864.0,0.0,0.01,0.009,10.33
2022-03-03,127.493,127.503,127.505,127.489,1045346,10498977280.0,0.01,0.01,0.014,12.57
2022-03-04,127.511,127.514,127.523,127.508,1020110,10247707904.0,0.01,0.01,0.011,12.27
2022-03-07,127.519,127.522,127.524,127.516,1049008,10538449408.0,0.01,0.01,0.008,12.62
2022-03-08,127.525,127.528,127.531,127.525,1079842,10848917248.0,0.0,0.0,0.006,12.99
2022-03-09,127.532,127.538,127.561,127.531,1150836,11562885632.0,0.02,0.01,0.01,13.84
2022-03-10,127.528,127.538,127.545,127.524,1480044,14870807552.0,0.02,0.0,0.0,17.8
2022-03-11,127.55,127.553,127.556,127.547,1190418,11962924288.0,0.01,0.01,0.015,14.32
2022-03-14,127.56,127.569,127.578,127.557,1101283,11068218880.0,0.02,0.01,0.016,13.25
2022-03-15,127.568,127.565,127.572,127.561,1352990,13598535936.0,0.01,0.0,-0.004,16.28
2022-03-16,127.564,127.555,127.571,127.538,1575835,15837070336.0,0.03,-0.01,-0.01,18.96
2022-03-17,127.56,127.565,127.576,127.542,1818387,18274795776.0,0.03,0.01,0.01,21.87
2022-03-18,127.576,127.572,127.589,127.566,1358987,13660452864.0,0.02,0.01,0.007,16.35
2022-03-21,127.588,127.603,127.611,127.587,1138793,11448950272.0,0.02,0.02,0.031,13.7
2022-03-22,127.603,127.595,127.627,127.593,1545524,15539204608.0,0.03,-0.01,-0.008,18.59
2022-03-23,127.602,127.601,127.605,127.598,1247171,12539259648.0,0.01,0.0,0.006,15.0
2022-03-24,127.607,127.621,127.625,127.607,1076266,10822056704.0,0.01,0.02,0.02,12.95
2022-03-25,127.626,127.627,127.633,127.624,1066900,10729544192.0,0.01,0.0,0.006,12.83
2022-03-28,127.631,127.622,127.634,127.618,1164467,11710640128.0,0.01,0.0,-0.005,14.01
2022-03-29,127.628,127.639,127.64,127.624,930047,9353542656.0,0.01,0.01,0.017,11.19
2022-03-30,127.637,127.623,127.639,127.618,1193736,12005138432.0,0.02,-0.01,-0.016,14.36
2022-03-31,127.629,127.67,127.678,127.625,983693,9894442496.0,0.04,0.04,0.047,11.83
2022-04-01,127.681,127.673,127.69,127.67,1393076,14017316096.0,0.02,0.0,0.003,16.76
2022-04-06,127.679,127.688,127.693,127.679,1066255,10729099520.0,0.01,0.01,0.015,12.83
2022-04-07,127.689,127.7,127.704,127.689,1090020,10969136896.0,0.01,0.01,0.012,13.11
2022-04-08,127.705,127.714,127.718,127.702,910764,9166869760.0,0.01,0.01,0.014,10.96
2022-04-11,127.716,127.721,127.723,127.715,982711,9891766528.0,0.01,0.01,0.007,11.82
2022-04-12,127.722,127.716,127.724,127.714,1297287,13058376192.0,0.01,0.0,-0.005,15.61
2022-04-13,127.722,127.721,127.729,127.718,1351767,13607169280.0,0.01,0.0,0.005,16.26
2022-04-14,127.727,127.728,127.732,127.723,1304455,13131683072.0,0.01,0.01,0.007,15.69
2022-04-15,127.741,127.746,127.754,127.741,1291800,13006593536.0,0.01,0.01,0.018,15.54
2022-04-18,127.752,127.745,127.755,127.742,1237606,12461313280.0,0.01,0.0,-0.001,14.89
2022-04-19,127.75,127.756,127.757,127.749,1237340,12459121408.0,0.01,0.01,0.011,14.88
2022-04-20,127.759,127.755,127.76,127.753,1083105,10906540032.0,0.01,0.0,-0.001,13.03
2022-04-21,127.761,127.759,127.762,127.755,1024774,10319383552.0,0.01,0.0,0.004,12.33
2022-04-22,127.76,127.765,127.774,127.76,1422495,14325510144.0,0.01,0.0,0.006,17.11
2022-04-25,127.77,127.769,127.774,127.764,1609697,16211375872.0,0.01,0.0,0.004,19.36
2022-04-26,127.775,127.779,127.783,127.771,1374740,13846001664.0,0.01,0.01,0.01,16.54
2022-04-27,127.784,127.786,127.791,127.778,1515417,15264126208.0,0.01,0.01,0.007,18.23
2022-04-28,127.794,127.81,127.818,127.792,1414676,14251521792.0,0.02,0.02,0.024,17.02
2022-04-29,127.831,127.839,127.847,127.497,1466220,14775767040.0,0.27,0.02,0.029,17.64
2022-05-05,127.83,127.829,127.837,127.827,1209861,12192058368.0,0.01,-0.01,-0.01,14.55
2022-05-06,127.846,127.854,127.857,127.84,1043402,10516125952.0,0.01,0.02,0.025,12.55
2022-05-09,127.857,127.861,127.863,127.857,1022800,10309823488.0,0.0,0.01,0.007,12.3
2022-05-10,127.863,127.868,127.872,127.861,1399127,14103973632.0,0.01,0.01,0.007,16.83
2022-05-11,127.871,127.866,127.873,127.863,1386653,13978316800.0,0.01,0.0,-0.002,16.68
2022-05-12,127.872,127.873,127.877,127.869,1001561,10097097216.0,0.01,0.01,0.007,12.05
2022-05-13,127.885,127.896,127.897,127.879,1244642,12549595136.0,0.01,0.02,0.023,14.97
2022-05-16,127.893,127.902,127.904,127.893,954286,9622814464.0,0.01,0.0,0.006,11.48
2022-05-17,127.905,127.899,127.906,127.897,930256,9380739840.0,0.01,0.0,-0.003,11.19
2022-05-18,127.904,127.905,127.906,127.902,867611,8749297664.0,0.0,0.0,0.006,10.44
2022-05-19,127.905,127.911,127.911,127.905,1144870,11545828864.0,0.0,0.0,0.006,13.77
2022-05-20,127.921,127.912,127.923,127.908,1037192,10460690688.0,0.01,0.0,0.001,12.48
2022-05-23,127.915,127.92,127.922,127.915,1021351,10301223680.0,0.01,0.01,0.008,12.29
2022-05-24,127.925,127.933,127.937,127.921,1170819,11809894656.0,0.01,0.01,0.013,14.08
2022-05-25,127.935,127.935,127.938,127.93,888114,8958853632.0,0.01,0.0,0.002,10.68
2022-05-26,127.938,127.943,127.947,127.935,884129,8919076096.0,0.01,0.01,0.008,10.64
2022-05-27,127.949,127.953,127.955,127.94,1279185,12905439232.0,0.01,0.01,0.01,15.39
2022-05-30,127.954,127.947,127.956,127.945,1228043,12389932032.0,0.01,0.0,-0.006,14.77
2022-05-31,127.953,127.951,127.955,127.945,1297722,13092943616.0,0.01,0.0,0.004,15.61
2022-06-01,127.955,127.96,127.963,127.951,1421033,14337774848.0,0.01,0.01,0.009,17.09
2022-06-02,127.975,127.956,127.976,127.954,1505503,15192044544.0,0.02,0.0,-0.004,18.11
2022-06-06,127.976,127.974,127.977,127.957,1980064,19980496384.0,0.02,0.01,0.018,23.82
2022-06-07,127.974,127.986,127.987,127.97,1176172,11869931520.0,0.01,0.01,0.012,14.15
2022-06-08,127.998,127.99,127.998,127.986,1550734,15651490816.0,0.01,0.0,0.004,18.65
2022-06-09,127.996,127.997,128.001,127.992,1107072,11174437376.0,0.01,0.01,0.007,13.32
2022-06-10,128.007,127.984,128.009,127.977,1641999,16574253312.0,0.03,-0.01,-0.013,19.75
2022-06-13,128.002,128.018,128.02,128.0,1678151,16940916224.0,0.02,0.03,0.034,20.19
2022-06-14,128.02,128.03,128.031,128.018,1241426,12533816832.0,0.01,0.01,0.012,14.93
2022-06-15,128.025,128.027,128.029,128.017,1519622,15342639616.0,0.01,0.0,-0.003,18.28
2022-06-16,128.024,128.03,128.032,128.014,1557175,15721865216.0,0.01,0.0,0.003,18.73
2022-06-17,128.031,128.041,128.042,128.031,1723462,17402618880.0,0.01,0.01,0.011,20.73
2022-06-20,128.042,128.05,128.051,128.041,1525411,15404501760.0,0.01,0.01,0.009,18.35
2022-06-21,128.054,128.054,128.056,128.05,1671104,16876947200.0,0.0,0.0,0.004,20.1
2022-06-22,128.059,128.069,128.07,128.056,1630249,16465867264.0,0.01,0.01,0.015,19.61
2022-06-23,128.065,128.055,128.068,127.911,1760807,17784458752.0,0.12,-0.01,-0.014,21.18
2022-06-24,128.061,128.066,128.07,128.061,1570653,15864431872.0,0.01,0.01,0.011,18.89
2022-06-27,128.074,128.076,128.078,128.061,1850384,18691094528.0,0.01,0.01,0.01,22.26
2022-06-28,128.071,128.088,128.089,128.071,1601349,16177150976.0,0.01,0.01,0.012,19.26
2022-06-29,128.086,128.098,128.1,128.082,1825909,18446826496.0,0.01,0.01,0.01,21.96
2022-06-30,128.088,128.1,128.105,128.053,1847729,18665500928.0,0.04,0.0,0.002,22.23
2022-07-01,128.109,128.121,128.123,128.107,1304845,13186302976.0,0.01,0.02,0.021,15.7
2022-07-04,128.119,128.128,128.129,128.118,1244279,12575172096.0,0.01,0.01,0.007,14.97
2022-07-05,128.129,128.152,128.154,128.129,1021132,10321148160.0,0.02,0.02,0.024,12.28
2022-07-06,128.149,128.16,128.162,128.135,1077353,10890409472.0,0.02,0.01,0.008,12.96
2022-07-07,128.152,128.154,128.156,128.145,978863,9895333888.0,0.01,0.0,-0.006,11.78
2022-07-08,128.154,128.162,128.163,128.153,967731,9783634432.0,0.01,0.01,0.008,11.64
2022-07-11,128.163,128.169,128.171,128.161,1113570,11258813696.0,0.01,0.01,0.007,13.4
2022-07-12,128.17,128.174,128.178,128.169,999035,10101494117.0,0.01,0.0,0.005,12.02
2022-07-13,128.175,128.172,128.176,128.17,919662,9298916125.0,0.0,0.0,-0.002,11.06
2022-07-14,128.176,128.171,128.178,128.167,1202687,12160989471.0,0.01,0.0,-0.001,14.47
2022-07-15,128.181,128.19,128.193,128.16,1709566,17288333699.0,0.03,0.01,0.019,20.56
2022-07-18,128.192,128.195,128.196,128.189,1511526,15286563101.0,0.01,0.0,0.005,18.18
2022-07-19,128.196,128.2,128.203,128.196,1049837,10617965090.0,0.01,0.0,0.005,12.63
2022-07-20,128.202,128.199,128.203,128.198,1182968,11964577328.0,0.0,0.0,-0.001,14.23
2022-07-21,128.205,128.206,128.207,128.201,1141694,11547594908.0,0.0,0.01,0.007,13.73
2022-07-22,128.217,128.222,128.225,128.216,1271901,12866382947.0,0.01,0.01,0.016,15.3
2022-07-25,128.23,128.234,128.238,128.225,927498,9383516044.0,0.01,0.01,0.012,11.16
2022-07-26,128.235,128.23,128.235,128.226,1384351,14005522417.0,0.01,0.0,-0.004,16.65
2022-07-27,128.232,128.233,128.235,128.229,1206738,12208755285.0,0.0,0.0,0.003,14.52
2022-07-28,128.235,128.238,128.239,128.23,1463688,14808658166.0,0.01,0.0,0.005,17.61
2022-07-29,128.245,128.252,128.254,128.243,1130929,11443792555.0,0.01,0.01,0.014,13.6
2022-08-01,128.256,128.257,128.259,128.254,1221128,12357378367.0,0.0,0.0,0.005,14.69
2022-08-02,128.26,128.257,128.261,128.254,1717540,17380987059.0,0.01,0.0,0.0,20.66
2022-08-03,128.261,128.268,128.27,128.253,1501897,15199322433.0,0.01,0.01,0.011,18.07
2022-08-04,128.269,128.278,128.278,128.267,1158051,11721056731.0,0.01,0.01,0.01,13.93
2022-08-05,128.281,128.282,128.285,128.28,1105103,11186127709.0,0.0,0.0,0.004,13.29
2022-08-08,128.284,128.287,128.288,128.284,1098227,11116939925.0,0.0,0.0,0.005,13.21
2022-08-09,128.291,128.293,128.294,128.288,1154095,11682994608.0,0.0,0.0,0.006,13.88
2022-08-10,128.296,128.297,128.298,128.295,876086,8869213789.0,0.0,0.0,0.004,10.54
2022-08-11,128.298,128.293,128.3,128.289,1471844,14900069017.0,0.01,0.0,-0.004,17.71
2022-08-12,128.305,128.308,128.31,128.302,1525284,15442718828.0,0.01,0.01,0.015,18.35
2022-08-15,128.314,128.315,128.317,128.311,1072693,10861398367.0,0.0,0.01,0.007,12.9
2022-08-16,128.317,128.318,128.318,128.313,1532508,15517481828.0,0.0,0.0,0.003,18.43
2022-08-17,128.32,128.318,128.321,128.316,1102283,11161500123.0,0.0,0.0,0.0,13.26
2022-08-18,128.32,128.326,128.328,128.314,1276013,12921038228.0,0.01,0.01,0.008,15.35
2022-08-19,128.335,128.341,128.342,128.332,1245066,12609580650.0,0.01,0.01,0.015,14.98
2022-08-22,128.342,128.339,128.342,128.337,1382762,14004574666.0,0.0,0.0,-0.002,16.63
2022-08-23,128.339,128.347,128.35,128.338,1116829,11311596046.0,0.01,0.01,0.008,13.43
2022-08-24,128.348,128.358,128.481,128.347,1265211,12815817076.0,0.1,0.01,0.011,15.22
2022-08-25,128.358,128.351,128.362,128.349,1617465,16383914311.0,0.01,-0.01,-0.007,19.46
2022-08-26,128.357,128.359,128.361,128.355,1445473,14642470439.0,0.0,0.01,0.008,17.39
2022-08-29,128.361,128.361,128.362,128.355,1489367,15087181341.0,0.01,0.0,0.002,17.92
2022-08-30,128.364,128.371,128.374,128.361,1258598,12750644810.0,0.01,0.01,0.01,15.14
2022-08-31,128.369,128.378,128.384,128.369,1114751,11294184258.0,0.01,0.01,0.007,13.41
2022-09-01,128.378,128.382,128.382,128.377,1529515,15497145413.0,0.0,0.0,0.004,18.4
2022-09-02,128.385,128.389,128.395,128.385,1335184,13529264952.0,0.01,0.01,0.007,16.06
2022-09-05,128.394,128.395,128.397,128.393,1219111,12353851033.0,0.0,0.0,0.006,14.67
2022-09-06,128.398,128.397,128.401,128.396,1140310,11555727453.0,0.0,0.0,0.002,13.72
2022-09-07,128.402,128.398,128.403,128.397,1581896,16030843652.0,0.0,0.0,0.001,19.03
2022-09-08,128.401,128.403,128.405,128.399,954892,9676993270.0,0.0,0.0,0.005,11.49
2022-09-09,128.418,128.408,128.419,128.402,1497201,15174358028.0,0.01,0.0,0.005,18.01
2022-09-13,128.414,128.417,128.418,128.411,1566872,15881036389.0,0.01,0.01,0.009,18.85
2022-09-14,128.417,128.424,128.425,128.417,975094,9883623261.0,0.01,0.01,0.007,11.73
2022-09-15,128.424,128.439,128.44,128.423,1069653,10843202541.0,0.01,0.01,0.015,12.87
2022-09-16,128.441,128.456,128.458,128.441,917058,9297832899.0,0.01,0.01,0.017,11.03
2022-09-19,128.455,128.457,128.465,128.444,892744,9051727311.0,0.02,0.0,0.001,10.74
2022-09-20,128.452,128.458,128.469,128.446,818756,8301681084.0,0.02,0.0,0.001,9.85
2022-09-21,128.458,128.463,128.467,128.458,577468,5855696882.0,0.01,0.0,0.005,6.95
2022-09-22,128.464,128.463,128.466,128.458,1096603,11119749616.0,0.01,0.0,0.0,13.19
2022-09-23,128.468,128.478,128.482,128.466,1104492,11200897756.0,0.01,0.01,0.015,13.29
2022-09-26,128.47,128.475,128.478,128.464,1013427,10277324555.0,0.01,0.0,-0.003,12.19
2022-09-27,128.473,128.464,128.475,128.458,1509306,15305422534.0,0.01,-0.01,-0.011,18.16
2022-09-28,128.47,128.478,128.487,128.467,2041067,20699901027.0,0.02,0.01,0.014,24.55
2022-09-29,128.477,128.465,128.482,128.453,1892208,19190118276.0,0.02,-0.01,-0.013,22.76
2022-09-30,128.561,128.545,128.564,128.52,1764058,17901093598.0,0.03,0.06,0.08,21.22
2022-10-10,128.532,128.541,128.544,128.531,1279889,12988082903.0,0.01,0.0,-0.004,15.4
2022-10-11,128.542,128.551,128.556,128.54,1084494,11005828646.0,0.01,0.01,0.01,13.05
2022-10-12,128.551,128.553,128.56,128.549,1218065,12362599871.0,0.01,0.0,0.002,14.65
2022-10-13,128.552,128.559,128.559,128.55,1096248,11126213493.0,0.01,0.0,0.006,13.19
2022-10-14,128.56,128.56,128.565,128.557,1045491,10611746700.0,0.01,0.0,0.001,12.58
2022-10-17,128.564,128.564,128.567,128.56,1105854,11224940033.0,0.01,0.0,0.004,13.3
2022-10-18,128.566,128.571,128.571,128.565,1132090,11491557661.0,0.0,0.01,0.007,13.62
2022-10-19,128.572,128.574,128.578,128.572,1007928,10231801469.0,0.0,0.0,0.003,12.12
2022-10-20,128.575,128.579,128.581,128.574,1103002,11197435092.0,0.01,0.0,0.005,13.27
2022-10-21,128.586,128.588,128.591,128.585,878147,8915709324.0,0.0,0.01,0.009,10.56
2022-10-24,128.591,128.594,128.597,128.588,1135453,11528417363.0,0.01,0.0,0.006,13.66
2022-10-25,128.592,128.585,128.596,128.576,1330638,13510042269.0,0.02,-0.01,-0.009,16.01
2022-10-26,128.59,128.588,128.593,128.571,2049632,20809151265.0,0.02,0.0,0.003,24.66
2022-10-27,128.591,128.596,128.598,128.581,1417856,14395441079.0,0.01,0.01,0.008,17.06
2022-10-28,128.606,128.617,128.618,128.603,1392306,14138501069.0,0.01,0.02,0.021,16.75
2022-10-31,128.617,128.618,128.621,128.612,1335336,13561169528.0,0.01,0.0,0.001,16.06
2022-11-01,128.619,128.612,128.62,128.61,1560122,15843820931.0,0.01,0.0,-0.006,18.77
2022-11-02,128.613,128.627,128.63,128.612,1461773,14845993473.0,0.01,0.01,0.015,17.58
2022-11-03,128.628,128.632,128.637,128.627,1278626,12987040374.0,0.01,0.0,0.005,15.38
2022-11-04,128.64,128.638,128.645,128.635,1500205,15239015481.0,0.01,0.0,0.006,18.05
2022-11-07,128.638,128.637,128.639,128.634,1236601,12561014425.0,0.0,0.0,-0.001,14.88
2022-11-08,128.642,128.645,128.648,128.638,1267890,12879586094.0,0.01,0.01,0.008,15.25
2022-11-09,128.645,128.651,128.654,128.644,1432832,14555998166.0,0.01,0.0,0.006,17.24
2022-11-10,128.652,128.665,128.667,128.652,1187247,12062036090.0,0.01,0.01,0.014,14.28
2022-11-11,128.65,128.661,128.663,128.641,1843056,18724496702.0,0.02,0.0,-0.004,22.17
2022-11-14,128.657,128.653,128.661,128.65,1813307,18422716414.0,0.01,-0.01,-0.008,21.81
2022-11-15,128.655,128.652,128.665,128.643,1285023,13055024943.0,0.02,0.0,-0.001,15.46
2022-11-16,128.645,128.674,128.677,128.645,1319788,13409180093.0,0.02,0.02,0.022,15.88
2022-11-17,128.672,128.672,128.675,128.667,1500410,15245854257.0,0.01,0.0,-0.002,18.05
2022-11-18,128.678,128.682,128.685,128.673,1525017,15496854623.0,0.01,0.01,0.01,18.34
2022-11-21,128.686,128.689,128.691,128.685,1116099,11342675000.0,0.0,0.01,0.007,13.43
2022-11-22,128.689,128.697,128.701,128.687,1086551,11043022408.0,0.01,0.01,0.008,13.07
2022-11-23,128.695,128.692,128.699,128.691,1230199,12503160039.0,0.01,0.0,-0.005,14.8
2022-11-24,128.696,128.702,128.705,128.688,1248242,12686671161.0,0.01,0.01,0.01,15.02
2022-11-25,128.702,128.71,128.72,128.702,1175508,11949077623.0,0.01,0.01,0.008,14.14
2022-11-28,128.71,128.709,128.718,128.704,1142120,11609974192.0,0.01,0.0,-0.001,13.74
2022-11-29,128.709,128.707,128.713,128.689,1289988,13112019662.0,0.02,0.0,-0.002,15.52
2022-11-30,128.708,128.725,128.732,128.708,1380391,14032778354.0,0.02,0.01,0.018,16.61
2022-12-01,128.711,128.714,128.719,128.71,1560650,15864747902.0,0.01,-0.01,-0.011,18.77
2022-12-02,128.726,128.726,128.733,128.723,1557006,15829649712.0,0.01,0.01,0.012,18.73
2022-12-05,128.73,128.732,128.735,128.728,1408985,14325318412.0,0.01,0.0,0.006,16.95
2022-12-06,128.736,128.741,128.742,128.733,1858849,18900245317.0,0.01,0.01,0.009,22.36
2022-12-07,128.741,128.746,128.747,128.735,1349412,13720802792.0,0.01,0.0,0.005,16.23
2022-12-08,128.745,128.747,128.753,128.744,1209990,12304195571.0,0.01,0.0,0.001,14.56
2022-12-09,128.753,128.756,128.761,128.752,1374039,13973390828.0,0.01,0.01,0.009,16.53
2022-12-12,128.759,128.759,128.763,128.756,1098427,11170982606.0,0.01,0.0,0.003,13.21
2022-12-13,128.762,128.761,128.765,128.759,1139078,11584715704.0,0.0,0.0,0.002,13.7
2022-12-14,128.764,128.766,128.769,128.762,1052990,10709477772.0,0.01,0.0,0.005,12.67
2022-12-15,128.771,128.791,128.799,128.768,1154643,11744298896.0,0.02,0.02,0.025,13.89
2022-12-16,128.788,128.804,128.815,128.787,1117075,11365008037.0,0.02,0.01,0.013,13.44
2022-12-19,128.802,128.806,128.811,128.796,1021395,10391774444.0,0.01,0.0,0.002,12.29
2022-12-20,128.806,128.809,128.81,128.801,1081023,10998820494.0,0.01,0.0,0.003,13.0
2022-12-21,128.807,128.803,128.811,128.8,1110704,11300800765.0,0.01,0.0,-0.006,13.36
2022-12-22,128.805,128.804,128.808,128.801,940152,9565504587.0,0.01,0.0,0.001,11.31
2022-12-23,128.812,128.815,128.824,128.796,1894237,19274290339.0,0.02,0.01,0.011,22.79
2022-12-26,128.82,128.81,128.822,128.802,1349096,13727103957.0,0.02,0.0,-0.005,16.23
2022-12-27,128.811,128.823,128.826,128.791,1895257,19283785251.0,0.03,0.01,0.013,22.8
2022-12-28,128.821,128.827,128.83,128.818,1544789,15720409616.0,0.01,0.0,0.004,18.58
2022-12-29,128.82,128.789,128.83,128.78,1814001,18458627780.0,0.04,-0.03,-0.038,21.82
2022-12-30,128.847,128.929,128.934,128.847,1833478,18352556901.0,0.07,0.11,0.14,22.06
2023-01-03,128.912,128.889,128.912,128.883,1500339,15021607867.0,0.02,-0.03,-0.04,18.05
2023-01-04,128.889,128.892,128.907,128.879,1221420,12228080528.0,0.02,0.0,0.003,14.69
2023-01-05,128.884,128.886,128.888,128.877,1466901,14684643158.0,0.01,0.0,-0.006,17.65
2023-01-06,128.891,128.905,128.906,128.89,1332414,13340432917.0,0.01,0.01,0.019,16.03
2023-01-09,128.903,128.909,128.911,128.901,1157094,11585743560.0,0.01,0.0,0.004,13.92
2023-01-10,128.919,128.925,128.926,128.914,1103836,11053945486.0,0.01,0.01,0.016,13.28
2023-01-11,128.917,128.919,128.93,128.917,1627855,16302462891.0,0.01,0.0,-0.006,19.58
2023-01-12,128.923,128.916,128.925,128.912,1084772,10863453405.0,0.01,0.0,-0.003,13.05
2023-01-13,128.93,128.93,128.937,128.928,1378362,13805159906.0,0.01,0.01,0.014,16.58
2023-01-16,128.934,128.921,128.937,128.917,1853395,18562061449.0,0.02,-0.01,-0.009,22.3
2023-01-17,128.929,128.937,128.939,128.922,1337671,13397308045.0,0.01,0.01,0.016,16.09
2023-01-18,128.941,128.961,128.963,128.939,1006631,10083345815.0,0.02,0.02,0.024,12.11
2023-01-19,128.959,128.965,128.97,128.952,1428255,14308561722.0,0.01,0.0,0.004,17.18
2023-01-20,129.007,129.012,129.044,129.004,1730100,17344040835.0,0.03,0.04,0.047,20.81
2023-01-30,129.002,129.005,129.008,128.988,2529422,25350732888.0,0.02,-0.01,-0.007,30.43
2023-01-31,129.009,129.006,129.011,129.003,1440159,14434611633.0,0.01,0.0,0.001,17.32
2023-02-01,129.011,129.019,129.021,129.01,1454732,14581972698.0,0.01,0.01,0.013,17.5
2023-02-02,129.022,129.053,129.055,129.021,1453059,14567597794.0,0.03,0.03,0.034,17.48
2023-02-03,129.037,129.097,129.104,129.036,1307248,13110564921.0,0.05,0.03,0.044,15.73
2023-02-06,129.097,129.095,129.097,129.068,1264762,12685616980.0,0.02,0.0,-0.002,15.21
2023-02-07,129.077,129.048,129.084,129.043,1446805,14508638605.0,0.03,-0.04,-0.047,17.4
2023-02-08,129.049,129.053,129.055,129.048,1137552,11406837779.0,0.01,0.0,0.005,13.68
2023-02-09,129.054,129.048,129.057,129.038,1493545,14976016510.0,0.01,0.0,-0.005,17.97
2023-02-10,129.062,129.071,129.073,129.061,1407026,14111053390.0,0.01,0.02,0.023,16.93
2023-02-13,129.074,129.07,129.075,129.065,1336139,13400519767.0,0.01,0.0,-0.001,16.07
2023-02-14,129.073,129.076,129.077,129.068,1159100,11625276150.0,0.01,0.0,0.006,13.94
2023-02-15,129.078,129.083,129.087,129.076,1028331,10314723836.0,0.01,0.01,0.007,12.37
2023-02-16,129.085,129.082,129.088,129.075,2331179,23382348456.0,0.01,0.0,-0.001,28.04
2023-02-17,129.097,129.103,129.104,129.091,1530671,15355791689.0,0.01,0.02,0.021,18.41
2023-02-20,129.103,129.101,129.111,129.099,1341349,13457482851.0,0.01,0.0,-0.002,16.14
2023-02-21,129.106,129.105,129.108,129.102,1125363,11290616712.0,0.0,0.0,0.004,13.54
2023-02-22,129.108,129.11,129.113,129.107,1173142,11770570408.0,0.0,0.0,0.005,14.11
2023-02-23,129.116,129.119,129.122,129.112,1192695,11967291782.0,0.01,0.01,0.009,14.35
2023-02-24,129.128,129.134,129.137,129.127,1158860,11629879355.0,0.01,0.01,0.015,13.94
2023-02-27,129.136,129.131,129.136,129.13,1363155,13680152018.0,0.0,0.0,-0.003,16.4
2023-02-28,129.133,129.132,129.135,129.121,1620309,16260553432.0,0.01,0.0,0.001,19.49
2023-03-01,129.145,129.144,129.149,129.141,1591674,15975032780.0,0.01,0.01,0.012,19.15
2023-03-02,129.147,129.153,129.154,129.145,1113642,11177867685.0,0.01,0.01,0.009,13.4
2023-03-03,129.164,129.168,129.169,129.162,1403876,14093171317.0,0.01,0.01,0.015,16.89
2023-03-06,129.169,129.178,129.18,129.167,1017434,10214504559.0,0.01,0.01,0.01,12.24
2023-03-07,129.18,129.192,129.199,129.176,1034048,10382356989.0,0.02,0.01,0.014,12.44
2023-03-08,129.186,129.188,129.192,129.183,1044025,10483021279.0,0.01,0.0,-0.004,12.56
2023-03-09,129.193,129.203,129.205,129.189,940837,9447561928.0,0.01,0.01,0.015,11.32
2023-03-10,129.203,129.215,129.227,129.201,1405044,14110987161.0,0.02,0.01,0.012,16.9
2023-03-13,129.217,129.203,129.22,129.201,1373745,13796811479.0,0.01,-0.01,-0.012,16.53
2023-03-14,129.207,129.206,129.212,129.202,1070942,10755419011.0,0.01,0.0,0.003,12.88
2023-03-15,129.209,129.212,129.213,129.2,1369436,13753208027.0,0.01,0.0,0.006,16.47
2023-03-16,129.214,129.213,129.217,129.211,1243602,12490248601.0,0.0,0.0,0.001,14.96
2023-03-17,129.225,129.222,129.229,129.218,2186932,21966923872.0,0.01,0.01,0.009,26.31
2023-03-20,129.23,129.231,129.238,129.227,1583370,15905763704.0,0.01,0.01,0.009,19.05
2023-03-21,129.238,129.235,129.239,129.235,1468829,14755794260.0,0.0,0.0,0.004,17.67
2023-03-22,129.242,129.248,129.25,129.24,1107038,11122129765.0,0.01,0.01,0.013,13.32
2023-03-23,129.249,129.261,129.262,129.248,1539626,15469880302.0,0.01,0.01,0.013,18.52
2023-03-24,129.263,129.271,129.277,129.263,1293130,12995083398.0,0.01,0.01,0.01,15.56
2023-03-27,129.268,129.27,129.276,129.266,1204294,12102295865.0,0.01,0.0,-0.001,14.49
2023-03-28,129.27,129.273,129.274,129.268,1305642,13120965836.0,0.0,0.0,0.003,15.71
2023-03-29,129.275,129.27,129.278,129.27,1797468,18063783617.0,0.01,0.0,-0.003,21.62
2023-03-30,129.27,129.268,129.278,129.256,1414989,14219190094.0,0.02,0.0,-0.002,17.02
2023-03-31,129.289,129.265,129.293,129.261,1777831,17867045727.0,0.02,0.0,-0.003,21.39
2023-04-03,129.306,129.304,129.308,129.301,1893403,19034112278.0,0.01,0.03,0.039,22.78
2023-04-04,129.319,129.327,129.328,129.318,1486470,14946009803.0,0.01,0.02,0.023,17.88
2023-04-06,129.334,129.346,129.348,129.33,1624631,16336849979.0,0.01,0.01,0.019,19.54
2023-04-07,129.352,129.359,129.362,129.346,1395735,14037868738.0,0.01,0.01,0.013,16.79
2023-04-10,129.355,129.352,129.359,129.35,1699527,17093374004.0,0.01,-0.01,-0.007,20.44
2023-04-11,129.356,129.356,129.358,129.354,1739129,17491864293.0,0.0,0.0,0.004,20.92
2023-04-12,129.361,129.366,129.368,129.359,1128989,11356016514.0,0.01,0.01,0.01,13.58
2023-04-13,129.366,129.373,129.375,129.366,1337262,13451993425.0,0.01,0.01,0.007,16.09
2023-04-14,129.379,129.383,129.388,129.377,1450509,14592629101.0,0.01,0.01,0.01,17.45
2023-04-17,129.389,129.391,129.395,129.388,1061992,10684965467.0,0.01,0.01,0.008,12.78
2023-04-18,129.394,129.412,129.415,129.394,1362194,13706504068.0,0.02,0.02,0.021,16.39
2023-04-19,129.404,129.413,129.415,129.403,1047169,10537614098.0,0.01,0.0,0.001,12.6
2023-04-20,129.409,129.41,129.413,129.408,1383693,13924624627.0,0.0,0.0,-0.003,16.64
2023-04-21,129.418,129.423,129.424,129.415,1697143,17080306282.0,0.01,0.01,0.013,20.42
2023-04-24,129.427,129.422,129.428,129.42,1246522,12545832327.0,0.01,0.0,-0.001,14.99
2023-04-25,129.426,129.425,129.427,129.421,1425560,14347795482.0,0.0,0.0,0.003,17.15
2023-04-26,129.427,129.428,129.43,129.422,1547722,15577512411.0,0.01,0.0,0.003,18.62
2023-04-27,129.426,129.448,129.454,129.421,1848650,18607750650.0,0.03,0.02,0.02,22.24
2023-04-28,129.467,129.469,129.476,129.463,1902734,19159031186.0,0.01,0.02,0.021,22.89
2023-05-04,129.47,129.494,129.497,129.47,1352718,13622143752.0,0.02,0.02,0.025,16.27
2023-05-05,129.49,129.519,129.525,129.49,1052830,10604976699.0,0.03,0.02,0.025,12.66
2023-05-08,129.518,129.512,129.519,129.501,1058558,10663098609.0,0.01,-0.01,-0.007,12.73
2023-05-09,129.507,129.513,129.515,129.506,995000,10023050637.0,0.01,0.0,0.001,11.97
2023-05-10,129.513,129.531,129.54,129.512,1198800,12076919000.0,0.02,0.01,0.018,14.42
2023-05-11,129.529,129.561,129.563,129.528,884964,8917386583.0,0.03,0.02,0.03,10.65
2023-05-12,129.552,129.578,129.583,129.552,813119,8195385853.0,0.02,0.01,0.017,9.78
2023-05-15,129.57,129.564,129.579,129.551,1159832,11689800160.0,0.02,-0.01,-0.014,13.95
2023-05-16,129.565,129.557,129.566,129.554,1022688,10307200006.0,0.01,-0.01,-0.007,12.3
2023-05-17,129.555,129.556,129.56,129.546,1348454,13589177339.0,0.01,0.0,-0.001,16.22
2023-05-18,129.553,129.552,129.555,129.549,1222953,12324285831.0,0.0,0.0,-0.004,14.71
2023-05-19,129.562,129.561,129.565,129.559,1255989,12658475842.0,0.0,0.01,0.009,15.11
2023-05-22,129.564,129.566,129.572,129.563,1303270,13135582964.0,0.01,0.0,0.005,15.68
2023-05-23,129.572,129.567,129.573,129.564,1113499,11223006410.0,0.01,0.0,0.001,13.39
2023-05-24,129.575,129.57,129.577,129.569,1549922,15622570514.0,0.01,0.0,0.003,18.64
2023-05-25,129.574,129.575,129.579,129.569,1434146,14455789438.0,0.01,0.0,0.005,17.25
2023-05-26,129.588,129.592,129.595,129.584,1167286,11767640279.0,0.01,0.01,0.017,14.04
2023-05-29,129.595,129.597,129.599,129.595,1019267,10276296516.0,0.0,0.0,0.005,12.26
2023-05-30,129.603,129.597,129.605,129.595,1384782,13962109713.0,0.01,0.0,0.0,16.66
2023-05-31,129.603,129.607,129.608,129.602,1356875,13681148866.0,0.0,0.01,0.01,16.32
2023-06-01,129.612,129.613,129.615,129.61,1368419,13798469982.0,0.0,0.0,0.006,16.46
2023-06-02,129.627,129.628,129.631,129.625,1272830,12836604522.0,0.0,0.01,0.015,15.31
2023-06-05,129.634,129.634,129.637,129.632,1196757,12070244385.0,0.0,0.0,0.006,14.4
2023-06-06,129.641,129.643,129.644,129.64,779532,7862709341.0,0.0,0.01,0.009,9.38
2023-06-07,129.646,129.65,129.653,129.646,1127952,11377841622.0,0.01,0.01,0.007,13.57
2023-06-08,129.653,129.655,129.656,129.65,1221957,12326674516.0,0.0,0.0,0.005,14.7
2023-06-09,129.664,129.649,129.665,129.64,1294816,13062040341.0,0.02,0.0,-0.006,15.58
2023-06-12,129.658,129.667,129.668,129.658,1305288,13168699448.0,0.01,0.01,0.018,15.7
2023-06-13,129.673,129.669,129.674,129.667,1064862,10743698551.0,0.01,0.0,0.002,12.81
2023-06-14,129.672,129.674,129.675,129.671,1245155,12563114936.0,0.0,0.0,0.005,14.98
2023-06-15,129.678,129.669,129.679,129.663,1913477,19305764443.0,0.01,0.0,-0.005,23.02
2023-06-16,129.684,129.681,129.686,129.674,2112208,21313072776.0,0.01,0.01,0.012,25.41
2023-06-19,129.691,129.695,129.696,129.689,1602820,16175001858.0,0.01,0.01,0.014,19.28
2023-06-20,129.695,129.698,129.7,129.69,1814928,18316014737.0,0.01,0.0,0.003,21.83
2023-06-21,129.718,129.72,129.725,129.716,1883686,19014596962.0,0.01,0.02,0.022,22.66
2023-06-26,129.724,129.724,129.726,129.72,1933173,19514682133.0,0.0,0.0,0.004,23.25
2023-06-27,129.727,129.732,129.734,129.724,1419883,14333779831.0,0.01,0.01,0.008,17.08
2023-06-28,129.73,129.727,129.734,129.721,1462919,14768503573.0,0.01,0.0,-0.005,17.6
2023-06-29,129.728,129.717,129.728,129.707,1541733,15561981293.0,0.02,-0.01,-0.01,18.55
2023-06-30,129.751,129.756,129.759,129.743,1669537,16857789438.0,0.01,0.03,0.039,20.08
2023-07-03,129.766,129.772,129.777,129.763,1571994,15876173021.0,0.01,0.01,0.016,18.91
2023-07-04,129.779,129.781,129.781,129.776,823080,8313232162.0,0.0,0.01,0.009,9.9
2023-07-05,129.783,129.789,129.793,129.781,1039956,10504548455.0,0.01,0.01,0.008,12.51
2023-07-06,129.792,129.814,129.833,129.791,1090066,11012188876.0,0.03,0.02,0.025,13.11
2023-07-07,129.818,129.823,129.835,129.811,1171225,11833979038.0,0.02,0.01,0.009,14.09
2023-07-10,129.82,129.813,129.821,129.807,999606,10099621092.0,0.01,-0.01,-0.01,12.02
2023-07-11,129.815,129.814,129.816,129.812,972260,9823342279.0,0.0,0.0,0.001,11.7
2023-07-12,129.815,129.816,129.818,129.814,1010939,10214421983.0,0.0,0.0,0.002,12.16
2023-07-13,129.819,129.82,129.821,129.815,1611067,16278289733.0,0.0,0.0,0.004,19.38
2023-07-14,129.831,129.834,129.837,129.83,1006215,10168380457.0,0.01,0.01,0.014,12.1
2023-07-17,129.831,129.843,129.845,129.827,1640485,16579078075.0,0.01,0.01,0.009,19.73
2023-07-18,129.844,129.86,129.864,129.844,1439242,14546902747.0,0.02,0.01,0.017,17.31
2023-07-19,129.857,129.849,129.862,129.847,1363635,13783504895.0,0.01,-0.01,-0.011,16.4
2023-07-20,129.853,129.858,129.859,129.85,1340990,13554254777.0,0.01,0.01,0.009,16.13
2023-07-21,129.864,129.866,129.869,129.863,1098793,11107518642.0,0.0,0.01,0.008,13.22
2023-07-24,129.868,129.871,129.872,129.867,995084,10059555361.0,0.0,0.0,0.005,11.97
2023-07-25,129.871,129.871,129.873,129.863,1730760,17496539223.0,0.01,0.0,0.0,20.82
2023-07-26,129.876,129.876,129.881,129.872,1597210,16147826053.0,0.01,0.0,0.005,19.21
2023-07-27,129.883,129.887,129.894,129.88,1330422,13451642303.0,0.01,0.01,0.011,16.0
2023-07-28,129.896,129.877,129.897,129.872,1846564,18670450816.0,0.02,-0.01,-0.01,22.21
2023-07-31,129.876,129.886,129.888,129.87,2257048,22819550466.0,0.01,0.01,0.009,27.15
2023-08-01,129.9,129.906,129.908,129.898,1602279,16203320450.0,0.01,0.02,0.02,19.27
2023-08-02,129.912,129.917,129.919,129.909,1153957,11670823731.0,0.01,0.01,0.011,13.88
2023-08-03,129.919,129.937,129.942,129.919,1058743,10708858735.0,0.02,0.02,0.02,12.74
2023-08-04,129.928,129.951,130.377,129.928,1263843,12785013433.0,0.35,0.01,0.014,15.2
2023-08-07,129.946,129.944,129.949,129.941,988150,9996851377.0,0.01,-0.01,-0.007,11.89
2023-08-08,129.943,129.949,129.951,129.943,813006,8225020280.0,0.01,0.0,0.005,9.78
2023-08-09,129.948,129.949,129.952,129.944,931933,9428427307.0,0.01,0.0,0.0,11.21
2023-08-10,129.953,129.955,129.956,129.95,1097718,11106286334.0,0.0,0.0,0.006,13.2
2023-08-11,129.964,129.97,129.978,129.963,1122924,11362912432.0,0.01,0.01,0.015,13.51
2023-08-14,129.971,129.98,129.982,129.971,1220857,12354860234.0,0.01,0.01,0.01,14.69
2023-08-15,129.98,129.992,129.995,129.979,1019426,10317678958.0,0.01,0.01,0.012,12.26
2023-08-16,129.993,130.005,130.005,129.993,894096,9050281765.0,0.01,0.01,0.013,10.76
2023-08-17,129.997,129.981,130.002,129.978,1217572,12323554557.0,0.02,-0.02,-0.024,14.65
2023-08-18,129.993,129.998,130.002,129.993,1278006,12936013845.0,0.01,0.01,0.017,15.37
2023-08-21,130.003,130.011,130.016,130.002,1256138,12715750638.0,0.01,0.01,0.013,15.11
2023-08-22,130.015,130.001,130.035,129.968,1439637,14574161651.0,0.05,-0.01,-0.01,17.32
2023-08-23,130.011,130.008,130.014,129.998,1358302,13750105252.0,0.01,0.01,0.007,16.34
2023-08-24,130.013,130.014,130.015,130.008,1430425,14480885131.0,0.01,0.0,0.006,17.21
2023-08-25,130.025,130.019,130.031,130.017,1628850,16491864326.0,0.01,0.0,0.005,19.59
2023-08-28,129.957,130.021,130.022,129.957,3070761,31084179928.0,0.05,0.0,0.002,36.94
2023-08-29,130.027,130.022,130.031,130.014,2387641,24173672628.0,0.01,0.0,0.001,28.72
2023-08-30,130.023,130.031,130.034,130.018,1697519,17187025747.0,0.01,0.01,0.009,20.42
2023-08-31,130.034,130.041,130.044,130.034,1218734,12341134429.0,0.01,0.01,0.01,14.66
2023-09-01,130.052,130.083,130.088,130.05,1260963,12772022556.0,0.03,0.03,0.042,15.17
2023-09-04,130.073,130.076,130.082,130.068,1060378,10741676902.0,0.01,-0.01,-0.007,12.76
2023-09-05,130.072,130.068,130.077,130.058,1023625,10368851804.0,0.01,-0.01,-0.008,12.31
2023-09-06,130.078,130.07,130.081,130.066,1514298,15339141359.0,0.01,0.0,0.002,18.22
2023-09-07,130.076,130.078,130.08,130.072,1275562,12921255459.0,0.01,0.01,0.008,15.34
2023-09-08,130.084,130.086,130.092,130.083,1445906,14648491725.0,0.01,0.01,0.008,17.39
2023-09-11,130.095,130.089,130.097,130.088,1302470,13195883711.0,0.01,0.0,0.003,15.67
2023-09-12,130.096,130.091,130.097,130.09,987149,10001491057.0,0.01,0.0,0.002,11.87
2023-09-13,130.098,130.099,130.114,130.095,1147708,11629128364.0,0.01,0.01,0.008,13.81
2023-09-14,130.117,130.097,130.119,130.087,1385638,14039981721.0,0.02,0.0,-0.002,16.67
2023-09-15,130.11,130.108,130.117,130.106,1333503,13512963812.0,0.01,0.01,0.011,16.04
2023-09-18,130.117,130.112,130.117,130.11,1180104,11958839910.0,0.01,0.0,0.004,14.2
2023-09-19,130.117,130.115,130.118,130.114,1142452,11577521903.0,0.0,0.0,0.003,13.74
2023-09-20,130.12,130.119,130.121,130.118,776283,7866993157.0,0.0,0.0,0.004,9.34
2023-09-21,130.122,130.118,130.124,130.115,995685,10090493088.0,0.01,0.0,-0.001,11.98
2023-09-22,130.133,130.123,130.134,130.119,1724005,17472624681.0,0.01,0.0,0.005,20.74
2023-09-25,130.134,130.144,130.145,130.132,1435395,14549598878.0,0.01,0.02,0.021,17.27
2023-09-26,130.145,130.145,130.148,130.141,1322239,13403156658.0,0.01,0.0,0.001,15.91
2023-09-27,130.14,130.154,130.177,130.093,2008685,20359321021.0,0.06,0.01,0.009,24.16
2023-09-28,130.207,130.223,130.231,130.206,1720904,17457673707.0,0.02,0.05,0.069,20.7
2023-10-09,130.226,130.244,130.251,130.224,1339238,13586951734.0,0.02,0.02,0.021,16.11
2023-10-10,130.236,130.263,130.267,130.236,1049081,10645013677.0,0.02,0.01,0.019,12.62
2023-10-11,130.256,130.249,130.271,130.241,1190372,12079208228.0,0.02,-0.01,-0.014,14.32
2023-10-12,130.24,130.25,130.252,130.239,1023427,10384396216.0,0.01,0.0,0.001,12.31
2023-10-13,130.261,130.268,130.278,130.259,1090033,11062558509.0,0.01,0.01,0.018,13.11
2023-10-16,130.268,130.268,130.273,130.266,745876,7570073734.0,0.01,0.0,0.0,8.97
2023-10-17,130.274,130.274,130.278,130.271,1495842,15182411909.0,0.01,0.0,0.006,17.99
2023-10-18,130.276,130.295,130.306,130.276,1206659,12248811036.0,0.02,0.02,0.021,14.52
2023-10-19,130.292,130.306,130.317,130.289,1058179,10742189032.0,0.02,0.01,0.011,12.73
2023-10-20,130.297,130.303,130.305,130.292,1337343,13576949013.0,0.01,0.0,-0.003,16.09
2023-10-23,130.296,130.306,130.31,130.295,985456,10004793205.0,0.01,0.0,0.003,11.85
2023-10-24,130.302,130.306,130.309,130.299,980995,9959734258.0,0.01,0.0,0.0,11.8
2023-10-25,130.301,130.294,130.304,130.292,1578450,16024363359.0,0.01,-0.01,-0.012,18.99
2023-10-26,130.3,130.293,130.302,130.291,1141314,11586713441.0,0.01,0.0,-0.001,13.73
2023-10-27,130.312,130.307,130.313,130.299,1460983,14833345741.0,0.01,0.01,0.014,17.57
2023-10-30,130.316,130.315,130.317,130.312,1352368,13731511028.0,0.0,0.01,0.008,16.27
2023-10-31,130.319,130.324,130.327,130.317,1136584,11541578306.0,0.01,0.01,0.009,13.67
2023-11-01,130.329,130.349,130.351,130.328,1275333,12952077981.0,0.02,0.02,0.025,15.34
2023-11-02,130.347,130.36,130.364,130.345,766806,7788736662.0,0.01,0.01,0.011,9.22
2023-11-03,130.358,130.351,130.363,130.347,1547807,15722099605.0,0.01,-0.01,-0.009,18.62
2023-11-06,130.355,130.347,130.355,130.341,1913177,19431936398.0,0.01,0.0,-0.004,23.01
2023-11-07,130.348,130.363,130.366,130.344,1236749,12562807714.0,0.02,0.01,0.016,14.88
2023-11-08,130.37,130.365,130.373,130.364,1100333,11178293050.0,0.01,0.0,0.002,13.24
2023-11-09,130.372,130.37,130.373,130.367,827403,8405793353.0,0.0,0.0,0.005,9.95
2023-11-10,130.381,130.384,130.387,130.38,999117,10151625885.0,0.01,0.01,0.014,12.02
2023-11-13,130.385,130.388,130.388,130.385,844014,8576013576.0,0.0,0.0,0.004,10.15
2023-11-14,130.395,130.391,130.396,130.389,1017517,10339444219.0,0.01,0.0,0.003,12.24
2023-11-15,130.389,130.391,130.392,130.387,1119389,11374477042.0,0.0,0.0,0.0,13.47
2023-11-16,130.396,130.411,130.415,130.393,855685,8695995679.0,0.02,0.02,0.02,10.29
2023-11-17,130.419,130.419,130.428,130.416,878170,8926265767.0,0.01,0.01,0.008,10.56
2023-11-20,130.422,130.436,130.445,130.422,1158731,11778420086.0,0.02,0.01,0.017,13.94
2023-11-21,130.429,130.435,130.44,130.426,1101782,11199899372.0,0.01,0.0,-0.001,13.25
2023-11-22,130.437,130.44,130.443,130.436,795964,8091858115.0,0.01,0.0,0.005,9.57
2023-11-23,130.438,130.445,130.452,130.435,856616,8708728109.0,0.01,0.0,0.005,10.3
2023-11-24,130.451,130.469,130.475,130.451,764168,7770550737.0,0.02,0.02,0.024,9.19
2023-11-27,130.46,130.461,130.462,130.448,867275,8818446718.0,0.01,-0.01,-0.008,10.43
2023-11-28,130.467,130.46,130.472,130.451,875638,8904382141.0,0.02,0.0,-0.001,10.53
2023-11-29,130.463,130.46,130.465,130.453,1227996,12486348319.0,0.01,0.0,0.0,14.77
2023-11-30,130.463,130.468,130.47,130.46,1073789,10919035753.0,0.01,0.01,0.008,12.92
2023-12-01,130.482,130.498,130.505,130.479,1192076,12125096355.0,0.02,0.02,0.03,14.34
2023-12-04,130.504,130.501,130.505,130.498,1277044,12990469618.0,0.01,0.0,0.003,15.36
2023-12-05,130.505,130.504,130.512,130.502,1376544,14003519958.0,0.01,0.0,0.003,16.56
2023-12-06,130.505,130.505,130.508,130.499,1438147,14629736402.0,0.01,0.0,0.001,17.3
2023-12-07,130.514,130.515,130.518,130.507,1476923,15025380488.0,0.01,0.01,0.01,17.77
2023-12-08,130.526,130.5,130.527,130.493,1858908,18912359227.0,0.03,-0.01,-0.015,22.36
2023-12-11,130.52,130.522,130.526,130.512,1874784,19074570630.0,0.01,0.02,0.022,22.55
2023-12-12,130.524,130.54,130.544,130.521,1404333,14289644445.0,0.02,0.01,0.018,16.89
2023-12-13,130.537,130.553,130.554,130.536,1375511,13997771987.0,0.01,0.01,0.013,16.55
2023-12-14,130.552,130.554,130.555,130.546,1903799,19375654312.0,0.01,0.0,0.001,22.9
2023-12-15,130.556,130.561,130.57,130.55,2357515,23994926587.0,0.02,0.01,0.007,28.36
2023-12-18,130.564,130.562,130.566,130.559,1930707,19651621715.0,0.01,0.0,0.001,23.23
2023-12-19,130.565,130.565,130.572,130.562,1597181,16257481541.0,0.01,0.0,0.003,19.21
2023-12-20,130.575,130.573,130.587,130.571,2272431,23133697483.0,0.01,0.01,0.008,27.34
2023-12-21,130.58,130.569,130.583,130.554,2039831,20764663493.0,0.02,0.0,-0.004,24.54
2023-12-22,130.59,130.588,130.601,130.585,1847133,18806469741.0,0.01,0.01,0.019,22.22
2023-12-25,130.6,130.6,130.601,130.595,1643275,16731936296.0,0.0,0.01,0.012,19.77
2023-12-26,130.6,130.599,130.601,130.59,1709354,17404273513.0,0.01,0.0,-0.001,20.56
2023-12-27,130.597,130.602,130.606,130.591,1598016,16271330439.0,0.01,0.0,0.003,19.22
2023-12-28,130.597,130.586,130.606,130.576,1788686,18210692788.0,0.02,-0.01,-0.016,21.52
2023-12-29,130.641,130.643,130.648,130.639,1410680,14118564778.0,0.01,0.04,0.057,16.97
2024-01-02,130.654,130.671,130.673,130.654,1114354,11154660403.0,0.01,0.02,0.028,13.4
2024-01-03,130.674,130.673,130.679,130.667,1133438,11347331651.0,0.01,0.0,0.002,13.63
2024-01-04,130.673,130.68,130.681,130.673,748002,7488800830.0,0.01,0.01,0.007,9.0
2024-01-05,130.696,130.698,130.704,130.694,1088850,10903498293.0,0.01,0.01,0.018,13.1
2024-01-08,130.697,130.698,130.7,130.694,912218,9134624783.0,0.0,0.0,0.0,10.97
2024-01-09,130.698,130.702,130.708,130.695,865742,8669524788.0,0.01,0.0,0.004,10.41
2024-01-10,130.709,130.71,130.712,130.706,1007863,10093641726.0,0.0,0.01,0.008,12.12
2024-01-11,130.711,130.708,130.715,130.703,1555939,15582534138.0,0.01,0.0,-0.002,18.72
2024-01-12,130.725,130.73,130.735,130.724,1054638,10564198629.0,0.01,0.02,0.022,12.69
2024-01-15,130.736,130.739,130.741,130.733,869360,8708829940.0,0.01,0.01,0.009,10.46
2024-01-16,130.741,130.738,130.741,130.736,895412,8970092688.0,0.0,0.0,-0.001,10.77
2024-01-17,130.739,130.742,130.743,130.737,907186,9088231477.0,0.0,0.0,0.004,10.91
2024-01-18,130.741,130.751,130.759,130.735,1168408,11705075274.0,0.02,0.01,0.009,14.06
2024-01-19,130.759,130.768,130.775,130.758,1229195,12317343423.0,0.01,0.01,0.017,14.79
2024-01-22,130.769,130.784,130.788,130.769,842316,8441192657.0,0.01,0.01,0.016,10.13
2024-01-23,130.777,130.776,130.782,130.766,1817786,18216642065.0,0.01,-0.01,-0.008,21.87
2024-01-24,130.776,130.776,130.78,130.769,1426085,14291502034.0,0.01,0.0,0.0,17.15
2024-01-25,130.778,130.765,130.78,130.758,1238601,12412197573.0,0.02,-0.01,-0.011,14.9
2024-01-26,130.785,130.793,130.796,130.782,1750706,17547325274.0,0.01,0.02,0.028,21.06
2024-01-29,130.799,130.801,130.803,130.796,1138090,11408182383.0,0.01,0.01,0.008,13.69
2024-01-30,130.806,130.814,130.817,130.805,1061805,10644378512.0,0.01,0.01,0.013,12.77
2024-01-31,130.814,130.82,130.822,130.811,1040148,10428111293.0,0.01,0.0,0.006,12.51
2024-02-01,130.822,130.828,130.829,130.816,1093340,10962067839.0,0.01,0.01,0.008,13.15
2024-02-02,130.835,130.84,130.842,130.833,964425,9671091951.0,0.01,0.01,0.012,11.6
2024-02-05,130.844,130.847,130.849,130.84,1307160,13108704099.0,0.01,0.01,0.007,15.72
2024-02-06,130.85,130.839,130.85,130.825,1518467,15227743424.0,0.02,-0.01,-0.008,18.27
2024-02-07,130.841,130.857,130.861,130.831,2512693,25197326642.0,0.02,0.01,0.018,30.23
2024-02-08,130.896,130.953,130.956,130.859,2590681,25994985528.0,0.07,0.07,0.096,31.16
2024-02-19,130.908,130.906,130.915,130.899,2480000,24885602100.0,0.01,-0.04,-0.047,29.83
2024-02-20,130.91,130.913,130.914,130.91,1323872,13285326240.0,0.0,0.01,0.007,15.93
2024-02-21,130.919,130.91,130.92,130.908,1706642,17126610289.0,0.01,0.0,-0.003,20.53
2024-02-22,130.918,130.913,130.918,130.913,1303423,13080531025.0,0.0,0.0,0.003,15.68
2024-02-23,130.93,130.929,130.932,130.923,1483790,14892673189.0,0.01,0.01,0.016,17.85
2024-02-26,130.935,130.936,130.937,130.933,1125442,11296676649.0,0.0,0.01,0.007,13.54
2024-02-27,130.942,130.938,130.944,130.934,1191226,11957646011.0,0.01,0.0,0.002,14.33
2024-02-28,130.941,130.937,130.942,130.933,1428637,14340313065.0,0.01,0.0,-0.001,17.19
2024-02-29,130.931,130.934,130.941,130.926,1409925,14152007744.0,0.01,0.0,-0.003,16.96
2024-03-01,130.961,130.962,130.974,130.961,1514607,15207647543.0,0.01,0.02,0.028,18.22
2024-03-04,130.975,130.973,130.976,130.972,879347,8829953081.0,0.0,0.01,0.011,10.58
2024-03-05,130.981,130.982,130.985,130.98,867885,8715467755.0,0.0,0.01,0.009,10.44
2024-03-06,130.99,130.989,130.992,130.984,1139425,11443049203.0,0.01,0.01,0.007,13.71
2024-03-07,130.991,130.992,130.993,130.99,834655,8382546178.0,0.0,0.0,0.003,10.04
2024-03-08,131.005,131.002,131.007,131.0,894474,8984456190.0,0.01,0.01,0.01,10.76
2024-03-11,131.008,131.004,131.009,131.004,996633,10010756631.0,0.0,0.0,0.002,11.99
2024-03-12,131.011,131.009,131.012,131.008,1175107,11803842048.0,0.0,0.0,0.005,14.14
2024-03-13,131.009,131.014,131.015,131.005,1176269,11815643609.0,0.01,0.0,0.005,14.15
2024-03-14,131.012,131.023,131.025,131.0,860335,8642368657.0,0.02,0.01,0.009,10.35
2024-03-15,131.038,131.038,131.042,131.036,857091,8611971181.0,0.0,0.01,0.015,10.31
2024-03-18,131.043,131.043,131.045,131.041,950254,9548403533.0,0.0,0.0,0.005,11.43
2024-03-19,131.046,131.046,131.053,131.044,994249,9991029554.0,0.01,0.0,0.003,11.96
2024-03-20,131.05,131.052,131.055,131.049,732112,7357102089.0,0.0,0.0,0.006,8.81
2024-03-21,131.055,131.058,131.062,131.054,897658,9021143409.0,0.01,0.0,0.006,10.8
2024-03-22,131.075,131.074,131.078,131.072,872946,8774390843.0,0.0,0.01,0.016,10.5
2024-03-25,131.077,131.092,131.094,131.077,1018448,10237681889.0,0.01,0.01,0.018,12.25
2024-03-26,131.086,131.089,131.095,131.085,1556521,15647535461.0,0.01,0.0,-0.003,18.72
2024-03-27,131.091,131.08,131.093,131.077,1086158,10918923387.0,0.01,-0.01,-0.009,13.07
2024-03-28,131.079,131.073,131.082,131.053,1169953,11759423928.0,0.02,-0.01,-0.007,14.07
2024-03-29,131.106,131.128,131.135,131.1,1112327,11184725664.0,0.03,0.04,0.055,13.38
2024-04-01,131.122,131.119,131.127,131.117,1112189,11184312224.0,0.01,-0.01,-0.009,13.38
2024-04-02,131.126,131.15,131.153,131.122,971750,9773467430.0,0.02,0.02,0.031,11.69
2024-04-03,131.159,131.18,131.189,131.159,891978,8974439468.0,0.02,0.02,0.03,10.73
2024-04-08,131.176,131.193,131.2,131.171,836620,8418136484.0,0.02,0.01,0.013,10.06
2024-04-09,131.177,131.182,131.189,131.176,1017603,10239376016.0,0.01,-0.01,-0.011,12.24
2024-04-10,131.175,131.182,131.183,131.175,871838,8772197318.0,0.01,0.0,0.0,10.49
2024-04-11,131.18,131.162,131.182,131.158,1139160,11461415155.0,0.02,-0.02,-0.02,13.7
2024-04-12,131.177,131.178,131.18,131.176,865677,8710240397.0,0.0,0.01,0.016,10.41
2024-04-15,131.182,131.178,131.183,131.177,1047764,10542581175.0,0.0,0.0,0.0,12.6
2024-04-16,131.184,131.186,131.187,131.183,1020687,10270616676.0,0.0,0.01,0.008,12.28
2024-04-17,131.188,131.184,131.19,131.183,1584723,15946481153.0,0.01,0.0,-0.002,19.06
2024-04-18,131.19,131.192,131.194,131.189,1606638,16167816033.0,0.0,0.01,0.008,19.33
2024-04-19,131.209,131.204,131.21,131.203,878523,8842160735.0,0.01,0.01,0.012,10.57
2024-04-22,131.21,131.208,131.211,131.207,1370925,13798130251.0,0.0,0.0,0.004,16.49
2024-04-23,131.214,131.214,131.215,131.213,936278,9423993241.0,0.0,0.0,0.006,11.26
2024-04-24,131.219,131.214,131.22,131.212,1397162,14063294224.0,0.01,0.0,0.0,16.81
2024-04-25,131.219,131.222,131.223,131.217,1389036,13981980480.0,0.0,0.01,0.008,16.71
2024-04-26,131.235,131.222,131.237,131.217,2173513,21880513540.0,0.02,0.0,0.0,26.15
2024-04-29,131.228,131.232,131.233,131.221,2262310,22774036627.0,0.01,0.01,0.01,27.21
2024-04-30,131.258,131.265,131.272,131.256,1511504,15221406006.0,0.01,0.03,0.033,18.18
2024-05-06,131.263,131.266,131.269,131.26,1493962,15044829359.0,0.01,0.0,0.001,17.97
2024-05-07,131.273,131.275,131.276,131.272,865697,8718760591.0,0.0,0.01,0.009,10.41
2024-05-08,131.279,131.281,131.284,131.278,884353,8907273315.0,0.0,0.0,0.006,10.64
2024-05-09,131.284,131.278,131.285,131.276,934260,9409855398.0,0.01,0.0,-0.003,11.24
2024-05-10,131.291,131.299,131.305,131.29,1100264,11083719098.0,0.01,0.02,0.021,13.24
2024-05-13,131.299,131.298,131.302,131.297,840260,8464720423.0,0.0,0.0,-0.001,10.11
2024-05-14,131.303,131.303,131.305,131.3,786285,7921257087.0,0.0,0.0,0.005,9.46
2024-05-15,131.308,131.307,131.309,131.306,584923,5892967641.0,0.0,0.0,0.004,7.04
2024-05-16,131.311,131.309,131.312,131.308,1147026,11556275982.0,0.0,0.0,0.002,13.8
2024-05-17,131.324,131.318,131.325,131.315,1172334,11812589845.0,0.01,0.01,0.009,14.1
2024-05-20,131.321,131.327,131.329,131.32,1482684,14939840162.0,0.01,0.01,0.009,17.84
2024-05-21,131.327,131.33,131.333,131.325,1117514,11261168301.0,0.01,0.0,0.003,13.44
2024-05-22,131.336,131.336,131.337,131.332,925231,9323964137.0,0.0,0.0,0.006,11.13
2024-05-23,131.34,131.356,131.357,131.338,873971,8808407723.0,0.01,0.02,0.02,10.51
2024-05-24,131.357,131.378,131.382,131.357,936685,9442409791.0,0.02,0.02,0.022,11.27
2024-05-27,131.365,131.37,131.376,131.365,1113304,11223462413.0,0.01,-0.01,-0.008,13.39
2024-05-28,131.368,131.367,131.37,131.365,1164363,11737613988.0,0.0,0.0,-0.003,14.01
2024-05-29,131.37,131.36,131.371,131.358,980816,9887292365.0,0.01,-0.01,-0.007,11.8
2024-05-30,131.368,131.376,131.378,131.365,1103163,11121080995.0,0.01,0.01,0.016,13.27
2024-05-31,131.384,131.378,131.387,131.373,1337715,13486741258.0,0.01,0.0,0.002,16.09
2024-06-03,131.385,131.391,131.392,131.383,1259921,12703363064.0,0.01,0.01,0.013,15.16
2024-06-04,131.395,131.39,131.402,131.389,906678,9142608469.0,0.01,0.0,-0.001,10.91
2024-06-05,131.398,131.398,131.403,131.397,812524,8193462609.0,0.0,0.01,0.008,9.77
2024-06-06,131.404,131.406,131.409,131.401,955692,9637597548.0,0.01,0.01,0.008,11.5
2024-06-07,131.42,131.421,131.426,131.417,1198261,12085687403.0,0.01,0.01,0.015,14.41
2024-06-11,131.423,131.421,131.424,131.419,852515,8598702409.0,0.0,0.0,0.0,10.26
2024-06-12,131.425,131.423,131.429,131.421,1409347,14215396404.0,0.01,0.0,0.002,16.95
2024-06-13,131.426,131.425,131.428,131.423,917944,9258899919.0,0.0,0.0,0.002,11.04
2024-06-14,131.438,131.43,131.439,131.429,1085096,10945867035.0,0.01,0.0,0.005,13.05
2024-06-17,131.441,131.442,131.444,131.44,1197423,12079831981.0,0.0,0.01,0.012,14.4
2024-06-18,131.447,131.446,131.448,131.445,1353179,13651722192.0,0.0,0.0,0.004,16.28
2024-06-19,131.451,131.451,131.455,131.449,1258369,12695954211.0,0.0,0.0,0.005,15.14
2024-06-20,131.457,131.456,131.458,131.452,965886,9745412774.0,0.0,0.0,0.005,11.62
2024-06-21,131.468,131.466,131.469,131.464,846906,8545780222.0,0.0,0.01,0.01,10.19
2024-06-24,131.469,131.473,131.474,131.468,1266597,12781253843.0,0.0,0.01,0.007,15.24
2024-06-25,131.476,131.473,131.477,131.472,1078692,10885510787.0,0.0,0.0,0.0,12.98
2024-06-26,131.476,131.476,131.477,131.474,1009472,10187133637.0,0.0,0.0,0.003,12.14
2024-06-27,131.479,131.485,131.487,131.475,1146196,11567415267.0,0.01,0.01,0.009,13.79
2024-06-28,131.494,131.493,131.498,131.49,1299602,13117296299.0,0.01,0.01,0.008,15.63
2024-07-01,131.499,131.507,131.508,131.497,910610,9191943485.0,0.01,0.01,0.014,10.95
2024-07-02,131.51,131.519,131.52,131.509,633437,6394713233.0,0.01,0.01,0.012,7.62
2024-07-03,131.527,131.514,131.529,131.514,647613,6538259614.0,0.01,0.0,-0.005,7.79
2024-07-04,131.519,131.523,131.525,131.515,582060,5876383327.0,0.01,0.01,0.009,7.0
2024-07-05,131.526,131.529,131.53,131.525,958953,9682324952.0,0.0,0.0,0.006,11.54
2024-07-08,131.531,131.532,131.533,131.53,676720,6832920387.0,0.0,0.0,0.003,8.14
2024-07-09,131.533,131.527,131.534,131.526,1114096,11248991454.0,0.01,0.0,-0.005,13.4
2024-07-10,131.533,131.533,131.533,131.53,750933,7582296682.0,0.0,0.0,0.006,9.03
2024-07-11,131.534,131.534,131.536,131.531,1258929,12711827755.0,0.0,0.0,0.001,15.14
2024-07-12,131.545,131.546,131.548,131.544,857948,8664066116.0,0.0,0.01,0.012,10.32
2024-07-15,131.553,131.556,131.556,131.551,940669,9500113435.0,0.0,0.01,0.01,11.32
2024-07-16,131.558,131.555,131.562,131.554,733971,7412968541.0,0.01,0.0,-0.001,8.83
2024-07-17,131.56,131.559,131.561,131.558,546039,5514943306.0,0.0,0.0,0.004,6.57
2024-07-18,131.561,131.56,131.563,131.558,836887,8452637256.0,0.0,0.0,0.001,10.07
2024-07-19,131.573,131.577,131.66,131.57,722756,7300775151.0,0.07,0.01,0.017,8.69
2024-07-22,131.576,131.573,131.577,131.572,770261,7780777022.0,0.0,0.0,-0.004,9.27
2024-07-23,131.578,131.579,131.579,131.576,951418,9610962425.0,0.0,0.0,0.006,11.44
2024-07-24,131.583,131.582,131.584,131.581,977330,9873242019.0,0.0,0.0,0.003,11.76
2024-07-25,131.586,131.584,131.587,131.582,1264847,12778003893.0,0.0,0.0,0.002,15.22
2024-07-26,131.596,131.595,131.597,131.594,990047,10002941895.0,0.0,0.01,0.011,11.91
2024-07-29,131.598,131.6,131.601,131.597,715060,7224896222.0,0.0,0.0,0.005,8.6
2024-07-30,131.604,131.604,131.606,131.601,873539,8826572887.0,0.0,0.0,0.004,10.51
2024-07-31,131.607,131.598,131.609,131.591,1825315,18443118558.0,0.01,0.0,-0.006,21.96
2024-08-01,131.605,131.613,131.616,131.605,1242734,12557876618.0,0.01,0.01,0.015,14.95
2024-08-02,131.625,131.629,131.629,131.625,717775,7254318884.0,0.0,0.01,0.016,8.63
2024-08-05,131.631,131.639,131.65,131.627,1007798,10185881827.0,0.02,0.01,0.01,12.12
2024-08-06,131.636,131.639,131.641,131.631,1000153,10108958584.0,0.01,0.0,0.0,12.03
2024-08-07,131.638,131.644,131.648,131.637,846817,8559601504.0,0.01,0.0,0.005,10.19
2024-08-08,131.646,131.639,131.651,131.638,688165,6956287229.0,0.01,0.0,-0.005,8.28
2024-08-09,131.651,131.655,131.657,131.65,828970,8380182392.0,0.01,0.01,0.016,9.97
2024-08-12,131.656,131.659,131.66,131.655,750139,7583647517.0,0.0,0.0,0.004,9.02
2024-08-13,131.659,131.661,131.662,131.657,959342,9698846054.0,0.0,0.0,0.002,11.54
2024-08-14,131.663,131.663,131.664,131.661,683577,6911122353.0,0.0,0.0,0.002,8.22
2024-08-15,131.668,131.666,131.671,131.659,1172225,11851810775.0,0.01,0.0,0.003,14.1
2024-08-16,131.676,131.681,131.681,131.675,933039,9434714408.0,0.0,0.01,0.015,11.22
2024-08-19,131.683,131.682,131.684,131.679,715220,7232404762.0,0.0,0.0,0.001,8.6
2024-08-20,131.683,131.689,131.694,131.682,940811,9513897754.0,0.01,0.01,0.007,11.32
2024-08-21,131.689,131.687,131.69,131.687,741977,7503488856.0,0.0,0.0,-0.002,8.93
2024-08-22,131.693,131.7,131.703,131.693,921364,9318188750.0,0.01,0.01,0.013,11.08
2024-08-23,131.71,131.704,131.71,131.701,592320,5991083363.0,0.01,0.0,0.004,7.13
2024-08-26,131.707,131.706,131.709,131.705,652763,6602500691.0,0.0,0.0,0.002,7.85
2024-08-27,131.711,131.71,131.712,131.709,672406,6801411730.0,0.0,0.0,0.004,8.09
2024-08-28,131.715,131.714,131.716,131.713,720094,7284061966.0,0.0,0.0,0.004,8.66
2024-08-29,131.719,131.711,131.719,131.71,1199321,12131683084.0,0.01,0.0,-0.003,14.43
2024-08-30,131.726,131.719,131.728,131.714,1438592,14552667608.0,0.01,0.01,0.008,17.31
2024-09-02,131.73,131.749,131.753,131.729,1155475,11690562454.0,0.02,0.02,0.03,13.9
2024-09-03,131.752,131.742,131.753,131.736,873234,8835374268.0,0.01,-0.01,-0.007,10.5
2024-09-04,131.741,131.747,131.749,131.74,544991,5514362666.0,0.01,0.0,0.005,6.56
2024-09-05,131.76,131.754,131.76,131.748,925030,9360568902.0,0.01,0.01,0.007,11.13
2024-09-06,131.756,131.766,131.769,131.756,725674,7343913835.0,0.01,0.01,0.012,8.73
2024-09-09,131.765,131.759,131.768,131.758,900321,9111336224.0,0.01,-0.01,-0.007,10.83
2024-09-10,131.764,131.761,131.765,131.759,1083260,10962805085.0,0.0,0.0,0.002,13.03
2024-09-11,131.766,131.764,131.767,131.763,830282,8402837421.0,0.0,0.0,0.003,9.99
2024-09-12,131.769,131.763,131.769,131.761,952813,9642895364.0,0.01,0.0,-0.001,11.46
2024-09-13,131.787,131.788,131.79,131.785,696756,7053042403.0,0.0,0.02,0.025,8.38
2024-09-18,131.79,131.781,131.791,131.774,1171393,11857390905.0,0.01,-0.01,-0.007,14.09
2024-09-19,131.785,131.782,131.787,131.758,839373,8496026345.0,0.02,0.0,0.001,10.1
2024-09-20,131.804,131.808,131.809,131.803,869843,8806807100.0,0.0,0.02,0.026,10.46
2024-09-23,131.811,131.809,131.814,131.807,1217177,12323920081.0,0.01,0.0,0.001,14.64
2024-09-24,131.812,131.795,131.813,131.792,2234891,22626984404.0,0.02,-0.01,-0.014,26.88
2024-09-25,131.789,131.815,131.816,131.773,2044758,20700810498.0,0.03,0.02,0.02,24.6
2024-09-26,131.816,131.806,131.819,131.804,1736444,17581418923.0,0.01,-0.01,-0.009,20.89
2024-09-27,131.77,131.875,131.929,131.728,1043929,10566288470.0,0.15,0.05,0.069,12.56
2024-09-30,131.77,131.854,131.894,131.765,1861213,18848114606.0,0.1,-0.02,-0.021,22.39
2024-10-08,131.568,131.86,131.866,131.56,2457612,24882297816.0,0.23,0.0,0.006,29.56
2024-10-09,131.869,131.878,131.895,131.862,1679351,17013703554.0,0.03,0.01,0.018,20.2
2024-10-10,131.872,131.938,131.946,131.872,1059939,10739992841.0,0.06,0.05,0.06,12.75
2024-10-11,131.92,132.032,132.048,131.917,875849,8882946164.0,0.1,0.07,0.094,10.54
2024-10-14,131.95,132.048,132.052,131.949,798969,8106032032.0,0.08,0.01,0.016,9.61
2024-10-15,132.0,131.939,132.024,131.906,1291520,13094688903.0,0.09,-0.08,-0.109,15.54
2024-10-16,131.902,131.896,131.904,131.895,1389307,14079089428.0,0.01,-0.03,-0.043,16.71
2024-10-17,131.896,131.901,131.901,131.895,1048158,10621865690.0,0.0,0.0,0.005,12.61
2024-10-18,131.905,131.852,131.909,131.805,2006513,20329209628.0,0.08,-0.04,-0.049,24.14
2024-10-21,131.86,131.908,131.912,131.86,1255164,12719515215.0,0.04,0.04,0.056,15.1
2024-10-22,131.911,131.915,131.915,131.907,1096554,11113749613.0,0.01,0.01,0.007,13.19
2024-10-23,131.915,131.917,131.918,131.91,1024454,10383193754.0,0.01,0.0,0.002,12.32
2024-10-24,131.925,131.933,131.939,131.923,1133203,11487040285.0,0.01,0.01,0.016,13.63
2024-10-25,131.938,131.932,131.946,131.931,1591606,16134967614.0,0.01,0.0,-0.001,19.15
2024-10-28,131.936,131.938,131.939,131.935,1012950,10268932132.0,0.0,0.0,0.006,12.19
2024-10-29,131.936,131.939,131.941,131.932,1192444,12088512851.0,0.01,0.0,0.001,14.34
2024-10-30,131.943,131.945,131.946,131.939,615878,6243888123.0,0.01,0.0,0.006,7.41
2024-10-31,131.951,131.954,131.957,131.946,1355676,13745244868.0,0.01,0.01,0.009,16.31
2024-11-01,131.967,131.97,131.982,131.962,1074020,10891681722.0,0.02,0.01,0.016,12.92
2024-11-04,131.978,131.973,131.978,131.966,861281,8734331098.0,0.01,0.0,0.003,10.36
2024-11-05,131.975,131.966,131.975,131.965,1608634,16312845466.0,0.01,-0.01,-0.007,19.35
2024-11-06,131.97,131.979,131.982,131.968,1579573,16019216662.0,0.01,0.01,0.013,19.0
2024-11-07,131.982,131.967,131.982,131.962,1220851,12381068190.0,0.02,-0.01,-0.012,14.69
2024-11-08,131.97,131.99,131.992,131.961,1876065,19026181024.0,0.02,0.02,0.023,22.57
2024-11-11,131.989,131.993,131.998,131.983,808847,8204120945.0,0.01,0.0,0.003,9.73
2024-11-12,131.995,132.001,132.005,131.994,975477,9895211395.0,0.01,0.01,0.008,11.73
2024-11-13,132.003,132.0,132.01,131.998,1108364,11243565527.0,0.01,0.0,-0.001,13.33
2024-11-14,132.005,132.004,132.006,132.001,891545,9044193735.0,0.0,0.0,0.004,10.72
2024-11-15,132.012,132.008,132.014,132.005,1312388,13314022513.0,0.01,0.0,0.004,15.79
2024-11-18,132.008,132.011,132.011,132.007,985221,9994964936.0,0.0,0.0,0.003,11.85
2024-11-19,132.013,132.013,132.015,132.009,886502,8993759090.0,0.0,0.0,0.002,10.66
2024-11-20,132.021,132.025,132.027,132.021,1053556,10689743897.0,0.0,0.01,0.012,12.67
2024-11-21,132.027,132.03,132.034,132.027,1249122,12674781541.0,0.01,0.0,0.005,15.03
2024-11-22,132.04,132.05,132.055,132.038,1147757,11647944031.0,0.01,0.02,0.02,13.81
2024-11-25,132.045,132.04,132.047,132.038,1423987,14450847915.0,0.01,-0.01,-0.01,17.13
2024-11-26,132.042,132.045,132.046,132.037,1276862,12957738224.0,0.01,0.0,0.005,15.36
2024-11-27,132.046,132.042,132.049,132.039,864953,8778002816.0,0.01,0.0,-0.003,10.4
2024-11-28,132.05,132.055,132.057,132.05,1566929,15903234311.0,0.01,0.01,0.013,18.85
2024-11-29,132.064,132.056,132.066,132.049,1915924,19446085396.0,0.01,0.0,0.001,23.05
2024-12-02,132.063,132.068,132.069,132.061,1960380,19898752713.0,0.01,0.01,0.012,23.58
2024-12-03,132.074,132.073,132.076,132.067,1405615,14268608365.0,0.01,0.0,0.005,16.91
2024-12-04,132.077,132.085,132.087,132.074,1139565,11568656059.0,0.01,0.01,0.012,13.71
2024-12-05,132.085,132.083,132.085,132.078,1115441,11324220568.0,0.01,0.0,-0.002,13.42
2024-12-06,132.089,132.084,132.092,132.083,1585393,16095990055.0,0.01,0.0,0.001,19.07
2024-12-09,132.089,132.091,132.093,132.088,1430384,14522745642.0,0.0,0.01,0.007,17.21
2024-12-10,132.07,132.088,132.09,132.068,3001868,30474514456.0,0.02,0.0,-0.003,36.11
2024-12-11,132.095,132.093,132.096,132.09,979424,9944294902.0,0.0,0.0,0.005,11.78
2024-12-12,132.101,132.103,132.105,132.1,1070474,10869802734.0,0.0,0.01,0.01,12.88
2024-12-13,132.113,132.119,132.12,132.11,980486,9957327863.0,0.01,0.01,0.016,11.79
2024-12-16,132.117,132.123,132.125,132.116,1022778,10387332639.0,0.01,0.0,0.004,12.3
2024-12-17,132.124,132.124,132.127,132.119,1165748,11839630996.0,0.01,0.0,0.001,14.02
2024-12-18,132.124,132.125,132.127,132.12,775018,7871338003.0,0.01,0.0,0.001,9.32
2024-12-19,132.13,132.126,132.131,132.123,1892154,19218224143.0,0.01,0.0,0.001,22.76
2024-12-20,132.136,132.136,132.137,132.134,794912,8074370718.0,0.0,0.01,0.01,9.56
2024-12-23,132.139,132.138,132.14,132.137,950551,9655537283.0,0.0,0.0,0.002,11.43
2024-12-24,132.141,132.138,132.141,132.132,1647584,16735534573.0,0.01,0.0,0.0,19.82
2024-12-25,132.14,132.145,132.147,132.136,845580,8589496296.0,0.01,0.01,0.007,10.17
2024-12-26,132.154,132.146,132.154,132.145,1647602,16737625381.0,0.01,0.0,0.001,19.82
2024-12-27,132.16,132.162,132.164,132.16,1147716,11660992120.0,0.0,0.01,0.016,13.81
2024-12-30,132.163,132.173,132.175,132.159,1665471,16921857761.0,0.01,0.01,0.011,20.03
2024-12-31,132.181,132.205,132.218,132.174,1138564,11394798877.0,0.03,0.02,0.032,13.7
2025-01-02,132.193,132.183,132.195,132.169,1494636,14956498711.0,0.02,-0.02,-0.022,17.98
2025-01-03,132.188,132.191,132.194,132.187,934741,9354779946.0,0.01,0.01,0.008,11.24
2025-01-06,132.192,132.193,132.196,132.191,859628,8603238429.0,0.0,0.0,0.002,10.34
2025-01-07,132.195,132.201,132.204,132.194,911520,9122932029.0,0.01,0.01,0.008,10.96
2025-01-08,132.2,132.234,132.236,132.199,847315,8481615807.0,0.03,0.02,0.033,10.19
2025-01-09,132.231,132.222,132.231,132.208,967143,9681230204.0,0.02,-0.01,-0.012,11.63
2025-01-10,132.223,132.231,132.236,132.219,801427,8023399209.0,0.01,0.01,0.009,9.64
2025-01-13,132.232,132.215,132.232,132.213,897138,8980895088.0,0.01,-0.01,-0.016,10.79
2025-01-14,132.217,132.207,132.218,132.202,1591672,15932048213.0,0.01,-0.01,-0.008,19.15
2025-01-15,132.213,132.226,132.229,132.211,990313,9913781558.0,0.01,0.01,0.019,11.91
2025-01-16,132.222,132.217,132.223,132.209,1170696,11718920012.0,0.01,-0.01,-0.009,14.08
2025-01-17,132.22,132.225,132.229,132.217,1187777,11890907805.0,0.01,0.01,0.008,14.29
2025-01-20,132.225,132.219,132.226,132.207,851120,8520109723.0,0.01,0.0,-0.006,10.24
2025-01-21,132.23,132.232,132.237,132.229,1089247,10905618108.0,0.01,0.01,0.013,13.1
2025-01-22,132.238,132.241,132.244,132.236,1072879,10742524413.0,0.01,0.01,0.009,12.91
2025-01-23,132.241,132.235,132.241,132.229,1597695,15996593452.0,0.01,0.0,-0.006,19.22
2025-01-24,132.24,132.237,132.254,132.208,2102266,21047646347.0,0.03,0.0,0.002,25.29
2025-01-27,132.288,132.302,132.311,132.285,1659894,16629793255.0,0.02,0.05,0.065,19.97
2025-02-05,132.294,132.312,132.314,132.293,1019476,10213802758.0,0.02,0.01,0.01,12.26
2025-02-06,132.313,132.303,132.313,132.297,1073605,10756615794.0,0.01,-0.01,-0.009,12.91
2025-02-07,132.31,132.307,132.313,132.305,1392929,13956534694.0,0.01,0.0,0.004,16.76
2025-02-10,132.31,132.308,132.311,132.306,1123306,11255138835.0,0.0,0.0,0.001,13.51
2025-02-11,132.312,132.317,132.318,132.31,909035,9108727136.0,0.01,0.01,0.009,10.94
2025-02-12,132.328,132.315,132.328,132.309,814286,8159754805.0,0.01,0.0,-0.002,9.8
2025-02-13,132.32,132.322,132.325,132.319,1235129,12377131413.0,0.0,0.01,0.007,14.86
2025-02-14,132.331,132.341,132.343,132.33,889942,8919329174.0,0.01,0.01,0.019,10.71
2025-02-17,132.334,132.347,132.349,132.334,928487,9306058327.0,0.01,0.0,0.006,11.17
2025-02-18,132.354,132.336,132.356,132.332,871682,8736808019.0,0.02,-0.01,-0.011,10.49
2025-02-19,132.34,132.335,132.343,132.333,1746682,17506162162.0,0.01,0.0,-0.001,21.01
2025-02-20,132.341,132.347,132.349,132.337,1384892,13880757464.0,0.01,0.01,0.012,16.66
2025-02-21,132.353,132.344,132.355,132.339,1441693,14451171828.0,0.01,0.0,-0.003,17.34
2025-02-24,132.351,132.357,132.358,132.351,1033824,10363243723.0,0.01,0.01,0.013,12.44
2025-02-25,132.363,132.362,132.364,132.359,1144156,11470099061.0,0.0,0.0,0.005,13.76
2025-02-26,132.364,132.361,132.365,132.359,1053520,10561537895.0,0.0,0.0,-0.001,12.67
2025-02-27,132.364,132.37,132.371,132.362,1077271,10800140720.0,0.01,0.01,0.009,12.96
2025-02-28,132.376,132.379,132.384,132.374,1037375,10401454224.0,0.01,0.01,0.009,12.48
2025-03-03,132.382,132.388,132.392,132.38,1545964,15501784203.0,0.01,0.01,0.009,18.6
2025-03-04,132.391,132.393,132.395,132.388,966512,9692077541.0,0.01,0.0,0.005,11.63
2025-03-05,132.394,132.403,132.406,132.393,870842,8733419611.0,0.01,0.01,0.01,10.48
2025-03-06,132.401,132.394,132.401,132.392,1309298,13130101629.0,0.01,-0.01,-0.009,15.75
2025-03-07,132.404,132.403,132.406,132.398,1016649,10196168067.0,0.01,0.01,0.009,12.23
2025-03-10,132.409,132.41,132.411,132.407,981937,9848543779.0,0.0,0.01,0.007,11.81
2025-03-11,132.414,132.417,132.417,132.413,774678,7770239540.0,0.0,0.01,0.007,9.32
2025-03-12,132.417,132.42,132.422,132.415,953825,9567496927.0,0.01,0.0,0.003,11.47
2025-03-13,132.421,132.436,132.442,132.421,867121,8698461220.0,0.02,0.01,0.016,10.43
2025-03-14,132.444,132.424,132.445,132.423,1577438,15824422077.0,0.02,-0.01,-0.012,18.98
2025-03-17,132.426,132.426,132.428,132.423,1202462,12062275217.0,0.0,0.0,0.002,14.46
2025-03-18,132.424,132.418,132.426,132.414,1521729,15264251624.0,0.01,-0.01,-0.008,18.31
2025-03-19,132.425,132.433,132.435,132.419,666570,6686746517.0,0.01,0.01,0.015,8.02
2025-03-20,132.445,132.452,132.454,132.443,920807,9239163037.0,0.01,0.01,0.019,11.08
2025-03-21,132.455,132.484,132.488,132.455,1057082,10608054855.0,0.02,0.02,0.032,12.72
2025-03-24,132.482,132.492,132.496,132.476,676106,6786408368.0,0.02,0.01,0.008,8.13
2025-03-25,132.505,132.505,132.509,132.486,685009,6876237759.0,0.02,0.01,0.013,8.24
2025-03-26,132.492,132.49,132.498,132.474,933997,9374892747.0,0.02,-0.01,-0.015,11.24
2025-03-27,132.477,132.477,132.484,132.467,1068864,10727528244.0,0.01,-0.01,-0.013,12.86
2025-03-28,132.48,132.475,132.483,132.474,1227493,12319927722.0,0.01,0.0,-0.002,14.77
2025-03-31,132.48,132.482,132.487,132.475,972752,9763269347.0,0.01,0.01,0.007,11.7
2025-04-01,132.495,132.503,132.507,132.483,1187927,11924218198.0,0.02,0.02,0.021,14.29
2025-04-02,132.504,132.511,132.523,132.497,996547,10004614969.0,0.02,0.01,0.008,11.99
2025-04-03,132.508,132.516,132.521,132.508,948246,9520610063.0,0.01,0.0,0.005,11.41
2025-04-07,132.506,132.507,132.511,132.502,1556299,15624360894.0,0.01,-0.01,-0.009,18.72
2025-04-08,132.505,132.515,132.517,132.505,1298212,13033778162.0,0.01,0.01,0.008,15.62
2025-04-09,132.525,132.52,132.525,132.515,1349649,13551420432.0,0.01,0.0,0.005,16.24
2025-04-10,132.518,132.523,132.528,132.516,1454067,14600024550.0,0.01,0.0,0.003,17.49
2025-04-11,132.528,132.53,132.536,132.528,1387812,13936447250.0,0.01,0.01,0.007,16.69
2025-04-14,132.533,132.537,132.539,132.532,1266077,12714388029.0,0.01,0.01,0.007,15.23
2025-04-15,132.546,132.546,132.548,132.54,978002,9822373555.0,0.01,0.01,0.009,11.76
2025-04-16,132.548,132.551,132.552,132.546,1001662,10060455913.0,0.0,0.0,0.005,12.05
2025-04-17,132.548,132.547,132.552,132.545,1614890,16219323003.0,0.01,0.0,-0.004,19.43
2025-04-18,132.553,132.554,132.557,132.551,959015,9632569393.0,0.0,0.01,0.007,11.54
2025-04-21,132.557,132.551,132.559,132.55,1215038,12204211765.0,0.01,0.0,-0.003,14.62
2025-04-22,132.557,132.556,132.558,132.555,999193,10036378792.0,0.0,0.0,0.005,12.02
2025-04-23,132.56,132.556,132.561,132.555,990344,9947496842.0,0.0,0.0,0.0,11.91
2025-04-24,132.561,132.563,132.564,132.56,915583,9197025162.0,0.0,0.01,0.007,11.01
2025-04-25,132.573,132.569,132.573,132.567,1443274,14498801432.0,0.0,0.0,0.006,17.36
2025-04-28,132.567,132.567,132.57,132.562,1418284,14247094093.0,0.01,0.0,-0.002,17.06
2025-04-29,132.57,132.569,132.571,132.567,850275,8541563391.0,0.0,0.0,0.002,10.23
2025-04-30,132.59,132.594,132.598,132.59,1491808,14989900620.0,0.01,0.02,0.025,17.95
2025-05-06,132.598,132.594,132.601,132.593,1021767,10267151707.0,0.01,0.0,0.0,12.29
2025-05-07,132.596,132.597,132.601,132.593,1185877,11916305790.0,0.01,0.0,0.003,14.27
2025-05-08,132.604,132.602,132.605,132.598,1289282,12956009037.0,0.01,0.0,0.005,15.51
2025-05-09,132.614,132.614,132.617,132.612,1561540,15693798833.0,0.0,0.01,0.012,18.78
2025-05-12,132.616,132.615,132.617,132.614,1017512,10226335720.0,0.0,0.0,0.001,12.24
2025-05-13,132.617,132.621,132.624,132.616,942184,9469624538.0,0.01,0.0,0.006,11.33
2025-05-14,132.624,132.623,132.627,132.621,1293560,13001751107.0,0.0,0.0,0.002,15.56
2025-05-15,132.627,132.636,132.637,132.625,1013363,10186131058.0,0.01,0.01,0.013,12.19
2025-05-16,132.642,132.64,132.645,132.639,1193631,11999531855.0,0.0,0.0,0.004,14.36
2025-05-19,132.644,132.648,132.651,132.643,1120106,11260916837.0,0.01,0.01,0.008,13.47
2025-05-20,132.648,132.645,132.649,132.644,815369,8197227895.0,0.0,0.0,-0.003,9.81
2025-05-21,132.649,132.647,132.65,132.646,664924,6684883553.0,0.0,0.0,0.002,8.0
2025-05-22,132.652,132.655,132.657,132.652,969716,9749664396.0,0.0,0.01,0.008,11.66
2025-05-23,132.661,132.663,132.665,132.661,1323598,13308868436.0,0.0,0.01,0.008,15.92
2025-05-26,132.664,132.662,132.666,132.66,1251450,12583538296.0,0.0,0.0,-0.001,15.05
2025-05-27,132.663,132.661,132.664,132.657,1101775,11078046181.0,0.01,0.0,-0.001,13.25
2025-05-28,132.662,132.666,132.667,132.661,702327,7062100982.0,0.0,0.0,0.005,8.45
2025-05-29,132.672,132.668,132.675,132.666,1751032,17607931063.0,0.01,0.0,0.002,21.06
2025-05-30,132.683,132.691,132.693,132.678,1490916,14994410430.0,0.01,0.02,0.023,17.93
2025-06-03,132.691,132.687,132.692,132.686,723179,7273562243.0,0.0,0.0,-0.004,8.7
2025-06-04,132.69,132.689,132.692,132.688,768949,7733975170.0,0.0,0.0,0.002,9.25
2025-06-05,132.694,132.691,132.696,132.689,741580,7458864655.0,0.01,0.0,0.002,8.92
2025-06-06,132.703,132.703,132.705,132.702,633952,6377016055.0,0.0,0.01,0.012,7.63
2025-06-09,132.706,132.703,132.708,132.702,1047065,10532603360.0,0.0,0.0,0.0,12.6
2025-06-10,132.706,132.708,132.709,132.705,881861,8871052628.0,0.0,0.0,0.005,10.61
2025-06-11,132.711,132.708,132.713,132.707,617632,6213187016.0,0.0,0.0,0.0,7.43
2025-06-12,132.713,132.711,132.713,132.709,727363,7317216079.0,0.0,0.0,0.003,8.75
2025-06-13,132.724,132.725,132.728,132.723,988346,9944074355.0,0.0,0.01,0.014,11.89
2025-06-16,132.726,132.724,132.728,132.723,902698,9082367961.0,0.0,0.0,-0.001,10.86
2025-06-17,132.723,132.725,132.727,132.722,1046186,10525769339.0,0.0,0.0,0.001,12.58
2025-06-18,132.73,132.739,132.741,132.729,688544,6928141746.0,0.01,0.01,0.014,8.28
2025-06-19,132.746,132.752,132.757,132.745,1338158,13467007281.0,0.01,0.01,0.013,16.1
2025-06-20,132.756,132.755,132.76,132.747,769365,7743355368.0,0.01,0.0,0.003,9.25
2025-06-23,132.755,132.749,132.757,132.747,1422706,14317951947.0,0.01,0.0,-0.006,17.11
2025-06-24,132.752,132.749,132.752,132.743,1642280,16527126356.0,0.01,0.0,0.0,19.76
2025-06-25,132.75,132.748,132.753,132.745,1544172,15540313810.0,0.01,0.0,-0.001,18.58
2025-06-26,132.752,132.756,132.757,132.751,1563668,15737014570.0,0.0,0.01,0.008,18.81
2025-06-27,132.767,132.774,132.778,132.766,1560037,15702998749.0,0.01,0.01,0.018,18.77
2025-06-30,132.773,132.823,132.832,132.771,976177,9827393076.0,0.05,0.04,0.049,11.74
2025-07-01,132.801,132.783,132.806,132.777,1158169,11659625944.0,0.02,-0.03,-0.04,13.93
2025-07-02,132.782,132.782,132.783,132.779,1323209,13320569381.0,0.0,0.0,-0.001,15.92
2025-07-03,132.784,132.79,132.792,132.783,896838,9028885631.0,0.01,0.01,0.008,10.79
2025-07-04,132.798,132.812,132.813,132.796,1481272,14914817127.0,0.01,0.02,0.022,17.82
2025-07-07,132.803,132.805,132.812,132.801,947763,9543506917.0,0.01,-0.01,-0.007,11.4
2025-07-08,132.804,132.795,132.806,132.792,870904,8768647256.0,0.01,-0.01,-0.01,10.48
2025-07-09,132.794,132.796,132.799,132.794,790422,7958337395.0,0.0,0.0,0.001,9.51
2025-07-10,132.804,132.802,132.806,132.8,1311529,13205952402.0,0.0,0.0,0.006,15.78
2025-07-11,132.813,132.807,132.814,132.806,1606388,16175961796.0,0.01,0.0,0.005,19.32
2025-07-14,132.809,132.813,132.814,132.807,1577394,15884020192.0,0.01,0.0,0.006,18.97
2025-07-15,132.813,132.821,132.821,132.812,1071268,10788140814.0,0.01,0.01,0.008,12.89
2025-07-16,132.823,132.827,132.827,132.821,1234589,12433636398.0,0.0,0.0,0.006,14.85
2025-07-17,132.829,132.83,132.832,132.827,1004811,10120185352.0,0.0,0.0,0.003,12.09
2025-07-18,132.838,132.833,132.838,132.83,1605493,16171224810.0,0.01,0.0,0.003,19.31
2025-07-21,132.835,132.833,132.836,132.832,1119988,11280740845.0,0.0,0.0,0.0,13.47
2025-07-22,132.829,132.832,132.833,132.829,1186192,11947203176.0,0.0,0.0,-0.001,14.27
2025-07-23,132.832,132.838,132.839,132.83,1075474,10832434269.0,0.01,0.0,0.006,12.94
2025-07-24,132.845,132.845,132.85,132.844,1572265,15838106127.0,0.0,0.01,0.007,18.91
2025-07-25,132.854,132.857,132.858,132.852,2298770,23158568718.0,0.0,0.01,0.012,27.65
2025-07-28,132.857,132.86,132.862,132.855,2085202,21007471964.0,0.01,0.0,0.003,25.08
2025-07-29,132.858,132.855,132.859,132.853,1002148,10096017884.0,0.0,0.0,-0.005,12.06
2025-07-30,132.857,132.861,132.862,132.855,1395597,14060108358.0,0.01,0.0,0.006,16.79
2025-07-31,132.867,132.886,132.89,132.866,1334051,13442553353.0,0.02,0.02,0.025,16.05
2025-08-01,132.882,132.91,132.918,132.879,1597188,16095597905.0,0.03,0.02,0.024,19.21
2025-08-04,132.9,132.89,132.9,132.878,1925547,19405420049.0,0.02,-0.02,-0.02,23.16
2025-08-05,132.884,132.879,132.884,132.872,1786477,18001232676.0,0.01,-0.01,-0.011,21.49
2025-08-06,132.88,132.88,132.882,132.876,1064093,10722530754.0,0.0,0.0,0.001,12.8
2025-08-07,132.89,132.888,132.891,132.885,2026550,20422714291.0,0.0,0.01,0.008,24.38
2025-08-08,132.892,132.892,132.895,132.889,1776867,17907506515.0,0.0,0.0,0.004,21.37
2025-08-11,132.891,132.886,132.892,132.884,1421457,14324711656.0,0.01,0.0,-0.006,17.1
2025-08-12,132.885,132.896,132.896,132.883,1885600,19002681889.0,0.01,0.01,0.01,22.68
2025-08-13,132.9,132.899,132.902,132.897,1964049,19794954958.0,0.0,0.0,0.003,23.63
2025-08-14,132.899,132.906,132.908,132.895,1551386,15636190065.0,0.01,0.01,0.007,18.66
2025-08-15,132.916,132.913,132.919,132.911,1695442,17090384389.0,0.01,0.01,0.007,20.39
2025-08-18,132.914,132.913,132.915,132.911,1618136,16310893210.0,0.0,0.0,0.0,19.47
2025-08-19,132.909,132.917,132.92,132.905,1896220,19113529734.0,0.01,0.0,0.004,22.81
2025-08-20,132.917,132.929,132.932,132.911,1154196,11635594424.0,0.02,0.01,0.012,13.88
2025-08-21,132.924,132.957,132.962,132.924,1201950,12118670363.0,0.03,0.02,0.028,14.46
2025-08-22,132.962,132.945,132.965,132.933,2056529,20737487283.0,0.02,-0.01,-0.012,24.74
2025-08-25,132.935,132.939,132.94,132.934,1862822,18781855308.0,0.0,0.0,-0.006,22.41
2025-08-26,132.936,132.942,132.945,132.935,1860964,18763143241.0,0.01,0.0,0.003,22.39
2025-08-27,132.941,132.949,132.956,132.939,1270881,12814849505.0,0.01,0.01,0.007,15.29
2025-08-28,132.955,132.971,132.973,132.95,1590791,16042472270.0,0.02,0.02,0.022,19.14
2025-08-29,132.967,132.996,132.998,132.956,1827618,18433707812.0,0.03,0.02,0.025,21.98
2025-09-01,132.964,133.014,133.022,132.964,1225434,12361689820.0,0.04,0.01,0.018,14.74
2025-09-02,132.997,133.036,133.041,132.992,1237504,12487399417.0,0.04,0.02,0.022,14.89
2025-09-03,132.998,133.003,133.007,132.98,2345499,23662030317.0,0.02,-0.02,-0.033,28.21
2025-09-04,132.975,132.984,132.987,132.974,2804820,28291318643.0,0.01,-0.01,-0.019,33.74
2025-09-05,132.982,132.966,132.983,132.964,2072583,20904770212.0,0.01,-0.01,-0.018,24.93
2025-09-08,132.975,132.974,132.976,132.97,2188006,22068565733.0,0.0,0.01,0.008,26.32
2025-09-09,132.973,132.977,132.979,132.969,2032609,20500889356.0,0.01,0.0,0.003,24.45
2025-09-10,132.976,132.981,132.982,132.975,1564851,15784115427.0,0.01,0.0,0.004,18.82
2025-09-11,132.991,132.984,132.993,132.98,2398250,24192277463.0,0.01,0.0,0.003,28.85
2025-09-12,132.993,132.993,132.995,132.99,1975237,19926372386.0,0.0,0.01,0.009,23.76
2025-09-15,132.994,132.997,132.997,132.993,1882892,18995166557.0,0.0,0.0,0.004,22.65
2025-09-16,132.993,132.989,132.995,132.988,1602527,16166313736.0,0.01,-0.01,-0.008,19.28
2025-09-17,132.991,132.999,133.0,132.99,1352338,13642737645.0,0.01,0.01,0.01,16.27
2025-09-18,133.008,133.024,133.027,133.008,2050939,20694339860.0,0.01,0.02,0.025,24.67
2025-09-19,133.022,133.028,133.029,133.014,2168014,21877132831.0,0.01,0.0,0.004,26.08
2025-09-22,133.013,133.024,133.025,133.013,1452828,14660014709.0,0.01,0.0,-0.004,17.48
2025-09-23,133.021,133.037,133.04,133.018,1290763,13025545111.0,0.02,0.01,0.013,15.53
2025-09-24,133.03,133.019,133.045,133.012,1580964,15954824661.0,0.02,-0.01,-0.018,19.02
2025-09-25,133.019,133.022,133.023,133.015,1710788,17262883465.0,0.01,0.0,0.003,20.58
2025-09-26,133.038,133.037,133.044,133.033,2449336,24720169965.0,0.01,0.01,0.015,29.46
2025-09-29,133.038,133.04,133.043,133.032,2461701,24845080194.0,0.01,0.0,0.003,29.61
2025-09-30,133.073,133.092,133.1,133.066,2184713,22058801638.0,0.03,0.04,0.052,26.28
2025-10-09,133.073,133.06,133.079,133.056,2272067,22937076637.0,0.02,-0.02,-0.032,27.33
2025-10-10,133.073,133.084,133.089,133.072,2166753,21876874460.0,0.01,0.02,0.024,26.06
2025-10-13,133.078,133.081,133.082,133.073,2407727,24309854080.0,0.01,0.0,-0.003,28.96
2025-10-14,133.082,133.092,133.094,133.079,2268204,22902622947.0,0.01,0.01,0.011,27.28
2025-10-15,133.083,133.086,133.088,133.079,2421629,24451367004.0,0.01,0.0,-0.006,29.13
2025-10-16,133.089,133.103,133.109,133.088,1589051,16046685114.0,0.02,0.01,0.017,19.12
2025-10-17,133.109,133.125,133.135,133.108,1831885,18504786864.0,0.02,0.02,0.022,22.04
2025-10-20,133.131,133.145,133.148,133.112,1727635,17452514379.0,0.03,0.02,0.02,20.78
2025-10-21,133.125,133.112,133.126,133.107,2795886,28238933449.0,0.01,-0.02,-0.033,33.63
2025-10-22,133.107,133.119,133.122,133.107,2320666,23438824878.0,0.01,0.01,0.007,27.92
2025-10-23,133.12,133.114,133.129,133.111,2014908,20352962924.0,0.01,0.0,-0.005,24.24
2025-10-24,133.125,133.123,133.128,133.12,2707584,27350021419.0,0.01,0.01,0.009,32.57
2025-10-27,133.122,133.119,133.123,133.118,2535740,25613014545.0,0.0,0.0,-0.004,30.5
2025-10-28,133.121,133.121,133.123,133.117,2284806,23078344362.0,0.0,0.0,0.002,27.48
2025-10-29,133.124,133.124,133.125,133.12,1733190,17507037157.0,0.0,0.0,0.003,20.85
2025-10-30,133.131,133.153,133.158,133.131,2192313,22147907054.0,0.02,0.02,0.029,26.37
2025-10-31,133.146,133.138,133.15,133.135,2045435,20665440921.0,0.01,-0.01,-0.015,24.61
2025-11-03,133.138,133.14,133.141,133.136,1721336,17390035269.0,0.0,0.0,0.002,20.71
2025-11-04,133.14,133.155,133.156,133.14,1529212,15450369878.0,0.01,0.01,0.015,18.4
2025-11-05,133.16,133.16,133.161,133.15,1573487,15899291315.0,0.01,0.0,0.005,18.93
2025-11-06,133.161,133.168,133.169,133.156,1904981,19249261150.0,0.01,0.01,0.008,22.92
2025-11-07,133.171,133.17,133.185,133.166,1933428,19539694361.0,0.01,0.0,0.002,23.26
2025-11-10,133.17,133.164,133.176,133.163,1916981,19372616107.0,0.01,0.0,-0.006,23.06
2025-11-11,133.164,133.17,133.171,133.163,1454935,14702911995.0,0.01,0.0,0.006,17.5
2025-11-12,133.171,133.171,133.174,133.169,1342456,13566749380.0,0.0,0.0,0.001,16.15
2025-11-13,133.18,133.178,133.183,133.175,1828842,18483373452.0,0.01,0.01,0.007,22.0
2025-11-14,133.187,133.187,133.188,133.185,1241984,12553304591.0,0.0,0.01,0.009,14.94
2025-11-17,133.189,133.186,133.19,133.185,1193510,12063451099.0,0.0,0.0,-0.001,14.36
2025-11-18,133.186,133.192,133.195,133.185,1393498,14085095082.0,0.01,0.0,0.006,16.76
2025-11-19,133.193,133.197,133.2,133.193,1993876,20154945239.0,0.01,0.0,0.005,23.98
2025-11-20,133.202,133.217,133.22,133.202,2246797,22715122038.0,0.01,0.02,0.02,27.03
2025-11-21,133.218,133.217,133.221,133.199,2101899,21250592979.0,0.02,0.0,0.0,25.28
2025-11-24,133.213,133.21,133.218,133.207,1991842,20137745803.0,0.01,-0.01,-0.007,23.96
2025-11-25,133.213,133.216,133.217,133.21,1742230,17614125006.0,0.01,0.0,0.006,20.96
2025-11-26,133.22,133.219,133.22,133.217,1330590,13453105758.0,0.0,0.0,0.003,16.01
2025-11-27,133.222,133.218,133.223,133.216,1595015,16126782361.0,0.01,0.0,-0.001,19.19
2025-11-28,133.227,133.226,133.23,133.225,1609099,16270419536.0,0.0,0.01,0.008,19.36
2025-12-01,133.229,133.229,133.231,133.227,1082473,10945662227.0,0.0,0.0,0.003,13.02
2025-12-02,133.233,133.247,133.253,133.233,1198317,12118650809.0,0.02,0.01,0.018,14.41
2025-12-03,133.246,133.258,133.261,133.244,1491397,15083868057.0,0.01,0.01,0.011,17.94
2025-12-04,133.245,133.244,133.25,133.243,1289254,13038761604.0,0.01,-0.01,-0.014,15.51
2025-12-05,133.249,133.246,133.25,133.241,1305871,13206704570.0,0.01,0.0,0.002,15.71
2025-12-08,133.245,133.245,133.247,133.243,1981801,20042572158.0,0.0,0.0,-0.001,23.84
2025-12-09,133.251,133.249,133.253,133.249,856719,8664800457.0,0.0,0.0,0.004,10.31
2025-12-10,133.254,133.254,133.257,133.252,1198845,12125446247.0,0.0,0.0,0.005,14.42
2025-12-11,133.258,133.265,133.266,133.258,1092541,11050866015.0,0.01,0.01,0.011,13.14
2025-12-12,133.27,133.258,133.273,133.257,1472271,14892367846.0,0.01,-0.01,-0.007,17.71
2025-12-15,133.264,133.263,133.265,133.261,1075050,10874229600.0,0.0,0.0,0.005,12.93
2025-12-16,133.262,133.276,133.278,133.261,1486454,15036486907.0,0.01,0.01,0.013,17.88
2025-12-17,133.267,133.269,133.28,133.265,1197561,12114600915.0,0.01,-0.01,-0.007,14.41
2025-12-18,133.277,133.278,133.28,133.273,1469080,14862014837.0,0.01,0.01,0.009,17.67
2025-12-19,133.285,133.282,133.286,133.279,1142955,11563418253.0,0.01,0.0,0.004,13.75
2025-12-22,133.285,133.282,133.286,133.278,1136696,11499824089.0,0.01,0.0,0.0,13.67
2025-12-23,133.281,133.288,133.289,133.278,1479507,14968238166.0,0.01,0.0,0.006,17.8
2025-12-24,133.286,133.289,133.29,133.283,1471618,14888985837.0,0.01,0.0,0.001,17.7
2025-12-25,133.298,133.29,133.303,133.288,1625453,16446859506.0,0.01,0.0,0.001,19.55
2025-12-26,133.3,133.299,133.302,133.294,1680841,17007834819.0,0.01,0.01,0.009,20.22
2025-12-29,133.302,133.307,133.308,133.297,1804371,18258602610.0,0.01,0.01,0.008,21.71
2025-12-30,133.307,133.304,133.308,133.294,1809198,18306921940.0,0.01,0.0,-0.003,21.76
2025-12-31,133.326,133.342,133.368,133.324,1508793,15098554226.0,0.03,0.03,0.038,18.15
2026-01-05,133.332,133.322,133.332,133.32,2274588,22758592539.0,0.01,-0.02,-0.02,27.36
2026-01-06,133.321,133.315,133.321,133.313,2018071,20190719079.0,0.01,-0.01,-0.007,24.28
2026-01-07,133.317,133.331,133.331,133.314,1376077,13768775665.0,0.01,0.01,0.016,16.55
2026-01-08,133.338,133.335,133.338,133.333,1792221,17934633432.0,0.0,0.0,0.004,21.56
2026-01-09,133.342,133.341,133.343,133.338,1558866,15600061649.0,0.0,0.0,0.006,18.75
2026-01-12,133.338,133.339,133.343,133.333,1492021,14930573504.0,0.01,0.0,-0.002,17.95
2026-01-13,133.339,133.351,133.351,133.337,1278557,12795549465.0,0.01,0.01,0.012,15.38
2026-01-14,133.351,133.355,133.356,133.348,1490752,14920081990.0,0.01,0.0,0.004,17.93
2026-01-15,133.356,133.374,133.376,133.352,1816888,18185652249.0,0.02,0.01,0.019,21.86
2026-01-16,133.371,133.395,133.399,133.37,1893044,18951830762.0,0.02,0.02,0.021,22.77
2026-01-19,133.394,133.389,133.394,133.367,1799125,18010913121.0,0.02,0.0,-0.006,21.64
2026-01-20,133.38,133.386,133.388,133.372,1073037,10742276473.0,0.01,0.0,-0.003,12.91
2026-01-21,133.378,133.374,133.38,133.372,1255843,12572137710.0,0.01,-0.01,-0.012,15.11
2026-01-22,133.374,133.381,133.383,133.369,1126103,11273475075.0,0.01,0.01,0.007,13.55
2026-01-23,133.39,133.387,133.394,133.383,2092312,20948469552.0,0.01,0.0,0.006,25.17
2026-01-26,133.391,133.394,133.395,133.388,1363272,13649633036.0,0.01,0.01,0.007,16.4
2026-01-27,133.395,133.399,133.402,133.393,1725708,17279463932.0,0.01,0.0,0.005,20.76
2026-01-28,133.397,133.397,133.399,133.395,1947452,19499843424.0,0.0,0.0,-0.002,23.43
2026-01-29,133.399,133.396,133.403,133.392,1704463,17067212254.0,0.01,0.0,-0.001,20.5
2026-01-30,133.404,133.404,133.406,133.401,2037361,20401312928.0,0.0,0.01,0.008,24.51
2026-02-02,133.402,133.425,133.429,133.398,2197879,22009576511.0,0.02,0.02,0.021,26.44
2026-02-03,133.414,133.412,133.415,133.404,1703453,17058784017.0,0.01,-0.01,-0.013,20.49
2026-02-04,133.414,133.42,133.421,133.413,1719331,17219368157.0,0.01,0.01,0.008,20.68
2026-02-05,133.421,133.436,133.441,133.42,1091832,10935623054.0,0.02,0.01,0.016,13.13
2026-02-06,133.445,133.437,133.446,133.428,2301180,23050476571.0,0.01,0.0,0.001,27.68
2026-02-09,133.427,133.427,133.431,133.424,1707690,17104332672.0,0.01,-0.01,-0.01,20.54
2026-02-10,133.428,133.433,133.437,133.426,1337929,13401159787.0,0.01,0.0,0.006,16.09
2026-02-11,133.435,133.443,133.444,133.433,1528024,15306207557.0,0.01,0.01,0.01,18.38
2026-02-12,133.441,133.454,133.462,133.438,1547627,15503662697.0,0.02,0.01,0.011,18.62
2026-02-13,133.482,133.487,133.509,133.482,2557926,25638031681.0,0.02,0.02,0.033,30.77
2026-02-24,133.472,133.474,133.476,133.468,1887946,18917984237.0,0.01,-0.01,-0.013,22.71
2026-02-25,133.474,133.474,133.476,133.469,1628168,16315171050.0,0.01,0.0,0.0,19.59
2026-02-26,133.477,133.475,133.479,133.472,1668139,16716059915.0,0.01,0.0,0.001,20.07
2026-02-27,133.484,133.481,133.485,133.479,1312173,13149828846.0,0.0,0.0,0.006,15.78
2026-03-02,133.489,133.494,133.494,133.487,1711475,17152985861.0,0.01,0.01,0.013,20.59
2026-03-03,133.498,133.512,133.514,133.495,1980983,19856574113.0,0.01,0.01,0.018,23.83
2026-03-04,133.51,133.53,133.533,133.503,1730175,17343999838.0,0.02,0.01,0.018,20.81
2026-03-05,133.512,133.518,133.527,133.507,2172152,21775609025.0,0.01,-0.01,-0.012,26.13
2026-03-06,133.517,133.51,133.522,133.504,2124282,21295338993.0,0.01,-0.01,-0.008,25.55
2026-03-09,133.503,133.512,133.513,133.503,2173051,21782554214.0,0.01,0.0,0.002,26.14
2026-03-10,133.51,133.513,133.514,133.507,1535726,15394482435.0,0.01,0.0,0.001,18.47
2026-03-11,133.513,133.52,133.522,133.511,1779262,17836897691.0,0.01,0.01,0.007,21.4
2026-03-12,133.52,133.523,133.525,133.517,1633224,16373607815.0,0.01,0.0,0.003,19.65
2026-03-13,133.53,133.533,133.539,133.53,1585556,15897833000.0,0.01,0.01,0.01,19.07
2026-03-16,133.532,133.532,133.536,133.528,1831359,18362162588.0,0.01,0.0,-0.001,22.03
2026-03-17,133.533,133.554,133.558,133.532,1462950,14669457837.0,0.02,0.02,0.022,17.6
2026-03-18,133.548,133.543,133.554,133.538,1615829,16203083570.0,0.01,-0.01,-0.011,19.44
2026-03-19,133.541,133.555,133.558,133.541,1534279,15385564868.0,0.01,0.01,0.012,18.46
2026-03-20,133.555,133.552,133.556,133.549,1823088,18282947477.0,0.01,0.0,-0.003,21.93
2026-03-23,133.552,133.546,133.554,133.543,2037369,20431044381.0,0.01,0.0,-0.006,24.51
2026-03-24,133.548,133.55,133.556,133.547,2026905,20326428271.0,0.01,0.0,0.004,24.38
2026-03-25,133.554,133.552,133.555,133.549,2119592,21256211390.0,0.0,0.0,0.002,25.5
2026-03-26,133.549,133.565,133.568,133.549,1482010,14863221873.0,0.01,0.01,0.013,17.83
2026-03-27,133.57,133.563,133.574,133.562,2207986,22146148293.0,0.01,0.0,-0.002,26.56
2026-03-30,133.565,133.563,133.566,133.562,1899258,19049003166.0,0.0,0.0,0.0,22.85
2026-03-31,133.567,133.579,133.585,133.566,1545980,15506987532.0,0.01,0.01,0.016,18.6
2026-04-01,133.575,133.579,133.58,133.572,2472380,24800122315.0,0.01,0.0,0.0,29.74
2026-04-02,133.58,133.594,133.598,133.579,1853556,18594736082.0,0.01,0.01,0.015,22.3
2026-04-03,133.599,133.634,133.646,133.599,1665187,16710142097.0,0.04,0.03,0.04,20.03
2026-04-07,133.618,133.619,133.622,133.614,1378055,13828868698.0,0.01,-0.01,-0.015,16.58
2026-04-08,133.595,133.592,133.597,133.591,1891784,18979544909.0,0.0,-0.02,-0.027,22.76
2026-04-09,133.599,133.604,133.606,133.597,1601513,16068732126.0,0.01,0.01,0.012,19.27
2026-04-10,133.608,133.611,133.612,133.606,964598,9678960958.0,0.0,0.01,0.007,11.6
2026-04-13,133.613,133.617,133.618,133.61,1159460,11634767317.0,0.01,0.0,0.006,13.95
2026-04-14,133.616,133.624,133.626,133.616,1860804,18673864507.0,0.01,0.01,0.007,22.38
2026-04-15,133.62,133.625,133.627,133.619,1998612,20057078688.0,0.01,0.0,0.001,24.04
2026-04-16,133.623,133.618,133.626,133.607,1767963,17742098002.0,0.01,-0.01,-0.007,21.27
2026-04-17,133.629,133.63,133.633,133.629,1795104,18016353912.0,0.0,0.01,0.012,21.59
2026-04-20,133.631,133.631,133.633,133.629,1512380,15178705534.0,0.0,0.0,0.001,18.19
2026-04-21,133.632,133.634,133.638,133.631,879980,8832099741.0,0.01,0.0,0.003,10.59
2026-04-22,133.641,133.639,133.642,133.639,176106,1767631630.0,0.0,0.0,0.005,2.12
