日期,开盘,收盘,最高,最低,成交量,成交额,振幅,涨跌幅,涨跌额,换手率
2016-05-03,1.238,1.245,1.245,1.232,1983,246357.0,1.05,0.48,0.006,0.0
2016-05-04,1.24,1.232,1.245,1.231,5345,661857.0,1.12,-1.04,-0.013,0.01
2016-05-05,1.232,1.226,1.234,1.222,8901,1091688.0,0.97,-0.49,-0.006,0.01
2016-05-06,1.23,1.225,1.23,1.225,1982,243029.0,0.41,-0.08,-0.001,0.0
2016-05-09,1.231,1.25,1.25,1.228,4004,494569.0,1.8,2.04,0.025,0.0
2016-05-10,1.249,1.246,1.256,1.236,6982,865511.0,1.6,-0.32,-0.004,0.01
2016-05-11,1.25,1.256,1.258,1.25,3405,427507.0,0.64,0.8,0.01,0.0
2016-05-12,1.25,1.25,1.25,1.242,3725,464989.0,0.64,-0.48,-0.006,0.0
2016-05-13,1.241,1.242,1.253,1.231,3580,444739.0,1.76,-0.64,-0.008,0.0
2016-05-16,1.226,1.235,1.237,1.226,4878,602233.0,0.89,-0.56,-0.007,0.0
2016-05-17,1.239,1.241,1.249,1.239,4752,590758.0,0.81,0.49,0.006,0.0
2016-05-18,1.238,1.231,1.238,1.228,3426,421678.0,0.81,-0.81,-0.01,0.0
2016-05-19,1.231,1.232,1.236,1.229,5151,633804.0,0.57,0.08,0.001,0.01
2016-05-20,1.232,1.23,1.232,1.228,3198,393864.0,0.32,-0.16,-0.002,0.0
2016-05-23,1.238,1.236,1.238,1.233,4040,498795.0,0.41,0.49,0.006,0.0
2016-05-24,1.236,1.232,1.236,1.23,1927,237470.0,0.49,-0.32,-0.004,0.0
2016-05-25,1.245,1.247,1.248,1.243,4872,606637.0,0.41,1.22,0.015,0.0
2016-05-26,1.249,1.254,1.257,1.249,7217,903279.0,0.64,0.56,0.007,0.01
2016-05-27,1.257,1.256,1.257,1.253,2294,287791.0,0.32,0.16,0.002,0.0
2016-05-30,1.256,1.279,1.282,1.256,18586,2368832.0,2.07,1.83,0.023,0.02
2016-05-31,1.282,1.282,1.282,1.27,4014,513116.0,0.94,0.23,0.003,0.0
2016-06-01,1.282,1.279,1.286,1.277,2901,371611.0,0.7,-0.23,-0.003,0.0
2016-06-02,1.281,1.277,1.281,1.274,1451,185300.0,0.55,-0.16,-0.002,0.0
2016-06-03,1.278,1.274,1.29,1.263,8086,1033273.0,2.11,-0.23,-0.003,0.01
2016-06-06,1.274,1.266,1.275,1.263,8633,1094152.0,0.94,-0.63,-0.008,0.01
2016-06-07,1.272,1.27,1.274,1.265,10656,1351813.0,0.71,0.32,0.004,0.01
2016-06-08,1.27,1.273,1.274,1.266,5682,721618.0,0.63,0.24,0.003,0.01
2016-06-13,1.265,1.258,1.265,1.255,8264,1039955.0,0.79,-1.18,-0.015,0.01
2016-06-14,1.251,1.259,1.259,1.251,4936,620217.0,0.64,0.08,0.001,0.0
2016-06-15,1.263,1.265,1.265,1.255,2647,333871.0,0.79,0.48,0.006,0.0
2016-06-16,1.263,1.262,1.263,1.257,2029,255727.0,0.47,-0.24,-0.003,0.0
2016-06-17,1.267,1.265,1.267,1.261,2135,269560.0,0.48,0.24,0.003,0.0
2016-06-20,1.275,1.275,1.275,1.263,3343,423996.0,0.95,0.79,0.01,0.0
2016-06-21,1.275,1.275,1.275,1.268,1675,213141.0,0.55,0.0,0.0,0.0
2016-06-22,1.275,1.269,1.277,1.269,4497,572445.0,0.63,-0.47,-0.006,0.0
2016-06-23,1.269,1.272,1.274,1.269,1298,165179.0,0.39,0.24,0.003,0.0
2016-06-24,1.276,1.259,1.285,1.24,10655,1342265.0,3.54,-1.02,-0.013,0.01
2016-06-27,1.24,1.26,1.277,1.24,4437,559144.0,2.94,0.08,0.001,0.0
2016-06-28,1.259,1.256,1.26,1.222,10388,1289639.0,3.02,-0.32,-0.004,0.01
2016-06-29,1.273,1.264,1.274,1.263,4302,545399.0,0.88,0.64,0.008,0.0
2016-06-30,1.269,1.285,1.285,1.269,7526,961858.0,1.27,1.66,0.021,0.01
2016-07-01,1.29,1.294,1.296,1.289,2256,291731.0,0.54,0.7,0.009,0.0
2016-07-04,1.295,1.283,1.298,1.28,18822,2418441.0,1.39,-0.85,-0.011,0.02
2016-07-05,1.282,1.282,1.285,1.281,3123,400709.0,0.31,-0.08,-0.001,0.0
2016-07-06,1.282,1.283,1.284,1.28,2698,345886.0,0.31,0.08,0.001,0.0
2016-07-07,1.286,1.293,1.295,1.284,3814,490974.0,0.86,0.78,0.01,0.0
2016-07-08,1.293,1.299,1.3,1.287,2644,342318.0,1.01,0.46,0.006,0.0
2016-07-11,1.303,1.319,1.327,1.303,4713,620850.0,1.85,1.54,0.02,0.0
2016-07-12,1.318,1.333,1.338,1.318,5574,741399.0,1.52,1.06,0.014,0.01
2016-07-13,1.333,1.342,1.358,1.333,5351,720116.0,1.88,0.68,0.009,0.01
2016-07-14,1.353,1.337,1.353,1.337,5539,744911.0,1.19,-0.37,-0.005,0.01
2016-07-15,1.36,1.357,1.4,1.341,5372,731714.0,4.41,1.5,0.02,0.01
2016-07-18,1.359,1.348,1.36,1.345,4625,623853.0,1.11,-0.66,-0.009,0.0
2016-07-19,1.352,1.365,1.365,1.345,3661,494892.0,1.48,1.26,0.017,0.0
2016-07-20,1.36,1.361,1.365,1.352,2409,327820.0,0.95,-0.29,-0.004,0.0
2016-07-21,1.38,1.391,1.395,1.369,6966,966350.0,1.91,2.2,0.03,0.01
2016-07-22,1.389,1.378,1.389,1.362,7046,967554.0,1.94,-0.93,-0.013,0.01
2016-07-25,1.378,1.396,1.398,1.378,4197,584989.0,1.45,1.31,0.018,0.0
2016-07-26,1.392,1.4,1.4,1.375,8148,1137181.0,1.79,0.29,0.004,0.01
2016-07-27,1.405,1.392,1.405,1.361,4851,675104.0,3.14,-0.57,-0.008,0.0
2016-07-28,1.392,1.381,1.392,1.378,4733,655062.0,1.01,-0.79,-0.011,0.0
2016-07-29,1.383,1.419,1.419,1.382,4874,677463.0,2.68,2.75,0.038,0.0
2016-08-01,1.42,1.409,1.424,1.402,7011,990403.0,1.55,-0.7,-0.01,0.01
2016-08-02,1.411,1.42,1.421,1.403,3005,425006.0,1.28,0.78,0.011,0.0
2016-08-03,1.404,1.395,1.404,1.392,3983,555559.0,0.85,-1.76,-0.025,0.0
2016-08-04,1.398,1.39,1.4,1.388,3149,439002.0,0.86,-0.36,-0.005,0.0
2016-08-05,1.39,1.387,1.392,1.385,3923,544895.0,0.5,-0.22,-0.003,0.0
2016-08-08,1.409,1.404,1.409,1.392,4788,670592.0,1.23,1.23,0.017,0.0
2016-08-09,1.403,1.404,1.404,1.396,3770,527810.0,0.57,0.0,0.0,0.0
2016-08-10,1.405,1.4,1.409,1.4,3581,503087.0,0.64,-0.28,-0.004,0.0
2016-08-11,1.407,1.394,1.407,1.39,8202,1143016.0,1.21,-0.43,-0.006,0.01
2016-08-12,1.398,1.388,1.405,1.38,5084,709825.0,1.79,-0.43,-0.006,0.01
2016-08-15,1.389,1.39,1.398,1.388,5954,828248.0,0.72,0.14,0.002,0.01
2016-08-16,1.41,1.386,1.413,1.383,5619,780577.0,2.16,-0.29,-0.004,0.01
2016-08-17,1.38,1.374,1.383,1.37,10349,1421115.0,0.94,-0.87,-0.012,0.01
2016-08-18,1.374,1.376,1.383,1.374,4772,657400.0,0.66,0.15,0.002,0.0
2016-08-19,1.388,1.378,1.388,1.373,3739,514727.0,1.09,0.15,0.002,0.0
2016-08-22,1.374,1.38,1.38,1.373,2918,401901.0,0.51,0.15,0.002,0.0
2016-08-23,1.38,1.38,1.38,1.374,1872,258042.0,0.43,0.0,0.0,0.0
2016-08-24,1.38,1.387,1.387,1.376,2736,378788.0,0.8,0.51,0.007,0.0
2016-08-25,1.387,1.384,1.387,1.376,2104,290967.0,0.79,-0.22,-0.003,0.0
2016-08-26,1.386,1.385,1.387,1.384,1344,186129.0,0.22,0.07,0.001,0.0
2016-08-29,1.385,1.382,1.385,1.374,1001,138466.0,0.79,-0.22,-0.003,0.0
2016-08-30,1.382,1.398,1.4,1.382,5278,736747.0,1.3,1.16,0.016,0.01
2016-08-31,1.398,1.405,1.406,1.392,2993,418910.0,1.0,0.5,0.007,0.0
2016-09-01,1.405,1.401,1.406,1.4,3122,437876.0,0.43,-0.28,-0.004,0.0
2016-09-02,1.405,1.404,1.405,1.399,1795,251481.0,0.43,0.21,0.003,0.0
2016-09-05,1.404,1.419,1.419,1.404,3037,429448.0,1.07,1.07,0.015,0.0
2016-09-06,1.419,1.445,1.45,1.419,4469,642541.0,2.18,1.83,0.026,0.0
2016-09-07,1.445,1.451,1.46,1.445,4019,585143.0,1.04,0.42,0.006,0.0
2016-09-08,1.451,1.449,1.458,1.441,2128,307877.0,1.17,-0.14,-0.002,0.0
2016-09-09,1.449,1.443,1.449,1.435,2675,385783.0,0.97,-0.41,-0.006,0.0
2016-09-12,1.43,1.404,1.43,1.391,10211,1431479.0,2.7,-2.7,-0.039,0.01
2016-09-13,1.414,1.417,1.439,1.414,3365,478710.0,1.78,0.93,0.013,0.0
2016-09-14,1.425,1.415,1.425,1.402,2637,371886.0,1.62,-0.14,-0.002,0.0
2016-09-19,1.42,1.424,1.427,1.41,4220,599831.0,1.2,0.64,0.009,0.0
2016-09-20,1.425,1.423,1.425,1.409,1491,211564.0,1.12,-0.07,-0.001,0.0
2016-09-21,1.421,1.441,1.48,1.421,3364,486787.0,4.15,1.26,0.018,0.0
2016-09-22,1.443,1.453,1.463,1.443,2948,429377.0,1.39,0.83,0.012,0.0
2016-09-23,1.467,1.465,1.467,1.458,3368,492406.0,0.62,0.83,0.012,0.0
2016-09-26,1.459,1.447,1.459,1.442,4238,613954.0,1.16,-1.23,-0.018,0.0
2016-09-27,1.441,1.446,1.449,1.43,4288,618192.0,1.31,-0.07,-0.001,0.0
2016-09-28,1.446,1.445,1.457,1.43,2293,331688.0,1.87,-0.07,-0.001,0.0
2016-09-29,1.445,1.435,1.459,1.433,5894,848156.0,1.8,-0.69,-0.01,0.01
2016-09-30,1.435,1.449,1.45,1.434,4430,639143.0,1.11,0.98,0.014,0.0
2016-10-10,1.449,1.464,1.464,1.449,6870,1002879.0,1.04,1.04,0.015,0.01
2016-10-11,1.464,1.477,1.484,1.464,4970,733903.0,1.37,0.89,0.013,0.01
2016-10-12,1.466,1.477,1.484,1.46,2521,372429.0,1.62,0.0,0.0,0.0
2016-10-13,1.482,1.508,1.509,1.48,5437,812244.0,1.96,2.1,0.031,0.01
2016-10-14,1.497,1.521,1.525,1.491,6287,950761.0,2.25,0.86,0.013,0.01
2016-10-17,1.521,1.506,1.521,1.492,9047,1363988.0,1.91,-0.99,-0.015,0.01
2016-10-18,1.505,1.507,1.52,1.501,3017,455502.0,1.26,0.07,0.001,0.0
2016-10-19,1.51,1.51,1.515,1.501,4351,656688.0,0.93,0.2,0.003,0.0
2016-10-20,1.509,1.512,1.517,1.508,5604,848352.0,0.6,0.13,0.002,0.01
2016-10-21,1.512,1.514,1.53,1.512,6635,1009366.0,1.19,0.13,0.002,0.01
2016-10-24,1.514,1.516,1.517,1.51,5682,860324.0,0.46,0.13,0.002,0.01
2016-10-25,1.535,1.521,1.54,1.518,4223,642948.0,1.45,0.33,0.005,0.0
2016-10-26,1.52,1.52,1.524,1.516,6611,1004998.0,0.53,-0.07,-0.001,0.01
2016-10-27,1.52,1.511,1.52,1.508,4623,699049.0,0.79,-0.59,-0.009,0.0
2016-10-28,1.511,1.506,1.511,1.502,2696,405798.0,0.6,-0.33,-0.005,0.0
2016-10-31,1.506,1.51,1.515,1.495,4310,650805.0,1.33,0.27,0.004,0.0
2016-11-01,1.51,1.513,1.517,1.51,4479,677870.0,0.46,0.2,0.003,0.0
2016-11-02,1.512,1.505,1.562,1.503,3678,557830.0,3.9,-0.53,-0.008,0.0
2016-11-03,1.506,1.498,1.506,1.481,3629,542324.0,1.66,-0.47,-0.007,0.0
2016-11-04,1.497,1.488,1.498,1.481,4266,636105.0,1.13,-0.67,-0.01,0.0
2016-11-07,1.485,1.505,1.507,1.476,8399,1254247.0,2.08,1.14,0.017,0.01
2016-11-08,1.511,1.515,1.54,1.505,15572,2363633.0,2.33,0.66,0.01,0.02
2016-11-09,1.516,1.471,1.523,1.441,26654,3941426.0,5.41,-2.9,-0.044,0.03
2016-11-10,1.5,1.503,1.518,1.487,14171,2127478.0,2.11,2.18,0.032,0.01
2016-11-11,1.503,1.497,1.503,1.477,5593,832900.0,1.73,-0.4,-0.006,0.01
2016-11-14,1.497,1.495,1.503,1.49,7153,1071588.0,0.87,-0.13,-0.002,0.01
2016-11-15,1.497,1.499,1.506,1.495,5479,822461.0,0.74,0.27,0.004,0.01
2016-11-16,1.501,1.539,1.584,1.501,17244,2672375.0,5.54,2.67,0.04,0.02
2016-11-17,1.539,1.549,1.569,1.532,4440,688185.0,2.4,0.65,0.01,0.0
2016-11-18,1.561,1.56,1.57,1.551,198066,30816927.0,1.23,0.71,0.011,0.2
2016-11-21,1.56,1.558,1.57,1.552,4992,777813.0,1.15,-0.13,-0.002,0.01
2016-11-22,1.559,1.579,1.581,1.559,11368,1793067.0,1.41,1.35,0.021,0.01
2016-11-23,1.58,1.595,1.598,1.58,73832,11767004.0,1.14,1.01,0.016,0.07
2016-11-24,1.594,1.666,1.688,1.594,21990,3639932.0,5.89,4.45,0.071,0.02
2016-11-25,1.68,1.697,1.832,1.672,31674,5478257.0,9.6,1.86,0.031,0.03
2016-11-28,1.7,1.666,1.75,1.65,24039,4027218.0,5.89,-1.83,-0.031,0.02
2016-11-29,1.666,1.644,1.667,1.633,18236,3002884.0,2.04,-1.32,-0.022,0.02
2016-11-30,1.644,1.666,1.679,1.642,9361,1551403.0,2.25,1.34,0.022,0.01
2016-12-01,1.666,1.683,1.685,1.656,9439,1579347.0,1.74,1.02,0.017,0.01
2016-12-02,1.678,1.68,1.682,1.665,6739,1127544.0,1.01,-0.18,-0.003,0.01
2016-12-05,1.68,1.735,1.739,1.676,17034,2926444.0,3.75,3.27,0.055,0.02
2016-12-06,1.754,1.779,1.845,1.754,23322,4158404.0,5.24,2.54,0.044,0.02
2016-12-07,1.783,1.83,1.839,1.783,28459,5197374.0,3.15,2.87,0.051,0.03
2016-12-08,1.88,1.8,1.925,1.798,54156,10166673.0,6.94,-1.64,-0.03,0.05
2016-12-09,1.79,1.76,1.81,1.733,33243,5878440.0,4.28,-2.22,-0.04,0.03
2016-12-12,1.761,1.798,1.818,1.761,26090,4688977.0,3.24,2.16,0.038,0.03
2016-12-13,1.798,1.872,1.899,1.795,29228,5356978.0,5.78,4.12,0.074,0.03
2016-12-14,1.879,1.842,1.899,1.837,29424,5493528.0,3.31,-1.6,-0.03,0.03
2016-12-15,1.84,1.795,1.84,1.741,24958,4448346.0,5.37,-2.55,-0.047,0.03
2016-12-16,1.803,1.842,1.855,1.803,26863,4932954.0,2.9,2.62,0.047,0.03
2016-12-19,1.842,1.876,1.95,1.842,60037,11288633.0,5.86,1.85,0.034,0.06
2016-12-20,1.918,1.897,1.92,1.878,37184,7069928.0,2.24,1.12,0.021,0.04
2016-12-21,1.905,1.982,1.996,1.905,153333,29654694.0,4.8,4.48,0.085,0.15
2016-12-22,1.97,1.97,1.97,1.935,277203,54385335.0,1.77,-0.61,-0.012,0.28
2016-12-23,1.962,1.904,1.974,1.9,1804227,354297760.0,3.76,-3.35,-0.066,1.82
2016-12-26,1.876,1.911,1.946,1.87,22455,4293699.0,3.99,0.37,0.007,0.02
2016-12-27,1.912,1.84,1.928,1.823,38699,7215951.0,5.49,-3.72,-0.071,0.04
2016-12-28,1.812,1.677,1.819,1.656,104483,17864563.0,8.86,-8.86,-0.163,0.11
2016-12-29,1.55,1.615,1.64,1.53,42458,6798477.0,6.56,-3.7,-0.062,0.04
2016-12-30,1.614,1.577,1.614,1.556,59593,9398911.0,3.59,-2.35,-0.038,0.06
2017-01-03,1.435,1.451,1.488,1.435,238937,34901232.0,3.36,-7.99,-0.126,0.24
2017-01-04,1.457,1.462,1.464,1.453,177192,25824142.0,0.76,0.76,0.011,0.18
2017-01-05,1.466,1.462,1.478,1.457,155291,22703013.0,1.44,0.0,0.0,0.16
2017-01-06,1.457,1.455,1.46,1.452,93509,13628932.0,0.55,-0.48,-0.007,0.09
2017-01-09,1.457,1.459,1.462,1.457,43447,6336156.0,0.34,0.27,0.004,0.04
2017-01-10,1.459,1.452,1.459,1.445,52910,7666724.0,0.96,-0.48,-0.007,0.05
2017-01-11,1.452,1.451,1.453,1.447,28576,4146148.0,0.41,-0.07,-0.001,0.03
2017-01-12,1.455,1.453,1.458,1.452,38240,5559594.0,0.41,0.14,0.002,0.04
2017-01-13,1.45,1.454,1.455,1.448,42054,6107339.0,0.48,0.07,0.001,0.04
2017-01-16,1.452,1.454,1.455,1.45,32359,4702542.0,0.34,0.0,0.0,0.03
2017-01-17,1.454,1.442,1.454,1.439,35036,5062078.0,1.03,-0.83,-0.012,0.04
2017-01-18,1.441,1.447,1.462,1.434,56821,8210146.0,1.94,0.35,0.005,0.06
2017-01-19,1.449,1.443,1.45,1.442,26673,3858044.0,0.55,-0.28,-0.004,0.03
2017-01-20,1.442,1.439,1.442,1.437,28408,4086172.0,0.35,-0.28,-0.004,0.03
2017-01-23,1.439,1.433,1.443,1.431,42499,6103020.0,0.83,-0.42,-0.006,0.04
2017-01-24,1.434,1.431,1.438,1.43,30721,4400145.0,0.56,-0.14,-0.002,0.03
2017-01-25,1.438,1.446,1.451,1.437,48264,6968992.0,0.98,1.05,0.015,0.05
2017-01-26,1.46,1.458,1.465,1.442,109733,15963092.0,1.59,0.83,0.012,0.11
2017-02-03,1.447,1.446,1.448,1.44,37219,5372180.0,0.55,-0.82,-0.012,0.04
2017-02-06,1.454,1.459,1.459,1.453,35190,5124574.0,0.41,0.9,0.013,0.04
2017-02-07,1.457,1.456,1.457,1.454,20695,3012580.0,0.21,-0.21,-0.003,0.02
2017-02-08,1.457,1.461,1.462,1.455,29809,4349491.0,0.48,0.34,0.005,0.03
2017-02-09,1.459,1.455,1.46,1.455,28303,4124434.0,0.34,-0.41,-0.006,0.03
2017-02-10,1.464,1.472,1.473,1.463,83767,12299317.0,0.69,1.17,0.017,0.08
2017-02-13,1.476,1.481,1.486,1.474,34646,5118778.0,0.82,0.61,0.009,0.03
2017-02-14,1.486,1.48,1.487,1.478,42708,6333770.0,0.61,-0.07,-0.001,0.04
2017-02-15,1.485,1.488,1.49,1.485,52670,7836165.0,0.34,0.54,0.008,0.05
2017-02-16,1.498,1.488,1.498,1.486,78844,11755841.0,0.81,0.0,0.0,0.08
2017-02-17,1.488,1.485,1.488,1.482,29502,4378487.0,0.4,-0.2,-0.003,0.03
2017-02-20,1.486,1.49,1.49,1.483,57433,8536775.0,0.47,0.34,0.005,0.06
2017-02-21,1.492,1.489,1.493,1.487,23478,3495579.0,0.4,-0.07,-0.001,0.02
2017-02-22,1.497,1.503,1.503,1.494,64167,9618750.0,0.6,0.94,0.014,0.06
2017-02-23,1.503,1.507,1.509,1.501,35300,5315647.0,0.53,0.27,0.004,0.04
2017-02-24,1.51,1.509,1.51,1.506,43120,6504150.0,0.27,0.13,0.002,0.04
2017-02-27,1.51,1.508,1.51,1.502,18780,2831386.0,0.53,-0.07,-0.001,0.02
2017-02-28,1.508,1.519,1.521,1.508,55348,8389155.0,0.86,0.73,0.011,0.06
2017-03-01,1.514,1.541,1.543,1.511,39711,6076359.0,2.11,1.45,0.022,0.04
2017-03-02,1.568,1.623,1.688,1.568,194218,31653065.0,7.79,5.32,0.082,0.2
2017-03-03,1.6,1.63,1.64,1.6,69113,11216002.0,2.46,0.43,0.007,0.07
2017-03-06,1.63,1.678,1.684,1.63,82466,13754195.0,3.31,2.94,0.048,0.08
2017-03-07,1.667,1.628,1.694,1.58,145785,23934401.0,6.79,-2.98,-0.05,0.15
2017-03-08,1.625,1.595,1.628,1.583,91687,14631571.0,2.76,-2.03,-0.033,0.09
2017-03-09,1.595,1.556,1.596,1.546,93823,14668206.0,3.13,-2.45,-0.039,0.09
2017-03-10,1.548,1.59,1.614,1.548,87622,13916238.0,4.24,2.19,0.034,0.09
2017-03-13,1.601,1.603,1.633,1.596,67133,10799089.0,2.33,0.82,0.013,0.07
2017-03-14,1.607,1.617,1.619,1.607,28136,4537711.0,0.75,0.87,0.014,0.03
2017-03-15,1.613,1.594,1.613,1.58,42546,6764274.0,2.04,-1.42,-0.023,0.04
2017-03-16,1.63,1.613,1.659,1.611,70166,11418878.0,3.01,1.19,0.019,0.07
2017-03-17,1.609,1.611,1.62,1.601,23649,3814159.0,1.18,-0.12,-0.002,0.02
2017-03-20,1.61,1.612,1.616,1.608,14448,2327440.0,0.5,0.06,0.001,0.01
2017-03-21,1.609,1.615,1.616,1.602,21909,3525922.0,0.87,0.19,0.003,0.02
2017-03-22,1.579,1.555,1.587,1.549,85167,13356283.0,2.35,-3.72,-0.06,0.09
2017-03-23,1.57,1.555,1.572,1.553,27313,4255524.0,1.22,0.0,0.0,0.03
2017-03-24,1.551,1.542,1.554,1.535,30789,4742190.0,1.22,-0.84,-0.013,0.03
2017-03-27,1.541,1.521,1.542,1.518,36501,5564398.0,1.56,-1.36,-0.021,0.04
2017-03-28,1.521,1.538,1.541,1.521,18113,2780710.0,1.31,1.12,0.017,0.02
2017-03-29,1.553,1.553,1.557,1.54,19706,3059276.0,1.11,0.98,0.015,0.02
2017-03-30,1.555,1.547,1.559,1.541,18205,2820406.0,1.16,-0.39,-0.006,0.02
2017-03-31,1.554,1.574,1.593,1.549,48060,7555641.0,2.84,1.75,0.027,0.05
2017-04-05,1.574,1.564,1.577,1.559,21348,3340857.0,1.14,-0.64,-0.01,0.02
2017-04-06,1.564,1.549,1.564,1.532,24591,3795266.0,2.05,-0.96,-0.015,0.02
2017-04-07,1.553,1.543,1.553,1.541,22060,3407659.0,0.77,-0.39,-0.006,0.02
2017-04-10,1.542,1.546,1.546,1.54,10932,1687513.0,0.39,0.19,0.003,0.01
2017-04-11,1.549,1.54,1.551,1.534,16523,2549366.0,1.1,-0.39,-0.006,0.02
2017-04-12,1.54,1.534,1.54,1.53,12364,1895806.0,0.65,-0.39,-0.006,0.01
2017-04-13,1.53,1.529,1.53,1.525,8476,1295018.0,0.33,-0.33,-0.005,0.01
2017-04-14,1.527,1.515,1.527,1.512,17943,2721101.0,0.98,-0.92,-0.014,0.02
2017-04-17,1.515,1.507,1.515,1.498,15864,2387983.0,1.12,-0.53,-0.008,0.02
2017-04-18,1.516,1.535,1.542,1.516,17238,2642287.0,1.73,1.86,0.028,0.02
2017-04-19,1.532,1.522,1.532,1.513,16023,2437174.0,1.24,-0.85,-0.013,0.02
2017-04-20,1.522,1.517,1.522,1.509,16799,2546553.0,0.85,-0.33,-0.005,0.02
2017-04-21,1.535,1.528,1.535,1.527,24050,3682870.0,0.53,0.73,0.011,0.02
2017-04-24,1.53,1.536,1.549,1.529,26562,4082316.0,1.31,0.52,0.008,0.03
2017-04-25,1.549,1.559,1.559,1.543,57802,8975021.0,1.04,1.5,0.023,0.06
2017-04-26,1.569,1.568,1.585,1.565,26675,4190712.0,1.28,0.58,0.009,0.03
2017-04-27,1.565,1.541,1.565,1.536,31806,4916787.0,1.85,-1.72,-0.027,0.03
2017-04-28,1.55,1.553,1.553,1.54,15067,2331461.0,0.84,0.78,0.012,0.02
2017-05-02,1.557,1.552,1.557,1.549,20252,3145183.0,0.52,-0.06,-0.001,0.02
2017-05-03,1.555,1.55,1.555,1.548,13935,2163607.0,0.45,-0.13,-0.002,0.01
2017-05-04,1.55,1.547,1.55,1.542,7314,1130361.0,0.52,-0.19,-0.003,0.01
2017-05-05,1.549,1.544,1.549,1.539,10390,1602359.0,0.65,-0.19,-0.003,0.01
2017-05-08,1.557,1.559,1.56,1.55,35046,5455034.0,0.65,0.97,0.015,0.04
2017-05-09,1.558,1.553,1.56,1.546,18758,2911163.0,0.9,-0.38,-0.006,0.02
2017-05-10,1.554,1.548,1.554,1.546,13983,2167693.0,0.52,-0.32,-0.005,0.01
2017-05-11,1.549,1.554,1.557,1.549,8410,1307032.0,0.52,0.39,0.006,0.01
2017-05-12,1.552,1.543,1.552,1.54,14622,2256175.0,0.77,-0.71,-0.011,0.01
2017-05-15,1.543,1.544,1.544,1.536,10240,1578524.0,0.52,0.06,0.001,0.01
2017-05-16,1.552,1.552,1.555,1.55,30692,4765273.0,0.32,0.52,0.008,0.03
2017-05-17,1.55,1.533,1.55,1.531,32574,5003108.0,1.22,-1.22,-0.019,0.03
2017-05-18,1.498,1.507,1.517,1.491,64871,9747921.0,1.7,-1.7,-0.026,0.07
2017-05-19,1.509,1.506,1.519,1.505,17919,2703552.0,0.93,-0.07,-0.001,0.02
2017-05-22,1.512,1.52,1.522,1.509,33693,5102906.0,0.86,0.93,0.014,0.03
2017-05-23,1.531,1.523,1.538,1.519,19431,2961047.0,1.25,0.2,0.003,0.02
2017-05-24,1.524,1.524,1.528,1.516,34690,5283899.0,0.79,0.07,0.001,0.03
2017-05-25,1.525,1.533,1.535,1.525,15532,2378433.0,0.66,0.59,0.009,0.02
2017-05-26,1.536,1.546,1.547,1.536,17261,2666032.0,0.72,0.85,0.013,0.02
2017-05-31,1.546,1.53,1.546,1.526,26257,4022933.0,1.29,-1.03,-0.016,0.03
2017-06-01,1.53,1.523,1.531,1.522,21047,3216197.0,0.59,-0.46,-0.007,0.02
2017-06-02,1.549,1.542,1.549,1.532,48944,7538642.0,1.12,1.25,0.019,0.05
2017-06-05,1.548,1.536,1.548,1.533,26052,4001456.0,0.97,-0.39,-0.006,0.03
2017-06-06,1.532,1.533,1.534,1.526,10804,1653323.0,0.52,-0.2,-0.003,0.01
2017-06-07,1.527,1.529,1.532,1.527,12373,1891007.0,0.33,-0.26,-0.004,0.01
2017-06-08,1.529,1.528,1.53,1.525,10004,1527845.0,0.33,-0.07,-0.001,0.01
2017-06-09,1.529,1.528,1.529,1.525,11388,1738881.0,0.26,0.0,0.0,0.01
2017-06-12,1.527,1.524,1.529,1.519,9986,1523234.0,0.65,-0.26,-0.004,0.01
2017-06-13,1.52,1.529,1.529,1.52,22149,3375381.0,0.59,0.33,0.005,0.02
2017-06-14,1.529,1.529,1.535,1.527,9179,1404887.0,0.52,0.0,0.0,0.01
2017-06-15,1.53,1.531,1.531,1.525,15707,2400822.0,0.39,0.13,0.002,0.02
2017-06-16,1.529,1.533,1.533,1.525,10800,1652133.0,0.52,0.13,0.002,0.01
2017-06-19,1.532,1.534,1.534,1.528,7596,1163027.0,0.39,0.07,0.001,0.01
2017-06-20,1.548,1.547,1.548,1.541,25778,3985347.0,0.46,0.85,0.013,0.03
2017-06-21,1.538,1.535,1.538,1.532,8110,1243852.0,0.39,-0.78,-0.012,0.01
2017-06-22,1.535,1.535,1.537,1.528,14004,2146951.0,0.59,0.0,0.0,0.01
2017-06-23,1.531,1.538,1.538,1.531,3119,479142.0,0.46,0.2,0.003,0.0
2017-06-26,1.539,1.537,1.54,1.535,14079,2163807.0,0.33,-0.07,-0.001,0.01
2017-06-27,1.535,1.538,1.539,1.535,5314,816978.0,0.26,0.07,0.001,0.01
2017-06-28,1.529,1.525,1.529,1.519,14283,2175516.0,0.65,-0.85,-0.013,0.01
2017-06-29,1.534,1.53,1.539,1.529,32372,4960935.0,0.66,0.33,0.005,0.03
2017-06-30,1.518,1.521,1.521,1.513,9619,1458615.0,0.52,-0.59,-0.009,0.01
2017-07-03,1.519,1.52,1.522,1.517,9704,1474046.0,0.33,-0.07,-0.001,0.01
2017-07-04,1.521,1.521,1.522,1.518,8783,1335117.0,0.26,0.07,0.001,0.01
2017-07-05,1.521,1.523,1.524,1.52,3865,588326.0,0.26,0.13,0.002,0.0
2017-07-06,1.525,1.523,1.525,1.521,4028,613296.0,0.26,0.0,0.0,0.0
2017-07-07,1.518,1.515,1.518,1.508,10596,1601625.0,0.66,-0.53,-0.008,0.01
2017-07-10,1.521,1.521,1.522,1.516,8571,1302126.0,0.4,0.4,0.006,0.01
2017-07-11,1.522,1.522,1.525,1.52,4106,625078.0,0.33,0.07,0.001,0.0
2017-07-12,1.522,1.52,1.522,1.517,3579,543775.0,0.33,-0.13,-0.002,0.0
2017-07-13,1.529,1.53,1.532,1.527,6871,1050875.0,0.33,0.66,0.01,0.01
2017-07-14,1.53,1.528,1.532,1.526,5407,826435.0,0.39,-0.13,-0.002,0.01
2017-07-17,1.532,1.533,1.535,1.53,17755,2722925.0,0.33,0.33,0.005,0.02
2017-07-18,1.533,1.534,1.534,1.53,3372,516725.0,0.26,0.07,0.001,0.0
2017-07-19,1.535,1.538,1.543,1.531,21918,3372713.0,0.78,0.26,0.004,0.02
2017-07-20,1.542,1.545,1.548,1.542,11034,1703844.0,0.39,0.46,0.007,0.01
2017-07-21,1.541,1.541,1.545,1.538,6734,1038156.0,0.45,-0.26,-0.004,0.01
2017-07-24,1.539,1.538,1.541,1.529,8500,1305067.0,0.78,-0.19,-0.003,0.01
2017-07-25,1.537,1.537,1.539,1.533,4647,713832.0,0.39,-0.07,-0.001,0.0
2017-07-26,1.539,1.54,1.542,1.537,4047,623311.0,0.33,0.2,0.003,0.0
2017-07-27,1.541,1.536,1.541,1.532,12527,1923380.0,0.58,-0.26,-0.004,0.01
2017-07-28,1.534,1.535,1.544,1.529,11836,1817236.0,0.98,-0.07,-0.001,0.01
2017-07-31,1.535,1.536,1.541,1.529,10075,1545421.0,0.78,0.07,0.001,0.01
2017-08-01,1.535,1.532,1.539,1.532,16259,2491771.0,0.46,-0.26,-0.004,0.02
2017-08-02,1.533,1.535,1.537,1.531,12303,1886156.0,0.39,0.2,0.003,0.01
2017-08-03,1.535,1.53,1.535,1.529,5229,800612.0,0.39,-0.33,-0.005,0.01
2017-08-04,1.53,1.527,1.53,1.526,5488,838171.0,0.26,-0.2,-0.003,0.01
2017-08-07,1.528,1.539,1.543,1.528,15066,2317012.0,0.98,0.79,0.012,0.02
2017-08-08,1.539,1.539,1.541,1.535,4025,619616.0,0.39,0.0,0.0,0.0
2017-08-09,1.539,1.531,1.539,1.531,7873,1206580.0,0.52,-0.52,-0.008,0.01
2017-08-10,1.526,1.527,1.53,1.526,4694,716883.0,0.26,-0.26,-0.004,0.0
2017-08-11,1.515,1.513,1.516,1.505,9884,1494251.0,0.72,-0.92,-0.014,0.01
2017-08-14,1.518,1.518,1.519,1.511,3983,603826.0,0.53,0.33,0.005,0.0
2017-08-15,1.529,1.523,1.529,1.523,3308,504693.0,0.4,0.33,0.005,0.0
2017-08-16,1.523,1.519,1.528,1.518,14002,2127592.0,0.66,-0.26,-0.004,0.01
2017-08-17,1.524,1.518,1.524,1.518,1677,255097.0,0.39,-0.07,-0.001,0.0
2017-08-18,1.501,1.505,1.51,1.499,15369,2309070.0,0.72,-0.86,-0.013,0.02
2017-08-21,1.507,1.503,1.507,1.497,11165,1675490.0,0.66,-0.13,-0.002,0.01
2017-08-22,1.502,1.504,1.505,1.498,4630,695388.0,0.47,0.07,0.001,0.0
2017-08-23,1.504,1.51,1.513,1.504,7169,1082044.0,0.6,0.4,0.006,0.01
2017-08-24,1.509,1.502,1.509,1.501,3432,515711.0,0.53,-0.53,-0.008,0.0
2017-08-25,1.5,1.502,1.503,1.497,5939,891204.0,0.4,0.0,0.0,0.01
2017-08-28,1.5,1.502,1.503,1.496,12403,1859462.0,0.47,0.0,0.0,0.01
2017-08-29,1.502,1.494,1.502,1.493,11569,1730604.0,0.6,-0.53,-0.008,0.01
2017-08-30,1.496,1.494,1.496,1.492,5929,885474.0,0.27,0.0,0.0,0.01
2017-08-31,1.497,1.497,1.499,1.495,13549,2027890.0,0.27,0.2,0.003,0.01
2017-09-01,1.501,1.504,1.504,1.499,9699,1455652.0,0.33,0.47,0.007,0.01
2017-09-04,1.503,1.503,1.505,1.5,15841,2379163.0,0.33,-0.07,-0.001,0.02
2017-09-05,1.503,1.5,1.503,1.498,7762,1164061.0,0.33,-0.2,-0.003,0.01
2017-09-06,1.497,1.497,1.497,1.49,7884,1177021.0,0.47,-0.2,-0.003,0.01
2017-09-07,1.497,1.495,1.497,1.492,4341,648396.0,0.33,-0.13,-0.002,0.0
2017-09-08,1.497,1.493,1.498,1.493,9578,1432748.0,0.33,-0.13,-0.002,0.01
2017-09-11,1.495,1.495,1.5,1.495,7359,1101655.0,0.33,0.13,0.002,0.01
2017-09-12,1.503,1.503,1.515,1.502,24949,3764898.0,0.87,0.54,0.008,0.03
2017-09-13,1.505,1.503,1.505,1.501,3585,538581.0,0.27,0.0,0.0,0.0
2017-09-14,1.504,1.505,1.507,1.5,26821,4030959.0,0.47,0.13,0.002,0.03
2017-09-15,1.501,1.507,1.51,1.501,13373,2013234.0,0.6,0.13,0.002,0.01
2017-09-18,1.509,1.512,1.515,1.509,9540,1443677.0,0.4,0.33,0.005,0.01
2017-09-19,1.511,1.515,1.515,1.511,5069,767266.0,0.26,0.2,0.003,0.01
2017-09-20,1.515,1.518,1.518,1.515,7216,1094545.0,0.2,0.2,0.003,0.01
2017-09-21,1.519,1.522,1.522,1.518,6848,1041040.0,0.26,0.26,0.004,0.01
2017-09-22,1.525,1.521,1.525,1.518,13360,2033552.0,0.46,-0.07,-0.001,0.01
2017-09-25,1.521,1.516,1.524,1.516,5123,778718.0,0.53,-0.33,-0.005,0.01
2017-09-26,1.516,1.518,1.518,1.512,17462,2645773.0,0.4,0.13,0.002,0.02
2017-09-27,1.515,1.52,1.522,1.515,6465,982365.0,0.46,0.13,0.002,0.01
2017-09-28,1.527,1.529,1.531,1.527,11228,1716354.0,0.26,0.59,0.009,0.01
2017-09-29,1.532,1.539,1.539,1.532,5103,784512.0,0.46,0.65,0.01,0.01
2017-10-09,1.561,1.56,1.567,1.552,30888,4807658.0,0.97,1.36,0.021,0.03
2017-10-10,1.56,1.559,1.563,1.55,9277,1444400.0,0.83,-0.06,-0.001,0.01
2017-10-11,1.559,1.567,1.571,1.559,12525,1962759.0,0.77,0.51,0.008,0.01
2017-10-12,1.567,1.569,1.572,1.567,5080,797976.0,0.32,0.13,0.002,0.01
2017-10-13,1.568,1.558,1.568,1.555,7496,1168300.0,0.83,-0.7,-0.011,0.01
2017-10-16,1.559,1.559,1.562,1.558,3801,593037.0,0.26,0.06,0.001,0.0
2017-10-17,1.559,1.563,1.564,1.559,4861,758777.0,0.32,0.26,0.004,0.0
2017-10-18,1.567,1.561,1.567,1.558,5384,839808.0,0.58,-0.13,-0.002,0.01
2017-10-19,1.565,1.56,1.565,1.559,7524,1175392.0,0.38,-0.06,-0.001,0.01
2017-10-20,1.56,1.568,1.57,1.56,13304,2081990.0,0.64,0.51,0.008,0.01
2017-10-23,1.572,1.574,1.578,1.569,3923,617470.0,0.57,0.38,0.006,0.0
2017-10-24,1.574,1.57,1.574,1.566,4375,686685.0,0.51,-0.25,-0.004,0.0
2017-10-25,1.57,1.577,1.577,1.57,6401,1008408.0,0.45,0.45,0.007,0.01
2017-10-26,1.569,1.569,1.574,1.567,4908,769712.0,0.44,-0.51,-0.008,0.0
2017-10-27,1.57,1.576,1.576,1.57,14045,2210122.0,0.38,0.45,0.007,0.01
2017-10-30,1.585,1.587,1.59,1.581,6894,1093449.0,0.57,0.7,0.011,0.01
2017-10-31,1.59,1.585,1.592,1.584,4269,677392.0,0.5,-0.13,-0.002,0.0
2017-11-01,1.59,1.591,1.591,1.588,8940,1420946.0,0.19,0.38,0.006,0.01
2017-11-02,1.592,1.591,1.593,1.586,9965,1584045.0,0.44,0.0,0.0,0.01
2017-11-03,1.596,1.6,1.615,1.591,7275,1165601.0,1.51,0.57,0.009,0.01
2017-11-06,1.62,1.606,1.621,1.59,28057,4505928.0,1.94,0.38,0.006,0.03
2017-11-07,1.605,1.595,1.606,1.591,14555,2324693.0,0.93,-0.68,-0.011,0.01
2017-11-08,1.59,1.591,1.595,1.589,7506,1194353.0,0.38,-0.25,-0.004,0.01
2017-11-09,1.59,1.593,1.599,1.587,11924,1899290.0,0.75,0.13,0.002,0.01
2017-11-10,1.577,1.583,1.586,1.577,22729,3593011.0,0.56,-0.63,-0.01,0.02
2017-11-13,1.582,1.583,1.586,1.579,16338,2583397.0,0.44,0.0,0.0,0.02
2017-11-14,1.585,1.585,1.588,1.584,9868,1564338.0,0.25,0.13,0.002,0.01
2017-11-15,1.584,1.574,1.585,1.574,9192,1450235.0,0.69,-0.69,-0.011,0.01
2017-11-16,1.571,1.572,1.573,1.563,11720,1839718.0,0.64,-0.13,-0.002,0.01
2017-11-17,1.582,1.584,1.586,1.581,7756,1228374.0,0.32,0.76,0.012,0.01
2017-11-20,1.584,1.579,1.585,1.577,7015,1110560.0,0.51,-0.32,-0.005,0.01
2017-11-21,1.58,1.584,1.585,1.58,9283,1468470.0,0.32,0.32,0.005,0.01
2017-11-22,1.59,1.589,1.6,1.588,8852,1409145.0,0.76,0.32,0.005,0.01
2017-11-23,1.592,1.586,1.592,1.583,13445,2135675.0,0.57,-0.19,-0.003,0.01
2017-11-24,1.584,1.587,1.589,1.577,5426,859717.0,0.76,0.06,0.001,0.01
2017-11-27,1.587,1.587,1.591,1.586,12519,1989127.0,0.32,0.0,0.0,0.01
2017-11-28,1.587,1.589,1.591,1.583,11611,1844780.0,0.5,0.13,0.002,0.01
2017-11-29,1.598,1.603,1.605,1.598,46103,7383263.0,0.44,0.88,0.014,0.05
2017-11-30,1.601,1.602,1.603,1.6,10840,1735563.0,0.19,-0.06,-0.001,0.01
2017-12-01,1.619,1.615,1.619,1.611,19525,3152888.0,0.5,0.81,0.013,0.02
2017-12-04,1.63,1.659,1.68,1.625,70059,11561591.0,3.41,2.72,0.044,0.07
2017-12-05,1.65,1.63,1.65,1.619,31734,5182256.0,1.87,-1.75,-0.029,0.03
2017-12-06,1.627,1.614,1.627,1.605,30598,4924189.0,1.35,-0.98,-0.016,0.03
2017-12-07,1.612,1.613,1.62,1.612,10715,1730503.0,0.5,-0.06,-0.001,0.01
2017-12-08,1.618,1.628,1.629,1.617,28184,4570552.0,0.74,0.93,0.015,0.03
2017-12-11,1.634,1.636,1.643,1.629,15773,2577679.0,0.86,0.49,0.008,0.02
2017-12-12,1.642,1.641,1.645,1.638,8321,1366576.0,0.43,0.31,0.005,0.01
2017-12-13,1.644,1.643,1.648,1.639,11417,1876839.0,0.55,0.12,0.002,0.01
2017-12-14,1.643,1.644,1.646,1.641,4902,805435.0,0.3,0.06,0.001,0.0
2017-12-15,1.639,1.63,1.639,1.63,8982,1465644.0,0.55,-0.85,-0.014,0.01
2017-12-18,1.647,1.645,1.647,1.638,18062,2964895.0,0.55,0.92,0.015,0.02
2017-12-19,1.65,1.659,1.659,1.65,8542,1414614.0,0.55,0.85,0.014,0.01
2017-12-20,1.655,1.651,1.655,1.648,7520,1240154.0,0.42,-0.48,-0.008,0.01
2017-12-21,1.65,1.644,1.65,1.642,10762,1768798.0,0.48,-0.42,-0.007,0.01
2017-12-22,1.647,1.647,1.649,1.644,6956,1145639.0,0.3,0.18,0.003,0.01
2017-12-25,1.647,1.645,1.652,1.64,10843,1781760.0,0.73,-0.12,-0.002,0.01
2017-12-26,1.647,1.645,1.648,1.637,10126,1664997.0,0.67,0.0,0.0,0.01
2017-12-27,1.647,1.644,1.647,1.639,14404,2366149.0,0.49,-0.06,-0.001,0.01
2017-12-28,1.645,1.634,1.645,1.633,16284,2666584.0,0.73,-0.61,-0.01,0.02
2017-12-29,1.634,1.634,1.636,1.631,11905,1944347.0,0.31,0.0,0.0,0.01
2018-01-02,1.631,1.627,1.631,1.62,13410,2178695.0,0.67,-0.43,-0.007,0.01
2018-01-03,1.637,1.635,1.639,1.632,24193,3954843.0,0.43,0.49,0.008,0.02
2018-01-04,1.642,1.638,1.643,1.636,18878,3094072.0,0.43,0.18,0.003,0.02
2018-01-05,1.641,1.639,1.645,1.639,16764,2750116.0,0.37,0.06,0.001,0.02
2018-01-08,1.647,1.652,1.652,1.645,15177,2502812.0,0.43,0.79,0.013,0.02
2018-01-09,1.648,1.652,1.652,1.647,35819,5910198.0,0.3,0.0,0.0,0.04
2018-01-10,1.653,1.657,1.659,1.653,13186,2184610.0,0.36,0.3,0.005,0.01
2018-01-11,1.657,1.657,1.658,1.654,13020,2155374.0,0.24,0.0,0.0,0.01
2018-01-12,1.666,1.675,1.675,1.666,13398,2238260.0,0.54,1.09,0.018,0.01
2018-01-15,1.677,1.682,1.689,1.677,20462,3443468.0,0.72,0.42,0.007,0.02
2018-01-16,1.682,1.681,1.683,1.679,10892,1829822.0,0.24,-0.06,-0.001,0.01
2018-01-17,1.661,1.669,1.68,1.661,21929,3657110.0,1.13,-0.71,-0.012,0.02
2018-01-18,1.678,1.681,1.689,1.678,18653,3137623.0,0.66,0.72,0.012,0.02
2018-01-19,1.677,1.668,1.678,1.667,20922,3495267.0,0.65,-0.77,-0.013,0.02
2018-01-22,1.67,1.674,1.677,1.67,10528,1762921.0,0.42,0.36,0.006,0.01
2018-01-23,1.68,1.692,1.697,1.68,13671,2309170.0,1.02,1.08,0.018,0.01
2018-01-24,1.693,1.692,1.697,1.689,11657,1971348.0,0.47,0.0,0.0,0.01
2018-01-25,1.684,1.684,1.689,1.68,16521,2782010.0,0.53,-0.47,-0.008,0.02
2018-01-26,1.685,1.684,1.685,1.682,14544,2449065.0,0.18,0.0,0.0,0.01
2018-01-29,1.692,1.696,1.7,1.692,27987,4752735.0,0.48,0.71,0.012,0.03
2018-01-30,1.68,1.682,1.688,1.68,13872,2336472.0,0.47,-0.83,-0.014,0.01
2018-01-31,1.67,1.666,1.67,1.657,12473,2074219.0,0.77,-0.95,-0.016,0.01
2018-02-01,1.665,1.67,1.676,1.665,16539,2762821.0,0.66,0.24,0.004,0.02
2018-02-02,1.667,1.656,1.667,1.656,9815,1628013.0,0.66,-0.84,-0.014,0.01
2018-02-05,1.613,1.611,1.617,1.606,41510,6680532.0,0.66,-2.72,-0.045,0.04
2018-02-06,1.557,1.518,1.557,1.509,117584,17834268.0,2.98,-5.77,-0.093,0.12
2018-02-07,1.551,1.543,1.56,1.54,38325,5944589.0,1.32,1.65,0.025,0.04
2018-02-08,1.543,1.562,1.57,1.525,32091,4973285.0,2.92,1.23,0.019,0.03
2018-02-09,1.512,1.513,1.55,1.503,89840,13599784.0,3.01,-3.14,-0.049,0.09
2018-02-12,1.53,1.533,1.535,1.517,26295,4019215.0,1.19,1.32,0.02,0.03
2018-02-13,1.548,1.555,1.565,1.548,13760,2139032.0,1.11,1.44,0.022,0.01
2018-02-14,1.56,1.564,1.57,1.556,9274,1446534.0,0.9,0.58,0.009,0.01
2018-02-22,1.585,1.577,1.585,1.571,9100,1433039.0,0.9,0.83,0.013,0.01
2018-02-23,1.577,1.588,1.589,1.577,10691,1694164.0,0.76,0.7,0.011,0.01
2018-02-26,1.61,1.622,1.624,1.609,8671,1401656.0,0.94,2.14,0.034,0.01
2018-02-27,1.64,1.635,1.642,1.63,12302,2012638.0,0.74,0.8,0.013,0.01
2018-02-28,1.613,1.623,1.623,1.607,9912,1598163.0,0.98,-0.73,-0.012,0.01
2018-03-01,1.613,1.602,1.613,1.585,20640,3301388.0,1.73,-1.29,-0.021,0.02
2018-03-02,1.582,1.576,1.583,1.575,9547,1507640.0,0.5,-1.62,-0.026,0.01
2018-03-05,1.58,1.579,1.582,1.576,6715,1060459.0,0.38,0.19,0.003,0.01
2018-03-06,1.599,1.596,1.6,1.594,8199,1308902.0,0.38,1.08,0.017,0.01
2018-03-07,1.596,1.589,1.596,1.583,8955,1422683.0,0.81,-0.44,-0.007,0.01
2018-03-08,1.596,1.599,1.6,1.594,9681,1546108.0,0.38,0.63,0.01,0.01
2018-03-09,1.605,1.61,1.61,1.602,14283,2292448.0,0.5,0.69,0.011,0.01
2018-03-12,1.637,1.64,1.642,1.632,12842,2101709.0,0.62,1.86,0.03,0.01
2018-03-13,1.638,1.63,1.638,1.628,6561,1071436.0,0.61,-0.61,-0.01,0.01
2018-03-14,1.613,1.621,1.621,1.613,4233,684136.0,0.49,-0.55,-0.009,0.0
2018-03-15,1.614,1.62,1.622,1.611,4180,676858.0,0.68,-0.06,-0.001,0.0
2018-03-16,1.62,1.611,1.622,1.604,6900,1114538.0,1.11,-0.56,-0.009,0.01
2018-03-19,1.611,1.61,1.613,1.609,5172,832895.0,0.25,-0.06,-0.001,0.01
2018-03-20,1.588,1.594,1.595,1.588,6965,1107993.0,0.43,-0.99,-0.016,0.01
2018-03-21,1.594,1.598,1.6,1.594,6091,973209.0,0.38,0.25,0.004,0.01
2018-03-22,1.596,1.6,1.603,1.594,2994,478383.0,0.56,0.13,0.002,0.0
2018-03-23,1.579,1.558,1.579,1.543,37023,5754176.0,2.25,-2.63,-0.042,0.04
2018-03-26,1.527,1.541,1.544,1.52,25106,3837689.0,1.54,-1.09,-0.017,0.03
2018-03-27,1.559,1.561,1.565,1.556,13257,2067558.0,0.58,1.3,0.02,0.01
2018-03-28,1.54,1.535,1.542,1.526,25101,3855761.0,1.02,-1.67,-0.026,0.03
2018-03-29,1.534,1.534,1.535,1.524,14905,2277170.0,0.72,-0.07,-0.001,0.02
2018-03-30,1.542,1.538,1.545,1.532,17127,2634154.0,0.85,0.26,0.004,0.02
2018-04-02,1.539,1.538,1.539,1.534,5370,825055.0,0.33,0.0,0.0,0.01
2018-04-03,1.503,1.514,1.525,1.503,12066,1822782.0,1.43,-1.56,-0.024,0.01
2018-04-04,1.52,1.52,1.526,1.517,9060,1377613.0,0.59,0.4,0.006,0.01
2018-04-09,1.52,1.526,1.527,1.52,23070,3514759.0,0.46,0.39,0.006,0.02
2018-04-10,1.526,1.541,1.542,1.524,16765,2571690.0,1.18,0.98,0.015,0.02
2018-04-11,1.553,1.54,1.555,1.539,11961,1849929.0,1.04,-0.06,-0.001,0.01
2018-04-12,1.547,1.538,1.548,1.537,5190,800732.0,0.71,-0.13,-0.002,0.01
2018-04-13,1.546,1.551,1.552,1.543,12351,1910734.0,0.59,0.85,0.013,0.01
2018-04-16,1.548,1.543,1.55,1.541,13867,2141705.0,0.58,-0.52,-0.008,0.01
2018-04-17,1.555,1.558,1.559,1.55,26877,4175938.0,0.58,0.97,0.015,0.03
2018-04-18,1.569,1.573,1.575,1.568,32288,5073121.0,0.45,0.96,0.015,0.03
2018-04-19,1.577,1.57,1.577,1.569,20762,3265336.0,0.51,-0.19,-0.003,0.02
2018-04-20,1.567,1.567,1.57,1.561,6851,1072624.0,0.57,-0.19,-0.003,0.01
2018-04-23,1.568,1.556,1.568,1.554,10921,1699107.0,0.89,-0.7,-0.011,0.01
2018-04-24,1.556,1.564,1.565,1.556,2623,409826.0,0.58,0.51,0.008,0.0
2018-04-25,1.555,1.544,1.555,1.54,9191,1418679.0,0.96,-1.28,-0.02,0.01
2018-04-26,1.546,1.543,1.557,1.542,8154,1262058.0,0.97,-0.06,-0.001,0.01
2018-04-27,1.559,1.571,1.573,1.552,9264,1444988.0,1.36,1.81,0.028,0.01
2018-05-02,1.56,1.565,1.567,1.557,6147,960220.0,0.64,-0.38,-0.006,0.01
2018-05-03,1.565,1.56,1.565,1.556,7095,1106754.0,0.58,-0.32,-0.005,0.01
2018-05-04,1.562,1.561,1.566,1.556,15330,2391638.0,0.64,0.06,0.001,0.02
2018-05-07,1.569,1.575,1.575,1.569,13347,2099657.0,0.38,0.9,0.014,0.01
2018-05-08,1.575,1.574,1.579,1.573,17992,2835109.0,0.38,-0.06,-0.001,0.02
2018-05-09,1.584,1.573,1.584,1.572,6970,1097692.0,0.76,-0.06,-0.001,0.01
2018-05-10,1.589,1.587,1.589,1.584,8088,1283737.0,0.32,0.89,0.014,0.01
2018-05-11,1.599,1.596,1.601,1.594,10126,1616127.0,0.44,0.57,0.009,0.01
2018-05-14,1.596,1.607,1.608,1.596,15638,2505320.0,0.75,0.69,0.011,0.02
2018-05-15,1.606,1.598,1.606,1.597,8859,1417831.0,0.56,-0.56,-0.009,0.01
2018-05-16,1.59,1.595,1.598,1.59,8220,1310630.0,0.5,-0.19,-0.003,0.01
2018-05-17,1.597,1.599,1.602,1.597,4000,639746.0,0.31,0.25,0.004,0.0
2018-05-18,1.6,1.6,1.604,1.6,5574,892995.0,0.25,0.06,0.001,0.01
2018-05-21,1.605,1.628,1.629,1.605,9118,1474511.0,1.5,1.75,0.028,0.01
2018-05-22,1.625,1.623,1.627,1.62,5163,838611.0,0.43,-0.31,-0.005,0.01
2018-05-23,1.622,1.612,1.622,1.611,15729,2544480.0,0.68,-0.68,-0.011,0.02
2018-05-24,1.614,1.62,1.621,1.614,19953,3230858.0,0.43,0.5,0.008,0.02
2018-05-25,1.623,1.621,1.623,1.615,15123,2447764.0,0.49,0.06,0.001,0.02
2018-05-28,1.624,1.628,1.63,1.621,6811,1107465.0,0.56,0.43,0.007,0.01
2018-05-29,1.628,1.618,1.628,1.615,2294,371510.0,0.8,-0.61,-0.01,0.0
2018-05-30,1.614,1.597,1.614,1.558,23546,3731553.0,3.46,-1.3,-0.021,0.02
2018-05-31,1.612,1.614,1.616,1.61,4136,666784.0,0.38,1.06,0.017,0.0
2018-06-01,1.614,1.607,1.614,1.601,5456,875754.0,0.81,-0.43,-0.007,0.01
2018-06-04,1.617,1.629,1.631,1.617,10856,1767225.0,0.87,1.37,0.022,0.01
2018-06-05,1.633,1.639,1.645,1.632,6021,986812.0,0.8,0.61,0.01,0.01
2018-06-06,1.639,1.636,1.642,1.636,6575,1078104.0,0.37,-0.18,-0.003,0.01
2018-06-07,1.646,1.648,1.65,1.645,13244,2181773.0,0.31,0.73,0.012,0.01
2018-06-08,1.648,1.643,1.648,1.632,13786,2263893.0,0.97,-0.3,-0.005,0.01
2018-06-11,1.645,1.657,1.657,1.645,14539,2403337.0,0.73,0.85,0.014,0.01
2018-06-12,1.657,1.668,1.67,1.654,11724,1951183.0,0.97,0.66,0.011,0.01
2018-06-13,1.667,1.671,1.675,1.664,10475,1751140.0,0.66,0.18,0.003,0.01
2018-06-14,1.668,1.66,1.668,1.659,12619,2096415.0,0.54,-0.66,-0.011,0.01
2018-06-15,1.662,1.673,1.675,1.662,9981,1668268.0,0.78,0.78,0.013,0.01
2018-06-19,1.668,1.638,1.668,1.635,15634,2578158.0,1.97,-2.09,-0.035,0.02
2018-06-20,1.635,1.654,1.658,1.635,20069,3302305.0,1.4,0.98,0.016,0.02
2018-06-21,1.658,1.673,1.676,1.658,13103,2183363.0,1.09,1.15,0.019,0.01
2018-06-22,1.66,1.664,1.667,1.647,12626,2096162.0,1.2,-0.54,-0.009,0.01
2018-06-25,1.664,1.678,1.69,1.659,13142,2201221.0,1.86,0.84,0.014,0.01
2018-06-26,1.662,1.661,1.662,1.644,13157,2172476.0,1.07,-1.01,-0.017,0.01
2018-06-27,1.657,1.647,1.667,1.641,21950,3623278.0,1.57,-0.84,-0.014,0.02
2018-06-28,1.637,1.64,1.655,1.637,13260,2175530.0,1.09,-0.43,-0.007,0.01
2018-06-29,1.655,1.67,1.683,1.654,11614,1936199.0,1.77,1.83,0.03,0.01
2018-07-02,1.675,1.66,1.685,1.66,12596,2105452.0,1.5,-0.6,-0.01,0.01
2018-07-03,1.677,1.689,1.69,1.677,23932,4034887.0,0.78,1.75,0.029,0.02
2018-07-04,1.678,1.671,1.678,1.665,6733,1127458.0,0.77,-1.07,-0.018,0.01
2018-07-05,1.667,1.687,1.698,1.663,15638,2632438.0,2.09,0.96,0.016,0.02
2018-07-06,1.699,1.702,1.708,1.697,9905,1685372.0,0.65,0.89,0.015,0.01
2018-07-09,1.712,1.718,1.72,1.711,20754,3562588.0,0.53,0.94,0.016,0.02
2018-07-10,1.723,1.726,1.728,1.722,23079,3982989.0,0.35,0.47,0.008,0.02
2018-07-11,1.704,1.729,1.731,1.704,31637,5460540.0,1.56,0.17,0.003,0.03
2018-07-12,1.729,1.741,1.742,1.709,20124,3490662.0,1.91,0.69,0.012,0.02
2018-07-13,1.745,1.74,1.754,1.725,23104,4030395.0,1.67,-0.06,-0.001,0.02
2018-07-16,1.745,1.74,1.745,1.739,9041,1574023.0,0.34,0.0,0.0,0.01
2018-07-17,1.739,1.73,1.741,1.728,13635,2360437.0,0.75,-0.57,-0.01,0.01
2018-07-18,1.74,1.748,1.748,1.74,15830,2762765.0,0.46,1.04,0.018,0.02
2018-07-19,1.75,1.76,1.761,1.748,29176,5126090.0,0.74,0.69,0.012,0.03
2018-07-20,1.76,1.762,1.763,1.745,21329,3753480.0,1.02,0.11,0.002,0.02
2018-07-23,1.759,1.755,1.76,1.749,35904,6295194.0,0.62,-0.4,-0.007,0.04
2018-07-24,1.761,1.777,1.778,1.761,31544,5589608.0,0.97,1.25,0.022,0.03
2018-07-25,1.779,1.777,1.785,1.776,29611,5269560.0,0.51,0.0,0.0,0.03
2018-07-26,1.79,1.789,1.791,1.781,17858,3191973.0,0.56,0.68,0.012,0.02
2018-07-27,1.791,1.811,1.812,1.79,66180,11944387.0,1.23,1.23,0.022,0.07
2018-07-30,1.806,1.79,1.806,1.785,42006,7520522.0,1.16,-1.16,-0.021,0.04
2018-07-31,1.777,1.761,1.779,1.759,63570,11238928.0,1.12,-1.62,-0.029,0.06
2018-08-01,1.775,1.779,1.779,1.773,33483,5943396.0,0.34,1.02,0.018,0.03
2018-08-02,1.778,1.773,1.782,1.77,27413,4866266.0,0.67,-0.34,-0.006,0.03
2018-08-03,1.79,1.804,1.807,1.785,47233,8499118.0,1.24,1.75,0.031,0.05
2018-08-06,1.815,1.824,1.825,1.807,138528,25171052.0,1.0,1.11,0.02,0.14
2018-08-07,1.833,1.856,1.88,1.833,96985,18016618.0,2.58,1.75,0.032,0.1
2018-08-08,1.859,1.83,1.859,1.827,92395,16963097.0,1.72,-1.4,-0.026,0.09
2018-08-09,1.818,1.812,1.818,1.809,90239,16353140.0,0.49,-0.98,-0.018,0.09
2018-08-10,1.808,1.813,1.815,1.804,62744,11355727.0,0.61,0.06,0.001,0.06
2018-08-13,1.789,1.8,1.8,1.789,38933,6989969.0,0.61,-0.72,-0.013,0.04
2018-08-14,1.796,1.804,1.807,1.796,28055,5059342.0,0.61,0.22,0.004,0.03
2018-08-15,1.811,1.825,1.825,1.811,88580,16125451.0,0.78,1.16,0.021,0.09
2018-08-16,1.802,1.8,1.816,1.799,107796,19496020.0,0.93,-1.37,-0.025,0.11
2018-08-17,1.817,1.822,1.822,1.813,79176,14394209.0,0.5,1.22,0.022,0.08
2018-08-20,1.825,1.821,1.83,1.812,152890,27828952.0,0.99,-0.05,-0.001,0.15
2018-08-21,1.822,1.816,1.822,1.81,193581,35134074.0,0.66,-0.27,-0.005,0.2
2018-08-22,1.818,1.814,1.818,1.812,74453,13507793.0,0.33,-0.11,-0.002,0.08
2018-08-23,1.814,1.817,1.82,1.813,74733,13578224.0,0.39,0.17,0.003,0.08
2018-08-24,1.816,1.814,1.82,1.813,156547,28427688.0,0.39,-0.17,-0.003,0.16
2018-08-27,1.822,1.821,1.823,1.816,96155,17488526.0,0.39,0.39,0.007,0.1
2018-08-28,1.839,1.837,1.841,1.828,164418,30218409.0,0.71,0.88,0.016,0.17
2018-08-29,1.838,1.842,1.842,1.837,242219,44557190.0,0.27,0.27,0.005,0.24
2018-08-30,1.844,1.85,1.851,1.844,88162,16293474.0,0.38,0.43,0.008,0.09
2018-08-31,1.847,1.844,1.847,1.841,37065,6828483.0,0.32,-0.32,-0.006,0.04
2018-09-03,1.847,1.836,1.847,1.834,80475,14790409.0,0.7,-0.43,-0.008,0.08
2018-09-04,1.84,1.841,1.842,1.836,43494,8000321.0,0.33,0.27,0.005,0.04
2018-09-05,1.839,1.833,1.839,1.833,32448,5957023.0,0.33,-0.43,-0.008,0.03
2018-09-06,1.83,1.826,1.83,1.824,32389,5918750.0,0.33,-0.38,-0.007,0.03
2018-09-07,1.82,1.821,1.822,1.814,85085,15460136.0,0.44,-0.27,-0.005,0.09
2018-09-10,1.822,1.829,1.829,1.816,56207,10262386.0,0.71,0.44,0.008,0.06
2018-09-11,1.833,1.835,1.836,1.829,68159,12495509.0,0.38,0.33,0.006,0.07
2018-09-12,1.842,1.844,1.847,1.842,75811,13984539.0,0.27,0.49,0.009,0.08
2018-09-13,1.843,1.839,1.843,1.837,33748,6204008.0,0.33,-0.27,-0.005,0.03
2018-09-14,1.848,1.85,1.85,1.841,49145,9075773.0,0.49,0.6,0.011,0.05
2018-09-17,1.848,1.85,1.853,1.848,45358,8395523.0,0.27,0.0,0.0,0.05
2018-09-18,1.831,1.836,1.837,1.831,67155,12305122.0,0.32,-0.76,-0.014,0.07
2018-09-19,1.846,1.845,1.849,1.845,56754,10479441.0,0.22,0.49,0.009,0.06
2018-09-20,1.848,1.851,1.851,1.848,95807,17725736.0,0.16,0.33,0.006,0.1
2018-09-21,1.862,1.865,1.866,1.862,89121,16610054.0,0.22,0.76,0.014,0.09
2018-09-25,1.854,1.859,1.86,1.854,70267,13042806.0,0.32,-0.32,-0.006,0.07
2018-09-26,1.858,1.869,1.87,1.857,132569,24717282.0,0.7,0.54,0.01,0.13
2018-09-27,1.865,1.854,1.865,1.854,54035,10043461.0,0.59,-0.8,-0.015,0.05
2018-09-28,1.857,1.858,1.859,1.854,136915,25410921.0,0.27,0.22,0.004,0.14
2018-10-08,1.839,1.841,1.845,1.825,131356,24175293.0,1.08,-0.91,-0.017,0.13
2018-10-09,1.841,1.848,1.849,1.841,92935,17168115.0,0.43,0.38,0.007,0.09
2018-10-10,1.848,1.853,1.853,1.847,65769,12170379.0,0.32,0.27,0.005,0.07
2018-10-11,1.78,1.763,1.793,1.748,388419,68493676.0,2.43,-4.86,-0.09,0.39
2018-10-12,1.738,1.775,1.778,1.738,166438,29302009.0,2.27,0.68,0.012,0.17
2018-10-15,1.775,1.759,1.775,1.757,96672,17070966.0,1.01,-0.9,-0.016,0.1
2018-10-16,1.759,1.766,1.77,1.755,178353,31465375.0,0.85,0.4,0.007,0.18
2018-10-17,1.8,1.802,1.804,1.797,87140,15686787.0,0.4,2.04,0.036,0.09
2018-10-18,1.8,1.793,1.8,1.79,107098,19208828.0,0.55,-0.5,-0.009,0.11
2018-10-19,1.771,1.782,1.782,1.771,102503,18226216.0,0.61,-0.61,-0.011,0.1
2018-10-22,1.777,1.781,1.782,1.769,96227,17098327.0,0.73,-0.06,-0.001,0.1
2018-10-23,1.77,1.755,1.77,1.754,82693,14568007.0,0.9,-1.46,-0.026,0.08
2018-10-24,1.753,1.755,1.763,1.749,130580,22932029.0,0.8,0.0,0.0,0.13
2018-10-25,1.701,1.713,1.72,1.695,185323,31660876.0,1.42,-2.39,-0.042,0.19
2018-10-26,1.72,1.718,1.722,1.71,209286,35909537.0,0.7,0.29,0.005,0.21
2018-10-29,1.712,1.708,1.713,1.705,121584,20784189.0,0.47,-0.58,-0.01,0.12
2018-10-30,1.707,1.709,1.723,1.704,307686,52673792.0,1.11,0.06,0.001,0.31
2018-10-31,1.726,1.735,1.736,1.72,118049,20446960.0,0.94,1.52,0.026,0.12
2018-11-01,1.754,1.745,1.758,1.744,83321,14608540.0,0.81,0.58,0.01,0.08
2018-11-02,1.751,1.763,1.764,1.747,194484,34112291.0,0.97,1.03,0.018,0.2
2018-11-05,1.755,1.744,1.755,1.741,65941,11496384.0,0.79,-1.08,-0.019,0.07
2018-11-06,1.747,1.763,1.779,1.747,302909,53382747.0,1.83,1.09,0.019,0.31
2018-11-07,1.768,1.772,1.778,1.768,188889,33517483.0,0.57,0.51,0.009,0.19
2018-11-08,1.804,1.807,1.821,1.802,103122,18638671.0,1.07,1.98,0.035,0.1
2018-11-09,1.806,1.799,1.806,1.788,171116,30792498.0,1.0,-0.44,-0.008,0.17
2018-11-12,1.785,1.797,1.798,1.785,55700,9978466.0,0.72,-0.11,-0.002,0.06
2018-11-13,1.765,1.759,1.765,1.752,158558,27870556.0,0.72,-2.11,-0.038,0.16
2018-11-14,1.759,1.76,1.762,1.758,70018,12325910.0,0.23,0.06,0.001,0.07
2018-11-15,1.752,1.745,1.752,1.741,155880,27199933.0,0.63,-0.85,-0.015,0.16
2018-11-16,1.755,1.749,1.762,1.746,691414,121336144.0,0.92,0.23,0.004,0.7
2018-11-19,1.755,1.754,1.759,1.754,232924,40914528.0,0.29,0.29,0.005,0.23
2018-11-20,1.723,1.729,1.735,1.723,245906,42502281.0,0.68,-1.43,-0.025,0.25
2018-11-21,1.7,1.704,1.71,1.686,310732,52770057.0,1.39,-1.45,-0.025,0.31
2018-11-22,1.704,1.703,1.704,1.701,22041,3752187.0,0.18,-0.06,-0.001,0.02
2018-11-23,1.702,1.699,1.705,1.698,94728,16121709.0,0.41,-0.23,-0.004,0.1
2018-11-26,1.698,1.703,1.704,1.693,356152,60563233.0,0.65,0.24,0.004,0.36
2018-11-27,1.716,1.715,1.716,1.709,137831,23596603.0,0.41,0.7,0.012,0.14
2018-11-28,1.734,1.729,1.737,1.718,366696,63380754.0,1.11,0.82,0.014,0.37
2018-11-29,1.763,1.753,1.769,1.751,236818,41700196.0,1.04,1.39,0.024,0.24
2018-11-30,1.753,1.762,1.762,1.753,116474,20491965.0,0.51,0.51,0.009,0.12
2018-12-03,1.795,1.8,1.803,1.782,290735,52294069.0,1.19,2.16,0.038,0.29
2018-12-04,1.796,1.769,1.796,1.769,186521,33179696.0,1.5,-1.72,-0.031,0.19
2018-12-05,1.73,1.734,1.74,1.729,102156,17737773.0,0.62,-1.98,-0.035,0.1
2018-12-06,1.72,1.709,1.72,1.708,331422,56779534.0,0.69,-1.44,-0.025,0.33
2018-12-07,1.72,1.721,1.728,1.72,112176,19341378.0,0.47,0.7,0.012,0.11
2018-12-10,1.699,1.673,1.699,1.671,347029,58295257.0,1.63,-2.79,-0.048,0.35
2018-12-11,1.679,1.688,1.691,1.679,1419209,239153657.0,0.72,0.9,0.015,1.43
2018-12-12,1.69,1.696,1.714,1.686,1443350,244869732.0,1.66,0.47,0.008,1.45
2018-12-13,1.706,1.7,1.711,1.695,1200625,204130995.0,0.94,0.24,0.004,1.21
2018-12-14,1.695,1.683,1.7,1.682,346361,58629337.0,1.06,-1.0,-0.017,0.35
2018-12-17,1.666,1.669,1.671,1.666,85681,14296097.0,0.3,-0.83,-0.014,0.09
2018-12-18,1.636,1.633,1.638,1.627,405196,66116617.0,0.66,-2.16,-0.036,0.41
2018-12-19,1.634,1.629,1.634,1.625,507673,82722655.0,0.55,-0.24,-0.004,0.51
2018-12-20,1.614,1.593,1.614,1.586,753911,120347050.0,1.72,-2.21,-0.036,0.76
2018-12-21,1.583,1.588,1.59,1.576,243087,38455511.0,0.88,-0.31,-0.005,0.24
2018-12-24,1.559,1.555,1.56,1.549,743953,115573974.0,0.69,-2.08,-0.033,0.75
2018-12-25,1.508,1.499,1.508,1.496,184096,27611440.0,0.77,-3.6,-0.056,0.19
2018-12-26,1.503,1.496,1.507,1.487,695183,103783410.0,1.33,-0.2,-0.003,0.7
2018-12-27,1.56,1.567,1.58,1.56,1524212,239621901.0,1.34,4.75,0.071,1.54
2018-12-28,1.578,1.576,1.588,1.575,290556,45935237.0,0.83,0.57,0.009,0.29
2019-01-02,1.593,1.573,1.598,1.572,339152,53656898.0,1.65,-0.19,-0.003,0.34
2019-01-03,1.574,1.572,1.58,1.57,225109,35457375.0,0.64,-0.06,-0.001,0.23
2019-01-04,1.556,1.57,1.57,1.508,663591,103504370.0,3.94,-0.13,-0.002,0.67
2019-01-07,1.607,1.607,1.617,1.602,654274,105072908.0,0.96,2.36,0.037,0.66
2019-01-08,1.618,1.625,1.629,1.616,362081,58809162.0,0.81,1.12,0.018,0.36
2019-01-09,1.633,1.639,1.644,1.633,941360,154403978.0,0.68,0.86,0.014,0.95
2019-01-10,1.636,1.621,1.637,1.62,1743871,283800064.0,1.04,-1.1,-0.018,1.76
2019-01-11,1.64,1.635,1.64,1.633,230051,37630119.0,0.43,0.86,0.014,0.23
2019-01-14,1.633,1.621,1.633,1.619,478013,77520848.0,0.86,-0.86,-0.014,0.48
2019-01-15,1.627,1.631,1.636,1.623,635878,103638021.0,0.8,0.62,0.01,0.64
2019-01-16,1.635,1.64,1.64,1.635,352708,57777197.0,0.31,0.55,0.009,0.36
2019-01-17,1.64,1.632,1.64,1.632,1239423,202833322.0,0.49,-0.49,-0.008,1.25
2019-01-18,1.655,1.663,1.664,1.655,130161,21608383.0,0.55,1.9,0.031,0.13
2019-01-21,1.674,1.678,1.682,1.674,515753,86571199.0,0.48,0.9,0.015,0.52
2019-01-22,1.679,1.672,1.679,1.671,748703,125347071.0,0.48,-0.36,-0.006,0.75
2019-01-23,1.66,1.659,1.664,1.656,645240,107057338.0,0.48,-0.78,-0.013,0.65
2019-01-24,1.66,1.66,1.663,1.658,979858,162703443.0,0.3,0.06,0.001,0.99
2019-01-25,1.663,1.665,1.668,1.659,838770,139467491.0,0.54,0.3,0.005,0.85
2019-01-28,1.667,1.659,1.669,1.656,290285,48189504.0,0.78,-0.36,-0.006,0.29
2019-01-29,1.651,1.65,1.654,1.646,209785,34601178.0,0.48,-0.54,-0.009,0.21
2019-01-30,1.65,1.649,1.654,1.649,355611,58750616.0,0.3,-0.06,-0.001,0.36
2019-01-31,1.667,1.669,1.677,1.667,286866,47938095.0,0.61,1.21,0.02,0.29
2019-02-01,1.677,1.691,1.692,1.676,396150,66849971.0,0.96,1.32,0.022,0.4
2019-02-11,1.69,1.698,1.701,1.688,249588,42318031.0,0.77,0.41,0.007,0.25
2019-02-12,1.704,1.709,1.714,1.704,1541554,263604555.0,0.59,0.65,0.011,1.55
2019-02-13,1.722,1.727,1.729,1.721,438075,75639947.0,0.47,1.05,0.018,0.44
2019-02-14,1.728,1.731,1.735,1.728,363052,62876025.0,0.41,0.23,0.004,0.37
2019-02-15,1.722,1.72,1.725,1.718,136216,23432776.0,0.4,-0.64,-0.011,0.14
2019-02-18,1.736,1.748,1.749,1.736,242222,42292768.0,0.76,1.63,0.028,0.24
2019-02-19,1.751,1.748,1.751,1.744,450576,78786701.0,0.4,0.0,0.0,0.45
2019-02-20,1.749,1.737,1.749,1.735,371514,64634808.0,0.8,-0.63,-0.011,0.37
2019-02-21,1.739,1.744,1.745,1.738,426842,74367505.0,0.4,0.4,0.007,0.43
2019-02-22,1.741,1.739,1.741,1.734,394096,68437742.0,0.4,-0.29,-0.005,0.4
2019-02-25,1.747,1.74,1.747,1.738,349995,60940441.0,0.52,0.06,0.001,0.35
2019-02-26,1.735,1.733,1.736,1.729,752988,130418846.0,0.4,-0.4,-0.007,0.76
2019-02-27,1.733,1.732,1.738,1.729,1576620,273296704.0,0.52,-0.06,-0.001,1.59
2019-02-28,1.732,1.728,1.735,1.727,469116,81190712.0,0.46,-0.23,-0.004,0.47
2019-03-01,1.732,1.743,1.744,1.731,710911,123477164.0,0.75,0.87,0.015,0.72
2019-03-04,1.75,1.75,1.755,1.748,1074373,188077498.0,0.4,0.4,0.007,1.08
2019-03-05,1.739,1.737,1.741,1.734,1039470,180390472.0,0.4,-0.74,-0.013,1.05
2019-03-06,1.734,1.735,1.737,1.73,1213763,210516866.0,0.4,-0.12,-0.002,1.22
2019-03-07,1.728,1.721,1.728,1.721,1849624,318851104.0,0.4,-0.81,-0.014,1.86
2019-03-08,1.715,1.709,1.721,1.708,726275,124513349.0,0.76,-0.7,-0.012,0.73
2019-03-11,1.709,1.716,1.716,1.708,879342,150706517.0,0.47,0.41,0.007,0.89
2019-03-12,1.735,1.739,1.744,1.735,1620742,282163264.0,0.52,1.34,0.023,1.63
2019-03-13,1.741,1.737,1.743,1.734,1538842,267285730.0,0.52,-0.12,-0.002,1.55
2019-03-14,1.749,1.753,1.758,1.745,866041,151797501.0,0.75,0.92,0.016,0.87
2019-03-15,1.753,1.755,1.759,1.753,616233,108184448.0,0.34,0.11,0.002,0.62
2019-03-18,1.758,1.761,1.763,1.756,593350,104358547.0,0.4,0.34,0.006,0.6
2019-03-19,1.766,1.769,1.769,1.766,428839,75808481.0,0.17,0.45,0.008,0.43
2019-03-20,1.766,1.765,1.766,1.761,722460,127388284.0,0.28,-0.23,-0.004,0.73
2019-03-21,1.76,1.749,1.76,1.747,1170093,205239522.0,0.74,-0.91,-0.016,1.18
2019-03-22,1.776,1.78,1.782,1.775,1900056,338110416.0,0.4,1.77,0.031,1.91
2019-03-25,1.742,1.74,1.749,1.739,1088561,189759844.0,0.56,-2.25,-0.04,1.1
2019-03-26,1.746,1.75,1.756,1.746,1852550,324549936.0,0.57,0.57,0.01,1.87
2019-03-27,1.756,1.763,1.765,1.756,494155,87068693.0,0.51,0.74,0.013,0.5
2019-03-28,1.747,1.75,1.757,1.746,1308221,229076036.0,0.62,-0.74,-0.013,1.32
2019-03-29,1.758,1.762,1.763,1.758,1137697,200463651.0,0.29,0.69,0.012,1.15
2019-04-01,1.77,1.777,1.782,1.77,1037685,184431910.0,0.68,0.85,0.015,1.05
2019-04-02,1.79,1.788,1.798,1.787,4751793,852237392.0,0.62,0.62,0.011,4.79
2019-04-03,1.792,1.798,1.8,1.79,1378793,247787567.0,0.56,0.56,0.01,1.39
2019-04-04,1.798,1.797,1.808,1.795,2829172,510392656.0,0.72,-0.06,-0.001,2.85
2019-04-08,1.811,1.819,1.827,1.81,1558073,283393200.0,0.95,1.22,0.022,1.57
2019-04-09,1.827,1.811,1.827,1.808,3194058,581077520.0,1.04,-0.44,-0.008,3.22
2019-04-10,1.805,1.798,1.805,1.798,641020,115393945.0,0.39,-0.72,-0.013,0.65
2019-04-11,1.804,1.806,1.811,1.804,1807153,326532464.0,0.39,0.44,0.008,1.82
2019-04-12,1.807,1.809,1.817,1.806,1706373,308729568.0,0.61,0.17,0.003,1.72
2019-04-15,1.818,1.815,1.821,1.813,707284,128545997.0,0.44,0.33,0.006,0.71
2019-04-16,1.817,1.825,1.826,1.817,1017846,185432089.0,0.5,0.55,0.01,1.03
2019-04-17,1.822,1.82,1.828,1.818,2218347,404408368.0,0.55,-0.27,-0.005,2.24
2019-04-18,1.811,1.806,1.826,1.806,1117642,202979736.0,1.1,-0.77,-0.014,1.13
2019-04-19,1.818,1.816,1.831,1.815,2261094,412107760.0,0.89,0.55,0.01,2.28
2019-04-22,1.821,1.816,1.821,1.812,2052894,372741824.0,0.5,0.0,0.0,2.07
2019-04-23,1.818,1.821,1.823,1.817,1103513,200912807.0,0.33,0.28,0.005,1.11
2019-04-24,1.839,1.838,1.841,1.835,1160661,213408274.0,0.33,0.93,0.017,1.17
2019-04-25,1.837,1.837,1.841,1.836,915671,168330597.0,0.27,-0.05,-0.001,0.92
2019-04-26,1.837,1.839,1.839,1.835,1886491,346764688.0,0.22,0.11,0.002,1.9
2019-04-29,1.847,1.853,1.853,1.847,632017,116987397.0,0.33,0.76,0.014,0.64
2019-04-30,1.854,1.858,1.858,1.851,268724,49802087.0,0.38,0.27,0.005,0.27
2019-05-06,1.837,1.829,1.843,1.828,1039509,190863569.0,0.81,-1.56,-0.029,1.05
2019-05-07,1.841,1.849,1.851,1.841,609498,112399795.0,0.55,1.09,0.02,0.61
2019-05-08,1.815,1.816,1.824,1.815,923192,168062488.0,0.49,-1.78,-0.033,0.93
2019-05-09,1.816,1.816,1.826,1.815,1392814,253419156.0,0.61,0.0,0.0,1.4
2019-05-10,1.819,1.817,1.827,1.815,1761233,320885296.0,0.66,0.06,0.001,1.77
2019-05-13,1.818,1.826,1.826,1.818,1165771,212633512.0,0.44,0.5,0.009,1.17
2019-05-14,1.796,1.804,1.806,1.79,788802,142239561.0,0.88,-1.2,-0.022,0.79
2019-05-15,1.817,1.819,1.82,1.814,2013785,366118960.0,0.33,0.83,0.015,2.03
2019-05-16,1.826,1.819,1.826,1.817,1003183,182559136.0,0.49,0.0,0.0,1.01
2019-05-17,1.84,1.842,1.847,1.839,251812,46419042.0,0.44,1.26,0.023,0.25
2019-05-20,1.844,1.841,1.845,1.84,612462,112839434.0,0.27,-0.05,-0.001,0.62
2019-05-21,1.838,1.833,1.838,1.83,716961,131296738.0,0.43,-0.43,-0.008,0.72
2019-05-22,1.842,1.837,1.842,1.835,625198,114989758.0,0.38,0.22,0.004,0.63
2019-05-23,1.832,1.824,1.832,1.823,431241,78798524.0,0.49,-0.71,-0.013,0.43
2019-05-24,1.821,1.814,1.821,1.813,417069,75737555.0,0.44,-0.55,-0.01,0.42
2019-05-27,1.813,1.815,1.816,1.809,575143,104261030.0,0.39,0.06,0.001,0.58
2019-05-28,1.816,1.821,1.824,1.816,970573,176764254.0,0.44,0.33,0.006,0.98
2019-05-29,1.803,1.792,1.803,1.792,1350196,242769544.0,0.6,-1.59,-0.029,1.36
2019-05-30,1.783,1.789,1.801,1.783,2202696,394053568.0,1.0,-0.17,-0.003,2.22
2019-05-31,1.781,1.774,1.784,1.774,2346282,417502464.0,0.56,-0.84,-0.015,2.36
2019-06-03,1.758,1.757,1.764,1.755,1600044,281254640.0,0.51,-0.96,-0.017,1.61
2019-06-04,1.759,1.763,1.767,1.759,665521,117343885.0,0.46,0.34,0.006,0.67
2019-06-05,1.8,1.803,1.807,1.799,698271,125978081.0,0.45,2.27,0.04,0.7
2019-06-06,1.812,1.814,1.819,1.811,808496,146707774.0,0.44,0.61,0.011,0.81
2019-06-10,1.852,1.857,1.858,1.85,1320798,245090165.0,0.44,2.37,0.043,1.33
2019-06-11,1.858,1.858,1.86,1.857,660239,122698782.0,0.16,0.05,0.001,0.67
2019-06-12,1.855,1.847,1.855,1.847,826184,152903818.0,0.43,-0.59,-0.011,0.83
2019-06-13,1.851,1.847,1.853,1.842,1334262,246184692.0,0.6,0.0,0.0,1.34
2019-06-14,1.855,1.856,1.862,1.854,888685,165252001.0,0.43,0.49,0.009,0.9
2019-06-17,1.859,1.859,1.863,1.858,274693,51100982.0,0.27,0.16,0.003,0.28
2019-06-18,1.86,1.856,1.861,1.856,1044005,194043923.0,0.27,-0.16,-0.003,1.05
2019-06-19,1.88,1.872,1.88,1.868,1614520,302177376.0,0.65,0.86,0.016,1.63
2019-06-20,1.88,1.882,1.882,1.872,631503,118785091.0,0.53,0.53,0.01,0.64
2019-06-21,1.885,1.881,1.886,1.875,411013,77235188.0,0.58,-0.05,-0.001,0.41
2019-06-24,1.883,1.886,1.892,1.883,724874,136696947.0,0.48,0.27,0.005,0.73
2019-06-25,1.883,1.878,1.883,1.876,1155246,216977841.0,0.37,-0.42,-0.008,1.16
2019-06-26,1.854,1.863,1.867,1.854,515422,96054244.0,0.69,-0.8,-0.015,0.52
2019-06-27,1.864,1.87,1.871,1.863,448365,83671074.0,0.43,0.38,0.007,0.45
2019-06-28,1.871,1.866,1.877,1.865,1623750,304286464.0,0.64,-0.21,-0.004,1.64
2019-07-01,1.891,1.911,1.914,1.89,841355,160407059.0,1.29,2.41,0.045,0.85
2019-07-02,1.904,1.903,1.905,1.898,262582,49961492.0,0.37,-0.42,-0.008,0.26
2019-07-03,1.917,1.909,1.917,1.906,879454,168025750.0,0.58,0.32,0.006,0.89
2019-07-04,1.936,1.925,1.936,1.919,313946,60441552.0,0.89,0.84,0.016,0.32
2019-07-05,1.924,1.922,1.929,1.919,475272,91343580.0,0.52,-0.16,-0.003,0.48
2019-07-08,1.92,1.911,1.92,1.909,1142577,218575144.0,0.57,-0.57,-0.011,1.15
2019-07-09,1.909,1.902,1.909,1.9,909627,173237704.0,0.47,-0.47,-0.009,0.92
2019-07-10,1.911,1.908,1.916,1.907,507311,96993461.0,0.47,0.32,0.006,0.51
2019-07-11,1.919,1.925,1.926,1.919,448119,86201776.0,0.37,0.89,0.017,0.45
2019-07-12,1.93,1.933,1.933,1.928,968929,187140128.0,0.26,0.42,0.008,0.98
2019-07-15,1.938,1.942,1.943,1.932,450892,87424457.0,0.57,0.47,0.009,0.45
2019-07-16,1.942,1.937,1.943,1.936,242625,47043025.0,0.36,-0.26,-0.005,0.24
2019-07-17,1.93,1.925,1.936,1.922,1176440,227044296.0,0.72,-0.62,-0.012,1.19
2019-07-18,1.909,1.907,1.914,1.903,1145697,218882971.0,0.57,-0.94,-0.018,1.15
2019-07-19,1.92,1.927,1.93,1.92,690843,133134985.0,0.52,1.05,0.02,0.7
2019-07-22,1.913,1.918,1.919,1.908,662596,126861422.0,0.57,-0.47,-0.009,0.67
2019-07-23,1.92,1.926,1.929,1.92,943238,181617632.0,0.47,0.42,0.008,0.95
2019-07-24,1.936,1.935,1.94,1.93,401636,77762815.0,0.52,0.47,0.009,0.4
2019-07-25,1.945,1.945,1.946,1.943,205954,40045445.0,0.16,0.52,0.01,0.21
2019-07-26,1.933,1.939,1.94,1.932,67988,13176507.0,0.41,-0.31,-0.006,0.07
2019-07-29,1.949,1.949,1.953,1.943,124069,24197480.0,0.52,0.52,0.01,0.13
2019-07-30,1.949,1.949,1.959,1.947,432537,84502460.0,0.62,0.0,0.0,0.44
2019-07-31,1.95,1.947,1.95,1.945,666978,129940522.0,0.26,-0.1,-0.002,0.67
2019-08-01,1.921,1.926,1.933,1.921,366942,70788514.0,0.62,-1.08,-0.021,0.37
2019-08-02,1.91,1.921,1.921,1.908,172907,33133927.0,0.67,-0.26,-0.005,0.17
2019-08-05,1.919,1.92,1.946,1.905,319421,61293439.0,2.13,-0.05,-0.001,0.32
2019-08-06,1.878,1.88,1.883,1.847,688134,128611310.0,1.88,-2.08,-0.04,0.69
2019-08-07,1.888,1.892,1.893,1.886,212704,40166990.0,0.37,0.64,0.012,0.21
2019-08-08,1.895,1.905,1.907,1.895,326170,61986271.0,0.63,0.69,0.013,0.33
2019-08-09,1.925,1.929,1.936,1.925,886330,171389561.0,0.58,1.26,0.024,0.89
2019-08-12,1.933,1.933,1.933,1.929,436954,84365160.0,0.21,0.21,0.004,0.44
2019-08-13,1.906,1.903,1.91,1.9,316480,60296288.0,0.52,-1.55,-0.03,0.32
2019-08-14,1.933,1.919,1.933,1.916,597608,114664323.0,0.89,0.84,0.016,0.6
2019-08-15,1.877,1.88,1.883,1.87,281918,52881003.0,0.68,-2.03,-0.039,0.28
2019-08-16,1.881,1.884,1.885,1.879,267960,50416645.0,0.32,0.21,0.004,0.27
2019-08-19,1.901,1.916,1.918,1.901,113155,21604100.0,0.9,1.7,0.032,0.11
2019-08-20,1.92,1.925,1.929,1.92,386000,74350906.0,0.47,0.47,0.009,0.39
2019-08-21,1.921,1.912,1.921,1.911,411391,78707805.0,0.52,-0.68,-0.013,0.41
2019-08-22,1.928,1.929,1.931,1.926,126291,24356340.0,0.26,0.89,0.017,0.13
2019-08-23,1.929,1.938,1.939,1.929,171158,33125740.0,0.52,0.47,0.009,0.17
2019-08-26,1.898,1.899,1.9,1.887,336732,63698913.0,0.67,-2.01,-0.039,0.34
2019-08-27,1.91,1.923,1.932,1.91,565376,108842549.0,1.16,1.26,0.024,0.57
2019-08-28,1.922,1.918,1.922,1.916,874526,167817961.0,0.31,-0.26,-0.005,0.88
2019-08-29,1.924,1.926,1.927,1.92,585215,112572104.0,0.36,0.42,0.008,0.59
2019-08-30,1.947,1.945,1.952,1.941,1041320,202829380.0,0.57,0.99,0.019,1.05
2019-09-02,1.945,1.943,1.947,1.939,555651,107982039.0,0.41,-0.1,-0.002,0.56
2019-09-03,1.945,1.94,1.945,1.938,375518,72937273.0,0.36,-0.15,-0.003,0.38
2019-09-04,1.938,1.951,1.952,1.935,778708,151396430.0,0.88,0.57,0.011,0.78
2019-09-05,1.952,1.96,1.968,1.952,799679,157081671.0,0.82,0.46,0.009,0.81
2019-09-06,1.979,1.972,1.98,1.971,597629,118125985.0,0.46,0.61,0.012,0.6
2019-09-09,1.973,1.975,1.978,1.971,747818,147668648.0,0.35,0.15,0.003,0.75
2019-09-10,1.976,1.964,1.976,1.964,561714,110608867.0,0.61,-0.56,-0.011,0.57
2019-09-11,1.966,1.968,1.971,1.964,278605,54798761.0,0.36,0.2,0.004,0.28
2019-09-12,1.982,1.983,1.991,1.981,835856,166040099.0,0.51,0.76,0.015,0.84
2019-09-16,1.973,1.968,1.973,1.963,106830,20998217.0,0.5,-0.76,-0.015,0.11
2019-09-17,1.974,1.975,1.976,1.97,1105588,218183853.0,0.3,0.36,0.007,1.11
2019-09-18,1.979,1.979,1.986,1.977,965410,191276235.0,0.46,0.2,0.004,0.97
2019-09-19,1.98,1.981,1.985,1.98,245013,48576980.0,0.25,0.1,0.002,0.25
2019-09-20,1.984,1.982,1.991,1.981,362088,71893023.0,0.5,0.05,0.001,0.36
2019-09-23,1.981,1.982,1.986,1.98,274195,54356542.0,0.3,0.0,0.0,0.28
2019-09-24,1.984,1.981,1.989,1.981,89708,17809182.0,0.4,-0.05,-0.001,0.09
2019-09-25,1.971,1.966,1.971,1.963,155291,30537557.0,0.4,-0.76,-0.015,0.16
2019-09-26,1.974,1.974,1.979,1.97,162122,31982965.0,0.46,0.41,0.008,0.16
2019-09-27,1.972,1.974,1.975,1.968,144581,28489706.0,0.35,0.0,0.0,0.15
2019-09-30,1.969,1.97,1.972,1.959,129958,25572877.0,0.66,-0.2,-0.004,0.13
2019-10-08,1.964,1.951,1.964,1.95,465085,90846460.0,0.71,-0.96,-0.019,0.47
2019-10-09,1.922,1.927,1.929,1.922,325130,62647457.0,0.36,-1.23,-0.024,0.33
2019-10-10,1.928,1.93,1.933,1.927,619813,119648430.0,0.31,0.16,0.003,0.62
2019-10-11,1.942,1.95,1.95,1.941,215103,41831938.0,0.47,1.04,0.02,0.22
2019-10-14,1.967,1.959,1.969,1.956,715373,140238527.0,0.67,0.46,0.009,0.72
2019-10-15,1.962,1.963,1.963,1.956,288847,56585083.0,0.36,0.2,0.004,0.29
2019-10-16,1.974,1.974,1.977,1.97,87522,17284110.0,0.36,0.56,0.011,0.09
2019-10-17,1.975,1.967,1.976,1.967,398063,78466222.0,0.46,-0.35,-0.007,0.4
2019-10-18,1.974,1.968,1.974,1.966,179474,35333072.0,0.41,0.05,0.001,0.18
2019-10-21,1.968,1.967,1.968,1.964,150217,29550489.0,0.2,-0.05,-0.001,0.15
2019-10-22,1.982,1.98,1.983,1.978,372116,73699513.0,0.25,0.66,0.013,0.38
2019-10-23,1.98,1.968,1.98,1.967,476668,93883496.0,0.66,-0.61,-0.012,0.48
2019-10-24,1.978,1.977,1.978,1.97,115827,22889662.0,0.41,0.46,0.009,0.12
2019-10-25,1.978,1.979,1.98,1.975,221506,43799200.0,0.25,0.1,0.002,0.22
2019-10-28,1.984,1.989,1.992,1.984,87462,17396470.0,0.4,0.51,0.01,0.09
2019-10-29,1.998,1.998,2.003,1.996,106243,21242101.0,0.35,0.45,0.009,0.11
2019-10-30,1.998,1.997,2.0,1.995,324646,64876992.0,0.25,-0.05,-0.001,0.33
2019-10-31,2.001,1.999,2.002,1.998,54990,10994880.0,0.2,0.1,0.002,0.06
2019-11-01,1.994,2.0,2.0,1.993,64264,12832035.0,0.35,0.05,0.001,0.06
2019-11-04,2.014,2.011,2.015,2.01,88312,17774090.0,0.25,0.55,0.011,0.09
2019-11-05,2.017,2.015,2.017,2.012,105016,21156216.0,0.25,0.2,0.004,0.11
2019-11-06,2.013,2.002,2.013,2.0,143652,28781997.0,0.65,-0.65,-0.013,0.14
2019-11-07,2.009,2.006,2.01,2.003,80733,16203247.0,0.35,0.2,0.004,0.08
2019-11-08,2.006,2.004,2.006,1.997,353507,70766002.0,0.45,-0.1,-0.002,0.36
2019-11-11,2.004,2.009,2.011,2.004,81207,16317494.0,0.35,0.25,0.005,0.08
2019-11-12,2.009,2.017,2.017,2.007,224180,45124346.0,0.5,0.4,0.008,0.23
2019-11-13,2.015,2.016,2.022,2.015,86872,17539663.0,0.35,-0.05,-0.001,0.09
2019-11-14,2.022,2.023,2.025,2.021,98097,19842422.0,0.2,0.35,0.007,0.1
2019-11-15,2.026,2.03,2.039,2.026,181793,36886929.0,0.64,0.35,0.007,0.18
2019-11-18,2.041,2.058,2.059,2.04,164266,33639056.0,0.94,1.38,0.028,0.17
2019-11-19,2.058,2.082,2.095,2.058,181919,37856721.0,1.8,1.17,0.024,0.18
2019-11-20,2.08,2.053,2.083,2.05,117273,24166314.0,1.59,-1.39,-0.029,0.12
2019-11-21,2.047,2.035,2.047,2.034,202598,41248999.0,0.63,-0.88,-0.018,0.2
2019-11-22,2.034,2.037,2.043,2.034,617880,125962167.0,0.44,0.1,0.002,0.62
2019-11-25,2.045,2.05,2.052,2.041,110722,22671724.0,0.54,0.64,0.013,0.11
2019-11-26,2.065,2.065,2.072,2.062,253778,52421142.0,0.49,0.73,0.015,0.26
2019-11-27,2.067,2.072,2.072,2.067,63998,13247966.0,0.24,0.34,0.007,0.06
2019-11-28,2.078,2.082,2.084,2.076,383871,79853426.0,0.39,0.48,0.01,0.39
2019-11-29,2.081,2.084,2.089,2.08,77054,16062479.0,0.43,0.1,0.002,0.08
2019-12-02,2.084,2.107,2.109,2.078,159708,33483366.0,1.49,1.1,0.023,0.16
2019-12-03,2.059,2.073,2.082,2.059,155230,32165869.0,1.09,-1.61,-0.034,0.16
2019-12-04,2.053,2.049,2.055,2.043,271754,55672432.0,0.58,-1.16,-0.024,0.27
2019-12-05,2.053,2.051,2.056,2.05,336221,69005946.0,0.29,0.1,0.002,0.34
2019-12-06,2.055,2.058,2.058,2.053,271470,55801999.0,0.24,0.34,0.007,0.27
2019-12-09,2.07,2.077,2.079,2.068,239035,49507275.0,0.53,0.92,0.019,0.24
2019-12-10,2.071,2.07,2.071,2.065,460973,95364020.0,0.29,-0.34,-0.007,0.46
2019-12-11,2.067,2.068,2.068,2.061,173801,35875046.0,0.34,-0.1,-0.002,0.18
2019-12-12,2.071,2.08,2.081,2.071,281388,58427886.0,0.48,0.58,0.012,0.28
2019-12-13,2.089,2.086,2.097,2.085,266565,55697533.0,0.58,0.29,0.006,0.27
2019-12-16,2.085,2.09,2.092,2.081,343935,71774539.0,0.53,0.19,0.004,0.35
2019-12-17,2.098,2.102,2.104,2.095,497599,104501950.0,0.43,0.57,0.012,0.5
2019-12-18,2.099,2.091,2.101,2.09,552645,115866419.0,0.52,-0.52,-0.011,0.56
2019-12-19,2.091,2.084,2.094,2.083,344492,72026928.0,0.53,-0.33,-0.007,0.35
2019-12-20,2.094,2.097,2.098,2.093,108409,22707390.0,0.24,0.62,0.013,0.11
2019-12-23,2.108,2.114,2.116,2.105,470404,99275843.0,0.52,0.81,0.017,0.47
2019-12-24,2.114,2.115,2.118,2.112,371048,78495843.0,0.28,0.05,0.001,0.37
2019-12-25,2.114,2.107,2.115,2.107,185398,39156230.0,0.38,-0.38,-0.008,0.19
2019-12-26,2.109,2.118,2.119,2.109,353293,74619289.0,0.47,0.52,0.011,0.36
2019-12-27,2.13,2.13,2.144,2.126,229443,48990786.0,0.85,0.57,0.012,0.23
2019-12-30,2.126,2.125,2.129,2.113,286535,60789668.0,0.75,-0.23,-0.005,0.29
2019-12-31,2.115,2.111,2.115,2.106,256100,53972871.0,0.42,-0.66,-0.014,0.26
2020-01-02,2.113,2.129,2.129,2.113,326859,69265892.0,0.76,0.85,0.018,0.33
2020-01-03,2.134,2.151,2.158,2.129,376426,80600358.0,1.36,1.03,0.022,0.38
2020-01-06,2.13,2.109,2.13,2.109,721322,152549201.0,0.98,-1.95,-0.042,0.73
2020-01-07,2.119,2.118,2.124,2.116,713367,151147063.0,0.38,0.43,0.009,0.72
2020-01-08,2.092,2.092,2.102,2.071,665629,139372777.0,1.46,-1.23,-0.026,0.67
2020-01-09,2.115,2.117,2.12,2.113,926987,196258831.0,0.33,1.2,0.025,0.93
2020-01-10,2.129,2.139,2.143,2.125,242718,51779958.0,0.85,1.04,0.022,0.24
2020-01-13,2.125,2.133,2.137,2.124,625713,133328624.0,0.61,-0.28,-0.006,0.63
2020-01-14,2.144,2.148,2.154,2.14,524091,112492235.0,0.66,0.7,0.015,0.53
2020-01-15,2.143,2.141,2.143,2.13,501524,107015865.0,0.61,-0.33,-0.007,0.51
2020-01-16,2.139,2.129,2.139,2.128,511188,108975283.0,0.51,-0.56,-0.012,0.52
2020-01-17,2.143,2.136,2.148,2.135,541676,115872833.0,0.61,0.33,0.007,0.55
2020-01-20,2.143,2.138,2.144,2.136,404572,86615744.0,0.37,0.09,0.002,0.41
2020-01-21,2.138,2.138,2.14,2.135,773490,165401406.0,0.23,0.0,0.0,0.78
2020-01-22,2.138,2.155,2.155,2.138,468017,100640562.0,0.8,0.8,0.017,0.47
2020-01-23,2.144,2.148,2.154,2.139,852206,183100501.0,0.7,-0.32,-0.007,0.86
2020-02-03,2.055,2.115,2.123,2.055,260097,54962042.0,3.17,-1.54,-0.033,0.26
2020-02-04,2.13,2.129,2.133,2.116,266740,56749175.0,0.8,0.66,0.014,0.27
2020-02-05,2.143,2.142,2.15,2.14,458401,98262546.0,0.47,0.61,0.013,0.46
2020-02-06,2.169,2.18,2.181,2.168,504273,109705336.0,0.61,1.77,0.038,0.51
2020-02-07,2.179,2.185,2.185,2.175,536055,116818628.0,0.46,0.23,0.005,0.54
2020-02-10,2.175,2.189,2.189,2.172,299270,65247135.0,0.78,0.18,0.004,0.3
2020-02-11,2.194,2.219,2.223,2.194,457386,101232204.0,1.32,1.37,0.03,0.46
2020-02-12,2.226,2.258,2.26,2.222,336644,75232899.0,1.71,1.76,0.039,0.34
2020-02-13,2.3,2.349,2.368,2.278,639500,148562350.0,3.99,4.03,0.091,0.64
2020-02-14,2.33,2.248,2.33,2.24,627195,143374794.0,3.83,-4.3,-0.101,0.63
2020-02-17,2.252,2.262,2.282,2.232,556279,125729731.0,2.22,0.62,0.014,0.56
2020-02-18,2.253,2.23,2.256,2.227,382637,85624104.0,1.28,-1.41,-0.032,0.39
2020-02-19,2.223,2.223,2.235,2.215,407545,90804362.0,0.9,-0.31,-0.007,0.41
2020-02-20,2.239,2.238,2.246,2.226,653223,145952579.0,0.9,0.67,0.015,0.66
2020-02-21,2.219,2.216,2.248,2.216,873559,193989669.0,1.43,-0.98,-0.022,0.88
2020-02-24,2.18,2.168,2.183,2.166,673218,146230463.0,0.77,-2.17,-0.048,0.68
2020-02-25,2.127,2.167,2.168,2.127,1083574,232300434.0,1.89,-0.05,-0.001,1.09
2020-02-26,2.088,2.11,2.128,2.087,460209,97047799.0,1.89,-2.63,-0.057,0.46
2020-02-27,2.111,2.098,2.111,2.095,396568,83298617.0,0.76,-0.57,-0.012,0.4
2020-02-28,2.023,2.03,2.044,2.016,435728,88402403.0,1.33,-3.24,-0.068,0.44
2020-03-02,2.03,2.069,2.088,1.993,1512524,305415888.0,4.68,1.92,0.039,1.52
2020-03-03,2.12,2.059,2.136,2.05,1389350,289265296.0,4.16,-0.48,-0.01,1.4
2020-03-04,2.02,2.034,2.038,2.007,553586,111790760.0,1.51,-1.21,-0.025,0.56
2020-03-05,2.07,2.062,2.076,2.052,562565,116086180.0,1.18,1.38,0.028,0.57
2020-03-06,2.033,2.017,2.033,2.015,282659,57100391.0,0.87,-2.18,-0.045,0.28
2020-03-09,1.964,1.907,1.964,1.9,486580,94062476.0,3.17,-5.45,-0.11,0.49
2020-03-10,1.888,1.965,1.97,1.879,639131,123117829.0,4.77,3.04,0.058,0.64
2020-03-11,1.958,1.929,1.958,1.919,514739,99515912.0,1.98,-1.83,-0.036,0.52
2020-03-12,1.885,1.86,1.885,1.831,661927,122520028.0,2.8,-3.58,-0.069,0.67
2020-03-13,1.688,1.823,1.888,1.674,962318,171590771.0,11.51,-1.99,-0.037,0.97
2020-03-16,1.784,1.779,1.81,1.748,754650,134831046.0,3.4,-2.41,-0.044,0.76
2020-03-17,1.764,1.764,1.89,1.75,824210,146522292.0,7.87,-0.84,-0.015,0.83
2020-03-18,1.769,1.705,1.785,1.704,501323,87991411.0,4.59,-3.34,-0.059,0.51
2020-03-19,1.72,1.7,1.728,1.634,722202,121464186.0,5.51,-0.29,-0.005,0.73
2020-03-20,1.71,1.758,1.765,1.704,593960,102626896.0,3.59,3.41,0.058,0.6
2020-03-23,1.676,1.652,1.703,1.647,558706,93798651.0,3.19,-6.03,-0.106,0.56
2020-03-24,1.7,1.717,1.719,1.67,1125580,191094859.0,2.97,3.93,0.065,1.13
2020-03-25,1.77,1.785,1.788,1.758,1184248,209861207.0,1.75,3.96,0.068,1.19
2020-03-26,1.783,1.764,1.783,1.744,505634,89475901.0,2.18,-1.18,-0.021,0.51
2020-03-27,1.804,1.768,1.808,1.766,722728,129463641.0,2.38,0.23,0.004,0.73
2020-03-30,1.733,1.74,1.757,1.712,582996,101150098.0,2.55,-1.58,-0.028,0.59
2020-03-31,1.771,1.764,1.777,1.759,403906,71419325.0,1.03,1.38,0.024,0.41
2020-04-01,1.74,1.725,1.761,1.723,363958,63506190.0,2.15,-2.21,-0.039,0.37
2020-04-02,1.722,1.743,1.745,1.701,557313,95972857.0,2.55,1.04,0.018,0.56
2020-04-03,1.733,1.725,1.741,1.72,280043,48500757.0,1.2,-1.03,-0.018,0.28
2020-04-07,1.79,1.81,1.812,1.781,540224,96889589.0,1.8,4.93,0.085,0.54
2020-04-08,1.798,1.796,1.811,1.788,446020,80164356.0,1.27,-0.77,-0.014,0.45
2020-04-09,1.827,1.849,1.853,1.827,882001,162384224.0,1.45,2.95,0.053,0.89
2020-04-10,1.858,1.847,1.868,1.841,607176,112715346.0,1.46,-0.11,-0.002,0.61
2020-04-13,1.838,1.831,1.838,1.824,471164,86281031.0,0.76,-0.87,-0.016,0.47
2020-04-14,1.841,1.867,1.868,1.836,457153,84841053.0,1.75,1.97,0.036,0.46
2020-04-15,1.885,1.882,1.896,1.878,765100,144483009.0,0.96,0.8,0.015,0.77
2020-04-16,1.851,1.871,1.882,1.845,654698,121530011.0,1.97,-0.58,-0.011,0.66
2020-04-17,1.915,1.912,1.922,1.905,984692,188644240.0,0.91,2.19,0.041,0.99
2020-04-20,1.915,1.912,1.917,1.903,346759,66273312.0,0.73,0.0,0.0,0.35
2020-04-21,1.902,1.873,1.902,1.862,653201,122566905.0,2.09,-2.04,-0.039,0.66
2020-04-22,1.831,1.852,1.859,1.831,835998,153945525.0,1.49,-1.12,-0.021,0.84
2020-04-23,1.867,1.871,1.875,1.858,548458,102383380.0,0.92,1.03,0.019,0.55
2020-04-24,1.853,1.859,1.86,1.847,385822,71528773.0,0.69,-0.64,-0.012,0.39
2020-04-27,1.884,1.898,1.912,1.88,462839,87820314.0,1.72,2.1,0.039,0.47
2020-04-28,1.913,1.916,1.919,1.903,476583,91166199.0,0.84,0.95,0.018,0.48
2020-04-29,1.928,1.931,1.941,1.923,489329,94552377.0,0.94,0.78,0.015,0.49
2020-04-30,1.969,1.971,1.979,1.96,531510,104607514.0,0.98,2.07,0.04,0.54
2020-05-06,1.934,1.947,1.948,1.924,718563,138804293.0,1.22,-1.22,-0.024,0.72
2020-05-07,1.934,1.923,1.934,1.917,688961,132435178.0,0.87,-1.23,-0.024,0.69
2020-05-08,1.94,1.941,1.948,1.934,826419,160644204.0,0.73,0.94,0.018,0.83
2020-05-11,1.96,1.962,1.968,1.956,871086,170846858.0,0.62,1.08,0.021,0.88
2020-05-12,1.951,1.934,1.953,1.933,720454,139762225.0,1.02,-1.43,-0.028,0.73
2020-05-13,1.901,1.912,1.915,1.895,670651,127756292.0,1.03,-1.14,-0.022,0.68
2020-05-14,1.886,1.883,1.889,1.876,960035,180691520.0,0.68,-1.52,-0.029,0.97
2020-05-15,1.905,1.908,1.911,1.9,768741,146498719.0,0.58,1.33,0.025,0.77
2020-05-18,1.925,1.936,1.937,1.921,374285,72209607.0,0.84,1.47,0.028,0.38
2020-05-19,1.971,1.986,1.988,1.965,494835,97586796.0,1.19,2.58,0.05,0.5
2020-05-20,1.969,1.963,1.97,1.958,1400237,275000000.0,0.6,-1.16,-0.023,1.41
2020-05-21,1.981,1.968,1.982,1.968,931974,183865680.0,0.71,0.25,0.005,0.94
2020-05-22,1.967,1.954,1.97,1.949,450563,88246807.0,1.07,-0.71,-0.014,0.45
2020-05-25,1.97,1.987,1.989,1.969,729416,144250138.0,1.02,1.69,0.033,0.74
2020-05-26,2.004,2.019,2.02,2.0,473933,95133831.0,1.01,1.61,0.032,0.48
2020-05-27,2.009,2.019,2.023,2.005,459596,92477522.0,0.89,0.0,0.0,0.46
2020-05-28,2.04,2.043,2.052,2.039,463557,94870495.0,0.64,1.19,0.024,0.47
2020-05-29,2.021,2.029,2.032,2.019,592143,120063213.0,0.64,-0.69,-0.014,0.6
2020-06-01,2.032,2.033,2.04,2.029,500418,101810279.0,0.54,0.2,0.004,0.5
2020-06-02,2.034,2.036,2.04,2.03,555707,113069241.0,0.49,0.15,0.003,0.56
2020-06-03,2.056,2.062,2.065,2.052,489800,100897093.0,0.64,1.28,0.026,0.49
2020-06-04,2.079,2.07,2.082,2.069,319910,66394956.0,0.63,0.39,0.008,0.32
2020-06-05,2.07,2.087,2.088,2.067,352392,73259690.0,1.01,0.82,0.017,0.36
2020-06-08,2.114,2.117,2.12,2.114,368786,78030587.0,0.29,1.44,0.03,0.37
2020-06-09,2.143,2.147,2.15,2.131,418668,89760629.0,0.9,1.42,0.03,0.42
2020-06-10,2.145,2.142,2.147,2.135,515340,110410278.0,0.56,-0.23,-0.005,0.52
2020-06-11,2.123,2.084,2.123,2.079,780987,163614744.0,2.05,-2.71,-0.058,0.79
2020-06-12,2.002,2.02,2.034,2.0,804378,162379617.0,1.63,-3.07,-0.064,0.81
2020-06-15,2.0,1.961,2.002,1.958,860692,170553054.0,2.18,-2.92,-0.059,0.87
2020-06-16,2.035,2.058,2.073,2.031,786172,161223219.0,2.14,4.95,0.097,0.79
2020-06-17,2.074,2.079,2.084,2.066,376929,78282095.0,0.87,1.02,0.021,0.38
2020-06-18,2.05,2.06,2.064,2.046,498375,102260612.0,0.87,-0.91,-0.019,0.5
2020-06-19,2.064,2.072,2.072,2.063,1141280,235886672.0,0.44,0.58,0.012,1.15
2020-06-22,2.059,2.049,2.059,2.042,527486,108065016.0,0.82,-1.11,-0.023,0.53
2020-06-23,2.05,2.066,2.071,2.045,474752,97801170.0,1.27,0.83,0.017,0.48
2020-06-24,2.073,2.071,2.075,2.066,380053,78679950.0,0.44,0.24,0.005,0.38
2020-06-29,2.015,2.006,2.015,1.998,543938,109047641.0,0.82,-3.14,-0.065,0.55
2020-06-30,2.021,2.013,2.027,2.008,449848,90763200.0,0.95,0.35,0.007,0.45
2020-07-01,2.04,2.043,2.043,2.034,431429,87941081.0,0.45,1.49,0.03,0.43
2020-07-02,2.049,2.059,2.06,2.048,303132,62234286.0,0.59,0.78,0.016,0.31
2020-07-03,2.064,2.071,2.072,2.061,444248,91784150.0,0.53,0.58,0.012,0.45
2020-07-06,2.074,2.086,2.087,2.072,677160,140753994.0,0.72,0.72,0.015,0.68
2020-07-07,2.091,2.068,2.091,2.063,505729,104853467.0,1.34,-0.86,-0.018,0.51
2020-07-08,2.066,2.059,2.068,2.059,789733,162993795.0,0.44,-0.44,-0.009,0.8
2020-07-09,2.068,2.062,2.078,2.058,1723361,356996384.0,0.97,0.15,0.003,1.74
2020-07-10,2.058,2.037,2.058,2.024,646928,132303806.0,1.65,-1.21,-0.025,0.65
2020-07-13,2.076,2.088,2.091,2.07,781988,162610522.0,1.03,2.5,0.051,0.79
2020-07-14,2.065,2.072,2.073,2.052,635419,131198803.0,1.01,-0.77,-0.016,0.64
2020-07-15,2.095,2.103,2.107,2.095,294267,61822154.0,0.58,1.5,0.031,0.3
2020-07-16,2.118,2.095,2.118,2.091,279309,58618857.0,1.28,-0.38,-0.008,0.28
2020-07-17,2.097,2.106,2.109,2.084,306770,64489982.0,1.19,0.53,0.011,0.31
2020-07-20,2.106,2.097,2.107,2.092,327955,68764926.0,0.71,-0.43,-0.009,0.33
2020-07-21,2.121,2.132,2.136,2.117,552391,117624873.0,0.91,1.67,0.035,0.56
2020-07-22,2.128,2.126,2.139,2.119,593723,126233272.0,0.94,-0.28,-0.006,0.6
2020-07-23,2.137,2.148,2.148,2.137,222793,47719828.0,0.52,1.03,0.022,0.22
2020-07-24,2.118,2.107,2.125,2.102,298085,62966217.0,1.07,-1.91,-0.041,0.3
2020-07-27,2.107,2.109,2.122,2.106,398525,84127881.0,0.76,0.09,0.002,0.4
2020-07-28,2.124,2.121,2.133,2.119,413818,87943411.0,0.66,0.57,0.012,0.42
2020-07-29,2.113,2.116,2.117,2.106,255381,53925394.0,0.52,-0.24,-0.005,0.26
2020-07-30,2.128,2.124,2.133,2.124,172959,36809047.0,0.43,0.38,0.008,0.17
2020-07-31,2.134,2.134,2.147,2.128,554486,118438993.0,0.89,0.47,0.01,0.56
2020-08-03,2.142,2.136,2.154,2.135,442982,94831762.0,0.89,0.09,0.002,0.45
2020-08-04,2.148,2.154,2.157,2.147,365512,78650174.0,0.47,0.84,0.018,0.37
2020-08-05,2.154,2.161,2.169,2.154,177122,38258841.0,0.7,0.32,0.007,0.18
2020-08-06,2.173,2.176,2.177,2.168,257608,55971774.0,0.42,0.69,0.015,0.26
2020-08-07,2.183,2.199,2.2,2.183,256034,56174298.0,0.78,1.06,0.023,0.26
2020-08-10,2.199,2.213,2.218,2.195,143616,31721588.0,1.05,0.64,0.014,0.14
2020-08-11,2.212,2.205,2.22,2.202,147061,32510914.0,0.81,-0.36,-0.008,0.15
2020-08-12,2.184,2.187,2.19,2.17,360321,78462110.0,0.91,-0.82,-0.018,0.36
2020-08-13,2.202,2.212,2.216,2.202,631756,139569511.0,0.64,1.14,0.025,0.64
2020-08-14,2.21,2.212,2.214,2.205,100449,22208823.0,0.41,0.0,0.0,0.1
2020-08-17,2.211,2.212,2.214,2.203,214915,47503519.0,0.5,0.0,0.0,0.22
2020-08-18,2.214,2.209,2.225,2.209,321946,71302719.0,0.72,-0.14,-0.003,0.32
2020-08-19,2.213,2.222,2.222,2.213,139257,30881725.0,0.41,0.59,0.013,0.14
2020-08-20,2.209,2.196,2.209,2.192,298162,65484405.0,0.77,-1.17,-0.026,0.3
2020-08-21,2.203,2.207,2.211,2.203,396084,87418038.0,0.36,0.5,0.011,0.4
2020-08-24,2.218,2.228,2.23,2.215,450820,100178128.0,0.68,0.95,0.021,0.45
2020-08-25,2.25,2.285,2.295,2.249,351831,79794965.0,2.06,2.56,0.057,0.35
2020-08-26,2.298,2.26,2.303,2.255,455716,103498361.0,2.1,-1.09,-0.025,0.46
2020-08-27,2.291,2.29,2.293,2.272,314175,71874859.0,0.93,1.33,0.03,0.32
2020-08-28,2.288,2.306,2.326,2.278,246264,56690662.0,2.1,0.7,0.016,0.25
2020-08-31,2.318,2.326,2.329,2.316,155453,36144362.0,0.56,0.87,0.02,0.16
2020-09-01,2.327,2.295,2.335,2.28,314731,72502213.0,2.36,-1.33,-0.031,0.32
2020-09-02,2.324,2.334,2.334,2.309,261266,60551013.0,1.09,1.7,0.039,0.26
2020-09-03,2.38,2.465,2.476,2.354,548908,132702466.0,5.23,5.61,0.131,0.55
2020-09-04,2.3,2.317,2.378,2.28,872064,203538183.0,3.98,-6.0,-0.148,0.88
2020-09-07,2.308,2.21,2.308,2.21,606961,136266285.0,4.23,-4.62,-0.107,0.61
2020-09-08,2.238,2.251,2.256,2.215,670513,149729810.0,1.86,1.86,0.041,0.68
2020-09-09,2.155,2.168,2.189,2.152,350911,76061858.0,1.64,-3.69,-0.083,0.35
2020-09-10,2.215,2.195,2.216,2.194,583825,128637555.0,1.01,1.25,0.027,0.59
2020-09-11,2.165,2.173,2.175,2.152,348856,75481559.0,1.05,-1.0,-0.022,0.35
2020-09-14,2.17,2.176,2.177,2.162,418739,90831898.0,0.69,0.14,0.003,0.42
2020-09-15,2.18,2.178,2.186,2.17,554115,120580539.0,0.74,0.09,0.002,0.56
2020-09-16,2.183,2.189,2.202,2.183,389099,85238413.0,0.87,0.51,0.011,0.39
2020-09-17,2.175,2.146,2.175,2.144,358530,77540577.0,1.42,-1.96,-0.043,0.36
2020-09-18,2.14,2.154,2.155,2.133,321078,68900605.0,1.03,0.37,0.008,0.32
2020-09-21,2.139,2.126,2.141,2.119,204634,43614224.0,1.02,-1.3,-0.028,0.21
2020-09-22,2.112,2.099,2.113,2.095,241743,50867547.0,0.85,-1.27,-0.027,0.24
2020-09-23,2.118,2.12,2.123,2.109,199328,42193130.0,0.67,1.0,0.021,0.2
2020-09-24,2.078,2.072,2.096,2.071,221173,45933911.0,1.18,-2.26,-0.048,0.22
2020-09-25,2.085,2.089,2.094,2.085,144410,30187151.0,0.43,0.82,0.017,0.15
2020-09-28,2.12,2.124,2.131,2.112,646055,137047720.0,0.91,1.68,0.035,0.65
2020-09-29,2.147,2.147,2.156,2.145,662784,142540306.0,0.52,1.08,0.023,0.67
2020-09-30,2.147,2.124,2.15,2.115,310263,66159250.0,1.63,-1.07,-0.023,0.31
2020-10-09,2.195,2.192,2.195,2.18,354009,77572175.0,0.71,3.2,0.068,0.36
2020-10-12,2.204,2.207,2.21,2.202,418924,92417054.0,0.36,0.68,0.015,0.42
2020-10-13,2.236,2.243,2.256,2.231,656111,147324042.0,1.13,1.63,0.036,0.66
2020-10-14,2.232,2.234,2.236,2.224,638822,142470741.0,0.53,-0.4,-0.009,0.64
2020-10-15,2.212,2.199,2.212,2.197,867347,190909291.0,0.67,-1.57,-0.035,0.87
2020-10-16,2.205,2.21,2.216,2.204,266119,58861428.0,0.55,0.5,0.011,0.27
2020-10-19,2.217,2.212,2.223,2.207,468339,103654385.0,0.72,0.09,0.002,0.47
2020-10-20,2.181,2.176,2.181,2.171,180874,39323071.0,0.45,-1.63,-0.036,0.18
2020-10-21,2.176,2.182,2.183,2.172,200681,43662846.0,0.51,0.28,0.006,0.2
2020-10-22,2.168,2.155,2.168,2.15,547833,118065093.0,0.82,-1.24,-0.027,0.55
2020-10-23,2.166,2.173,2.18,2.164,257091,55889837.0,0.74,0.84,0.018,0.26
2020-10-26,2.171,2.161,2.171,2.156,237301,51299663.0,0.69,-0.55,-0.012,0.24
2020-10-27,2.14,2.155,2.156,2.138,474406,101869719.0,0.83,-0.28,-0.006,0.48
2020-10-28,2.136,2.126,2.138,2.125,296093,63049620.0,0.6,-1.35,-0.029,0.3
2020-10-29,2.081,2.088,2.092,2.08,350239,73038132.0,0.56,-1.79,-0.038,0.35
2020-10-30,2.076,2.048,2.076,2.043,505095,104140510.0,1.58,-1.92,-0.04,0.51
2020-11-02,2.058,2.068,2.073,2.058,284003,58673992.0,0.73,0.98,0.02,0.29
2020-11-03,2.091,2.106,2.109,2.091,291233,61188422.0,0.87,1.84,0.038,0.29
2020-11-04,2.124,2.14,2.177,2.124,1028181,221138483.0,2.52,1.61,0.034,1.04
2020-11-05,2.174,2.167,2.186,2.156,548292,118942878.0,1.4,1.26,0.027,0.55
2020-11-06,2.186,2.176,2.186,2.17,341082,74290769.0,0.74,0.42,0.009,0.34
2020-11-09,2.207,2.21,2.223,2.206,517038,114516514.0,0.78,1.56,0.034,0.52
2020-11-10,2.21,2.2,2.217,2.191,391081,86236154.0,1.18,-0.45,-0.01,0.39
2020-11-11,2.199,2.21,2.211,2.19,218039,48060676.0,0.95,0.45,0.01,0.22
2020-11-12,2.215,2.214,2.225,2.21,200302,44375432.0,0.68,0.18,0.004,0.2
2020-11-13,2.206,2.212,2.214,2.185,230811,50778610.0,1.31,-0.09,-0.002,0.23
2020-11-16,2.234,2.242,2.247,2.234,183637,41150846.0,0.59,1.36,0.03,0.19
2020-11-17,2.255,2.234,2.256,2.228,262215,58615528.0,1.25,-0.36,-0.008,0.26
2020-11-18,2.229,2.212,2.229,2.211,178999,39739925.0,0.81,-0.98,-0.022,0.18
2020-11-19,2.203,2.211,2.211,2.197,214331,47204355.0,0.63,-0.05,-0.001,0.22
2020-11-20,2.202,2.202,2.22,2.198,179998,39647223.0,1.0,-0.41,-0.009,0.18
2020-11-23,2.2,2.199,2.201,2.194,150697,33102414.0,0.32,-0.14,-0.003,0.15
2020-11-24,2.216,2.232,2.232,2.215,166707,37089357.0,0.77,1.5,0.033,0.17
2020-11-25,2.258,2.249,2.261,2.246,505099,113701413.0,0.67,0.76,0.017,0.51
2020-11-26,2.245,2.249,2.252,2.235,818768,183768889.0,0.76,0.0,0.0,0.83
2020-11-27,2.246,2.243,2.249,2.236,806015,180682525.0,0.58,-0.27,-0.006,0.81
2020-11-30,2.242,2.232,2.246,2.229,159098,35634686.0,0.76,-0.49,-0.011,0.16
2020-12-01,2.254,2.256,2.259,2.248,200050,45107295.0,0.49,1.08,0.024,0.2
2020-12-02,2.254,2.25,2.254,2.245,149253,33547055.0,0.4,-0.27,-0.006,0.15
2020-12-03,2.257,2.259,2.27,2.254,336101,75959975.0,0.71,0.4,0.009,0.34
2020-12-04,2.258,2.253,2.261,2.252,206688,46629272.0,0.4,-0.27,-0.006,0.21
2020-12-07,2.264,2.262,2.267,2.26,186832,42290950.0,0.31,0.4,0.009,0.19
2020-12-08,2.26,2.257,2.26,2.253,177942,40155561.0,0.31,-0.22,-0.005,0.18
2020-12-09,2.269,2.277,2.278,2.268,194483,44216140.0,0.44,0.89,0.02,0.2
2020-12-10,2.255,2.264,2.265,2.254,654542,148123645.0,0.48,-0.57,-0.013,0.66
2020-12-11,2.264,2.265,2.271,2.259,566550,128262230.0,0.53,0.04,0.001,0.57
2020-12-14,2.265,2.272,2.297,2.265,464936,105918588.0,1.41,0.31,0.007,0.47
2020-12-15,2.261,2.252,2.264,2.243,215240,48472640.0,0.92,-0.88,-0.02,0.22
2020-12-16,2.267,2.27,2.274,2.267,101978,23151042.0,0.31,0.8,0.018,0.1
2020-12-17,2.278,2.278,2.278,2.27,50351,11452852.0,0.35,0.35,0.008,0.05
2020-12-18,2.285,2.285,2.286,2.27,154878,35305136.0,0.7,0.31,0.007,0.16
2020-12-21,2.284,2.279,2.299,2.276,131674,30046448.0,1.01,-0.26,-0.006,0.13
2020-12-22,2.269,2.258,2.284,2.253,237571,53844836.0,1.36,-0.92,-0.021,0.24
2020-12-23,2.257,2.26,2.263,2.25,105347,23785348.0,0.58,0.09,0.002,0.11
2020-12-24,2.263,2.266,2.276,2.261,238479,54032064.0,0.66,0.27,0.006,0.24
2020-12-25,2.269,2.272,2.279,2.268,105772,24030893.0,0.49,0.26,0.006,0.11
2020-12-28,2.273,2.283,2.285,2.273,105758,24122188.0,0.53,0.48,0.011,0.11
2020-12-29,2.293,2.304,2.305,2.293,133658,30724876.0,0.53,0.92,0.021,0.13
2020-12-30,2.295,2.289,2.295,2.288,151725,34756653.0,0.3,-0.65,-0.015,0.15
2020-12-31,2.29,2.292,2.298,2.283,154074,35270039.0,0.66,0.13,0.003,0.16
2021-01-04,2.293,2.28,2.297,2.278,436978,99991782.0,0.83,-0.52,-0.012,0.44
2021-01-05,2.26,2.245,2.26,2.241,289516,65093511.0,0.83,-1.54,-0.035,0.29
2021-01-06,2.249,2.249,2.257,2.246,188659,42436696.0,0.49,0.18,0.004,0.19
2021-01-07,2.275,2.283,2.285,2.271,167649,38244635.0,0.62,1.51,0.034,0.17
2021-01-08,2.308,2.318,2.322,2.308,227211,52640169.0,0.61,1.53,0.035,0.23
2021-01-11,2.318,2.308,2.323,2.306,240130,55597070.0,0.73,-0.43,-0.01,0.24
2021-01-12,2.312,2.312,2.317,2.297,146251,33817940.0,0.87,0.17,0.004,0.15
2021-01-13,2.308,2.306,2.309,2.302,176732,40745858.0,0.3,-0.26,-0.006,0.18
2021-01-14,2.31,2.321,2.323,2.31,131723,30549346.0,0.56,0.65,0.015,0.13
2021-01-15,2.302,2.301,2.309,2.297,98972,22801179.0,0.52,-0.86,-0.02,0.1
2021-01-18,2.3,2.294,2.3,2.285,160565,36777335.0,0.65,-0.3,-0.007,0.16
2021-01-19,2.304,2.311,2.317,2.304,389491,90092185.0,0.57,0.74,0.017,0.39
2021-01-20,2.316,2.307,2.325,2.305,209534,48423469.0,0.87,-0.17,-0.004,0.21
2021-01-21,2.335,2.347,2.348,2.333,303626,71019799.0,0.65,1.73,0.04,0.31
2021-01-22,2.344,2.335,2.345,2.331,323820,75706894.0,0.6,-0.51,-0.012,0.33
2021-01-25,2.338,2.348,2.353,2.337,221094,51864194.0,0.69,0.56,0.013,0.22
2021-01-26,2.345,2.327,2.345,2.325,83511,19480568.0,0.85,-0.89,-0.021,0.08
2021-01-27,2.336,2.338,2.343,2.33,100612,23484046.0,0.56,0.47,0.011,0.1
2021-01-28,2.303,2.277,2.303,2.277,126387,28872777.0,1.11,-2.61,-0.061,0.13
2021-01-29,2.292,2.281,2.307,2.265,610635,138934450.0,1.84,0.18,0.004,0.62
2021-02-01,2.255,2.267,2.268,2.239,167103,37657232.0,1.27,-0.61,-0.014,0.17
2021-02-02,2.292,2.305,2.307,2.292,175776,40447426.0,0.66,1.68,0.038,0.18
2021-02-03,2.33,2.331,2.339,2.323,74778,17420735.0,0.69,1.13,0.026,0.08
2021-02-04,2.329,2.33,2.336,2.315,145408,33818700.0,0.9,-0.04,-0.001,0.15
2021-02-05,2.349,2.369,2.369,2.349,161819,38193949.0,0.86,1.67,0.039,0.16
2021-02-08,2.377,2.37,2.41,2.366,308732,73391186.0,1.86,0.04,0.001,0.31
2021-02-09,2.398,2.384,2.398,2.372,75464,17973515.0,1.1,0.59,0.014,0.08
2021-02-10,2.384,2.382,2.385,2.373,120172,28610802.0,0.5,-0.08,-0.002,0.12
2021-02-18,2.386,2.385,2.386,2.377,161708,38520930.0,0.38,0.13,0.003,0.16
2021-02-19,2.382,2.378,2.382,2.366,80807,19161683.0,0.67,-0.29,-0.007,0.08
2021-02-22,2.376,2.37,2.38,2.368,152073,36077288.0,0.5,-0.34,-0.008,0.15
2021-02-23,2.363,2.37,2.372,2.342,96866,22883659.0,1.27,0.0,0.0,0.1
2021-02-24,2.37,2.351,2.371,2.349,188612,44444918.0,0.93,-0.8,-0.019,0.19
2021-02-25,2.382,2.39,2.398,2.381,419496,100191691.0,0.72,1.66,0.039,0.42
2021-02-26,2.333,2.326,2.35,2.324,269814,63038885.0,1.09,-2.68,-0.064,0.27
2021-03-01,2.362,2.343,2.362,2.333,115218,27012786.0,1.25,0.73,0.017,0.12
2021-03-02,2.379,2.377,2.379,2.364,139574,33102650.0,0.64,1.45,0.034,0.14
2021-03-03,2.367,2.376,2.378,2.357,137428,32591393.0,0.88,-0.04,-0.001,0.14
2021-03-04,2.359,2.327,2.359,2.322,121460,28305718.0,1.56,-2.06,-0.049,0.12
2021-03-05,2.276,2.304,2.31,2.276,144597,33131716.0,1.46,-0.99,-0.023,0.15
2021-03-08,2.351,2.353,2.358,2.341,200356,47063224.0,0.74,2.13,0.049,0.2
2021-03-09,2.356,2.375,2.385,2.352,594387,140818903.0,1.4,0.93,0.022,0.6
2021-03-10,2.38,2.373,2.391,2.371,108377,25792025.0,0.84,-0.08,-0.002,0.11
2021-03-11,2.391,2.411,2.413,2.391,298746,71854664.0,0.93,1.6,0.038,0.3
2021-03-12,2.435,2.413,2.435,2.411,155710,37684589.0,1.0,0.08,0.002,0.16
2021-03-15,2.417,2.428,2.431,2.417,169258,41065442.0,0.58,0.62,0.015,0.17
2021-03-16,2.442,2.443,2.448,2.431,250327,61033723.0,0.7,0.62,0.015,0.25
2021-03-17,2.439,2.433,2.439,2.425,137450,33410619.0,0.57,-0.41,-0.01,0.14
2021-03-18,2.446,2.435,2.45,2.432,157202,38306987.0,0.74,0.08,0.002,0.16
2021-03-19,2.403,2.405,2.418,2.401,153796,37020663.0,0.7,-1.23,-0.03,0.15
2021-03-22,2.399,2.405,2.407,2.386,101484,24364215.0,0.87,0.0,0.0,0.1
2021-03-23,2.425,2.416,2.427,2.405,155972,37654909.0,0.91,0.46,0.011,0.16
2021-03-24,2.415,2.4,2.415,2.396,202643,48631705.0,0.79,-0.66,-0.016,0.2
2021-03-25,2.382,2.399,2.4,2.382,235640,56431863.0,0.75,-0.04,-0.001,0.24
2021-03-26,2.408,2.426,2.426,2.408,86344,20894159.0,0.75,1.13,0.027,0.09
2021-03-29,2.431,2.444,2.446,2.431,173413,42292248.0,0.62,0.74,0.018,0.17
2021-03-30,2.45,2.46,2.464,2.446,91590,22523490.0,0.74,0.65,0.016,0.09
2021-03-31,2.479,2.448,2.479,2.446,86925,21314655.0,1.34,-0.49,-0.012,0.09
2021-04-01,2.46,2.473,2.474,2.46,75012,18504332.0,0.57,1.02,0.025,0.08
2021-04-02,2.497,2.497,2.503,2.488,143960,35911823.0,0.61,0.97,0.024,0.15
2021-04-06,2.527,2.53,2.535,2.52,236974,59847136.0,0.6,1.32,0.033,0.24
2021-04-07,2.527,2.526,2.53,2.511,165311,41652682.0,0.75,-0.16,-0.004,0.17
2021-04-08,2.531,2.536,2.54,2.531,208352,52828867.0,0.36,0.4,0.01,0.21
2021-04-09,2.592,2.541,2.592,2.536,236071,59995769.0,2.21,0.2,0.005,0.24
2021-04-12,2.55,2.558,2.559,2.55,189187,48336945.0,0.35,0.67,0.017,0.19
2021-04-13,2.557,2.557,2.561,2.55,118240,30215231.0,0.43,-0.04,-0.001,0.12
2021-04-14,2.564,2.569,2.569,2.561,187550,48103736.0,0.31,0.47,0.012,0.19
2021-04-15,2.56,2.564,2.564,2.55,246880,63100023.0,0.54,-0.19,-0.005,0.25
2021-04-16,2.578,2.583,2.59,2.576,239290,61817005.0,0.55,0.74,0.019,0.24
2021-04-19,2.585,2.58,2.59,2.578,170224,44006701.0,0.46,-0.12,-0.003,0.17
2021-04-20,2.568,2.56,2.57,2.56,200978,51566871.0,0.39,-0.78,-0.02,0.2
2021-04-21,2.533,2.543,2.546,2.527,237937,60329804.0,0.74,-0.66,-0.017,0.24
2021-04-22,2.561,2.558,2.563,2.553,100321,25649884.0,0.39,0.59,0.015,0.1
2021-04-23,2.539,2.535,2.542,2.532,131813,33445243.0,0.39,-0.9,-0.023,0.13
2021-04-26,2.557,2.56,2.562,2.554,100418,25682621.0,0.32,0.99,0.025,0.1
2021-04-27,2.564,2.573,2.574,2.564,110228,28323636.0,0.39,0.51,0.013,0.11
2021-04-28,2.572,2.569,2.572,2.565,73685,18912920.0,0.27,-0.16,-0.004,0.07
2021-04-29,2.572,2.58,2.58,2.572,102160,26313427.0,0.31,0.43,0.011,0.1
2021-04-30,2.58,2.58,2.582,2.567,182736,47015398.0,0.58,0.0,0.0,0.18
2021-05-06,2.568,2.566,2.568,2.548,143093,36594324.0,0.78,-0.54,-0.014,0.14
2021-05-07,2.585,2.579,2.586,2.569,154925,39895520.0,0.66,0.51,0.013,0.16
2021-05-10,2.592,2.585,2.595,2.583,213150,55198281.0,0.47,0.23,0.006,0.21
2021-05-11,2.546,2.546,2.547,2.524,214659,54427340.0,0.89,-1.51,-0.039,0.22
2021-05-12,2.525,2.527,2.529,2.513,273711,68976293.0,0.63,-0.75,-0.019,0.28
2021-05-13,2.479,2.48,2.485,2.479,224489,55712319.0,0.24,-1.86,-0.047,0.23
2021-05-14,2.502,2.518,2.519,2.502,197900,49671999.0,0.69,1.53,0.038,0.2
2021-05-17,2.537,2.538,2.544,2.531,257537,65328383.0,0.52,0.79,0.02,0.26
2021-05-18,2.537,2.545,2.548,2.535,134573,34186369.0,0.51,0.28,0.007,0.14
2021-05-19,2.509,2.504,2.509,2.5,170668,42732631.0,0.35,-1.61,-0.041,0.17
2021-05-20,2.5,2.501,2.508,2.495,163317,40914988.0,0.52,-0.12,-0.003,0.16
2021-05-21,2.525,2.533,2.537,2.523,149868,37919294.0,0.56,1.28,0.032,0.15
2021-05-24,2.531,2.537,2.537,2.531,169091,42854931.0,0.24,0.16,0.004,0.17
2021-05-25,2.554,2.551,2.556,2.545,329308,83964136.0,0.43,0.55,0.014,0.33
2021-05-26,2.549,2.54,2.549,2.536,208999,53125503.0,0.51,-0.43,-0.011,0.21
2021-05-27,2.535,2.522,2.535,2.521,145477,36794726.0,0.55,-0.71,-0.018,0.15
2021-05-28,2.53,2.537,2.547,2.53,211971,53796017.0,0.67,0.59,0.015,0.21
2021-05-31,2.535,2.532,2.54,2.531,173225,43920989.0,0.35,-0.2,-0.005,0.17
2021-06-01,2.534,2.534,2.534,2.525,99355,25129701.0,0.36,0.08,0.002,0.1
2021-06-02,2.535,2.533,2.535,2.531,78516,19886657.0,0.16,-0.04,-0.001,0.08
2021-06-03,2.536,2.537,2.539,2.533,80162,20331704.0,0.24,0.16,0.004,0.08
2021-06-04,2.536,2.533,2.536,2.526,177806,44971808.0,0.39,-0.16,-0.004,0.18
2021-06-07,2.545,2.557,2.557,2.544,104389,26615401.0,0.51,0.95,0.024,0.11
2021-06-08,2.557,2.557,2.561,2.553,122304,31285153.0,0.31,0.0,0.0,0.12
2021-06-09,2.559,2.558,2.56,2.554,74973,19173071.0,0.23,0.04,0.001,0.08
2021-06-10,2.558,2.549,2.558,2.546,66054,16850231.0,0.47,-0.35,-0.009,0.07
2021-06-11,2.559,2.557,2.562,2.554,65792,16831720.0,0.31,0.31,0.008,0.07
2021-06-15,2.572,2.573,2.577,2.301,227268,58318068.0,10.79,0.63,0.016,0.23
2021-06-16,2.567,2.564,2.567,2.561,94407,24209634.0,0.23,-0.35,-0.009,0.1
2021-06-17,2.548,2.551,2.559,2.545,82439,21016377.0,0.55,-0.51,-0.013,0.08
2021-06-18,2.56,2.563,2.568,2.56,236225,60566571.0,0.31,0.47,0.012,0.24
2021-06-21,2.535,2.529,2.535,2.52,279683,70638117.0,0.59,-1.33,-0.034,0.28
2021-06-22,2.553,2.577,2.577,2.553,258770,66562812.0,0.95,1.9,0.048,0.26
2021-06-23,2.59,2.6,2.602,2.587,149401,38760829.0,0.58,0.89,0.023,0.15
2021-06-24,2.597,2.596,2.597,2.593,56575,14685374.0,0.15,-0.15,-0.004,0.06
2021-06-25,2.608,2.603,2.612,2.603,80851,21070547.0,0.35,0.27,0.007,0.08
2021-06-28,2.611,2.608,2.626,2.6,103000,26878569.0,1.0,0.19,0.005,0.1
2021-06-29,2.615,2.609,2.617,2.607,71608,18684914.0,0.38,0.04,0.001,0.07
2021-06-30,2.613,2.616,2.618,2.612,41054,10738063.0,0.23,0.27,0.007,0.04
2021-07-01,2.622,2.623,2.626,2.621,44941,11789998.0,0.19,0.27,0.007,0.05
2021-07-02,2.633,2.645,2.646,2.633,100008,26405646.0,0.5,0.84,0.022,0.1
2021-07-05,2.659,2.659,2.666,2.653,355104,94385701.0,0.49,0.53,0.014,0.36
2021-07-06,2.66,2.664,2.668,2.655,276096,73470519.0,0.49,0.19,0.005,0.28
2021-07-07,2.66,2.66,2.663,2.653,124329,33051141.0,0.38,-0.15,-0.004,0.13
2021-07-08,2.662,2.652,2.669,2.651,113101,30090346.0,0.68,-0.3,-0.008,0.11
2021-07-09,2.632,2.654,2.656,2.63,204859,54135247.0,0.98,0.08,0.002,0.21
2021-07-12,2.667,2.677,2.678,2.667,153101,40931617.0,0.41,0.87,0.023,0.15
2021-07-13,2.682,2.675,2.687,2.674,162622,43610965.0,0.49,-0.07,-0.002,0.16
2021-07-14,2.674,2.671,2.678,2.667,157537,42115674.0,0.41,-0.15,-0.004,0.16
2021-07-15,2.665,2.674,2.678,2.665,94855,25360845.0,0.49,0.11,0.003,0.1
2021-07-16,2.668,2.668,2.669,2.663,161566,43082283.0,0.22,-0.22,-0.006,0.16
2021-07-19,2.638,2.646,2.65,2.633,62457,16496781.0,0.64,-0.82,-0.022,0.06
2021-07-20,2.635,2.636,2.641,2.614,215494,56685402.0,1.02,-0.38,-0.01,0.22
2021-07-21,2.655,2.655,2.659,2.645,137800,36561789.0,0.53,0.72,0.019,0.14
2021-07-22,2.672,2.671,2.673,2.665,41430,11060396.0,0.3,0.6,0.016,0.04
2021-07-23,2.675,2.677,2.68,2.675,186278,49875969.0,0.19,0.22,0.006,0.19
2021-07-26,2.688,2.693,2.699,2.688,159720,43016832.0,0.41,0.6,0.016,0.16
2021-07-27,2.702,2.706,2.712,2.7,124408,33679650.0,0.45,0.48,0.013,0.13
2021-07-28,2.705,2.703,2.715,2.698,151373,40942932.0,0.63,-0.11,-0.003,0.15
2021-07-29,2.702,2.697,2.702,2.687,112832,30375040.0,0.55,-0.22,-0.006,0.11
2021-07-30,2.7,2.68,2.7,2.676,207817,55714347.0,0.89,-0.63,-0.017,0.21
2021-08-02,2.695,2.704,2.707,2.692,124214,33563569.0,0.56,0.9,0.024,0.13
2021-08-03,2.689,2.691,2.693,2.681,182306,49026540.0,0.44,-0.48,-0.013,0.18
2021-08-04,2.706,2.7,2.713,2.698,141328,38197245.0,0.56,0.33,0.009,0.14
2021-08-05,2.694,2.694,2.699,2.689,144168,38845081.0,0.37,-0.22,-0.006,0.15
2021-08-06,2.705,2.708,2.71,2.7,122655,33163080.0,0.37,0.52,0.014,0.12
2021-08-09,2.709,2.715,2.72,2.705,103183,28001748.0,0.55,0.26,0.007,0.1
2021-08-10,2.715,2.712,2.721,2.706,196291,53211842.0,0.55,-0.11,-0.003,0.2
2021-08-11,2.713,2.716,2.721,2.713,86216,23418204.0,0.29,0.15,0.004,0.09
2021-08-12,2.72,2.718,2.725,2.717,159511,43402382.0,0.29,0.07,0.002,0.16
2021-08-13,2.729,2.736,2.737,2.724,271125,73990755.0,0.48,0.66,0.018,0.27
2021-08-16,2.735,2.725,2.737,2.724,200723,54779334.0,0.48,-0.4,-0.011,0.2
2021-08-17,2.732,2.731,2.74,2.728,200067,54707517.0,0.44,0.22,0.006,0.2
2021-08-18,2.722,2.729,2.73,2.716,121581,33106368.0,0.51,-0.07,-0.002,0.12
2021-08-19,2.702,2.685,2.706,2.682,182790,49239284.0,0.88,-1.61,-0.044,0.18
2021-08-20,2.701,2.7,2.706,2.695,161773,43696289.0,0.41,0.56,0.015,0.16
2021-08-23,2.723,2.738,2.738,2.723,113332,30964816.0,0.56,1.41,0.038,0.11
2021-08-24,2.753,2.753,2.755,2.748,144024,39638119.0,0.26,0.55,0.015,0.15
2021-08-25,2.752,2.744,2.752,2.742,203596,55893130.0,0.36,-0.33,-0.009,0.21
2021-08-26,2.745,2.746,2.747,2.743,131541,36111084.0,0.15,0.07,0.002,0.13
2021-08-27,2.736,2.748,2.752,2.733,162648,44590567.0,0.69,0.07,0.002,0.16
2021-08-30,2.758,2.758,2.765,2.755,127619,35202488.0,0.36,0.36,0.01,0.13
2021-08-31,2.769,2.78,2.782,2.766,172084,47769482.0,0.58,0.8,0.022,0.17
2021-09-01,2.775,2.779,2.78,2.767,134069,37152674.0,0.47,-0.04,-0.001,0.14
2021-09-02,2.776,2.762,2.776,2.758,191007,52760282.0,0.65,-0.61,-0.017,0.19
2021-09-03,2.768,2.773,2.778,2.767,134615,37320010.0,0.4,0.4,0.011,0.14
2021-09-06,2.769,2.77,2.773,2.761,146825,40614335.0,0.43,-0.11,-0.003,0.15
2021-09-07,2.769,2.77,2.771,2.766,139167,38541786.0,0.18,0.0,0.0,0.14
2021-09-08,2.763,2.757,2.765,2.755,143531,39612296.0,0.36,-0.47,-0.013,0.14
2021-09-09,2.75,2.748,2.75,2.744,150507,41337797.0,0.22,-0.33,-0.009,0.15
2021-09-10,2.743,2.749,2.75,2.74,116373,31940831.0,0.36,0.04,0.001,0.12
2021-09-13,2.728,2.729,2.73,2.719,153850,41914931.0,0.4,-0.73,-0.02,0.16
2021-09-14,2.73,2.728,2.736,2.726,381864,104266393.0,0.37,-0.04,-0.001,0.38
2021-09-15,2.711,2.711,2.718,2.707,114579,31062623.0,0.4,-0.62,-0.017,0.12
2021-09-16,2.729,2.721,2.735,2.717,317691,86555103.0,0.66,0.37,0.01,0.32
2021-09-17,2.722,2.736,2.737,2.719,136877,37350789.0,0.66,0.55,0.015,0.14
2021-09-22,2.673,2.68,2.684,2.664,364049,97294493.0,0.73,-2.05,-0.056,0.37
2021-09-23,2.704,2.701,2.705,2.695,175087,47249611.0,0.37,0.78,0.021,0.18
2021-09-24,2.721,2.718,2.725,2.716,239278,65074318.0,0.33,0.63,0.017,0.24
2021-09-27,2.729,2.735,2.736,2.723,166971,45598450.0,0.48,0.63,0.017,0.17
2021-09-28,2.72,2.709,2.72,2.702,168626,45683480.0,0.66,-0.95,-0.026,0.17
2021-09-29,2.66,2.668,2.677,2.66,359890,96087379.0,0.63,-1.51,-0.041,0.36
2021-09-30,2.668,2.683,2.685,2.668,153168,41023427.0,0.64,0.56,0.015,0.15
2021-10-08,2.697,2.681,2.699,2.681,108196,29083269.0,0.67,-0.07,-0.002,0.11
2021-10-11,2.68,2.665,2.681,2.664,190157,50800177.0,0.63,-0.6,-0.016,0.19
2021-10-12,2.649,2.638,2.66,2.636,361280,95660178.0,0.9,-1.01,-0.027,0.36
2021-10-13,2.643,2.652,2.653,2.641,136520,36111660.0,0.45,0.53,0.014,0.14
2021-10-14,2.661,2.676,2.677,2.661,113381,30257657.0,0.6,0.9,0.024,0.11
2021-10-15,2.709,2.71,2.717,2.693,158495,42930764.0,0.9,1.27,0.034,0.16
2021-10-18,2.714,2.71,2.738,2.708,145710,39585701.0,1.11,0.0,0.0,0.15
2021-10-19,2.72,2.728,2.73,2.717,165303,45022922.0,0.48,0.66,0.018,0.17
2021-10-20,2.734,2.735,2.74,2.731,145412,39762523.0,0.33,0.26,0.007,0.15
2021-10-21,2.74,2.735,2.74,2.733,196687,53836739.0,0.26,0.0,0.0,0.2
2021-10-22,2.743,2.747,2.749,2.743,81219,22302464.0,0.22,0.44,0.012,0.08
2021-10-25,2.735,2.747,2.749,2.735,248207,68074682.0,0.51,0.0,0.0,0.25
2021-10-26,2.762,2.766,2.767,2.762,48771,13478550.0,0.18,0.69,0.019,0.05
2021-10-27,2.767,2.764,2.768,2.757,84600,23357951.0,0.4,-0.07,-0.002,0.09
2021-10-28,2.749,2.753,2.756,2.749,95716,26355800.0,0.25,-0.4,-0.011,0.1
2021-10-29,2.772,2.758,2.779,2.758,99502,27508611.0,0.76,0.18,0.005,0.1
2021-11-01,2.785,2.792,2.796,2.785,95751,26736153.0,0.4,1.23,0.034,0.1
2021-11-02,2.792,2.786,2.792,2.781,72157,20095923.0,0.39,-0.21,-0.006,0.07
2021-11-03,2.797,2.805,2.806,2.796,81429,22805422.0,0.36,0.68,0.019,0.08
2021-11-04,2.815,2.82,2.821,2.815,60028,16916933.0,0.21,0.53,0.015,0.06
2021-11-05,2.825,2.832,2.833,2.825,89743,25402984.0,0.28,0.43,0.012,0.09
2021-11-08,2.832,2.835,2.848,2.83,438967,124521740.0,0.64,0.11,0.003,0.44
2021-11-09,2.834,2.834,2.851,2.831,668167,189815558.0,0.71,-0.04,-0.001,0.67
2021-11-10,2.831,2.822,2.832,2.819,225055,63589798.0,0.46,-0.42,-0.012,0.23
2021-11-11,2.811,2.815,2.819,2.81,109909,30931571.0,0.32,-0.25,-0.007,0.11
2021-11-12,2.816,2.813,2.821,2.813,78888,22215219.0,0.28,-0.07,-0.002,0.08
2021-11-15,2.826,2.832,2.836,2.826,135007,38241651.0,0.36,0.68,0.019,0.14
2021-11-16,2.832,2.824,2.835,2.822,107436,30401878.0,0.46,-0.28,-0.008,0.11
2021-11-17,2.84,2.843,2.843,2.836,72040,20455534.0,0.25,0.67,0.019,0.07
2021-11-18,2.841,2.833,2.841,2.83,265195,75078050.0,0.39,-0.35,-0.01,0.27
2021-11-19,2.84,2.851,2.852,2.84,452045,128736711.0,0.42,0.64,0.018,0.46
2021-11-22,2.845,2.847,2.85,2.842,183413,52203637.0,0.28,-0.14,-0.004,0.18
2021-11-23,2.83,2.822,2.835,2.821,447957,126663593.0,0.49,-0.88,-0.025,0.45
2021-11-24,2.833,2.832,2.835,2.828,131444,37220231.0,0.25,0.35,0.01,0.13
2021-11-25,2.846,2.851,2.852,2.844,108501,30885757.0,0.28,0.67,0.019,0.11
2021-11-26,2.834,2.808,2.834,2.805,295835,83344739.0,1.02,-1.51,-0.043,0.3
2021-11-29,2.79,2.806,2.807,2.783,219060,61300380.0,0.85,-0.07,-0.002,0.22
2021-11-30,2.82,2.789,2.824,2.771,470950,131673156.0,1.89,-0.61,-0.017,0.47
2021-12-01,2.775,2.778,2.78,2.765,636716,176601592.0,0.54,-0.39,-0.011,0.64
2021-12-02,2.733,2.74,2.744,2.728,626371,171304506.0,0.58,-1.37,-0.038,0.63
2021-12-03,2.749,2.758,2.763,2.74,215842,59399423.0,0.84,0.66,0.018,0.22
2021-12-06,2.753,2.75,2.753,2.742,113591,31201060.0,0.4,-0.29,-0.008,0.11
2021-12-07,2.772,2.783,2.786,2.767,201696,55993783.0,0.69,1.2,0.033,0.2
2021-12-08,2.823,2.826,2.83,2.823,120813,34139378.0,0.25,1.55,0.043,0.12
2021-12-09,2.825,2.826,2.827,2.813,220508,62227713.0,0.5,0.0,0.0,0.22
2021-12-10,2.814,2.813,2.819,2.809,89169,25083017.0,0.35,-0.46,-0.013,0.09
2021-12-13,2.842,2.845,2.848,2.841,116137,33030118.0,0.25,1.14,0.032,0.12
2021-12-14,2.82,2.812,2.82,2.811,908895,255792669.0,0.32,-1.16,-0.033,0.92
2021-12-15,2.786,2.797,2.804,2.786,335238,93746698.0,0.64,-0.53,-0.015,0.34
2021-12-16,2.84,2.856,2.857,2.824,627040,178377701.0,1.18,2.11,0.059,0.63
2021-12-17,2.832,2.807,2.832,2.806,172666,48583951.0,0.91,-1.72,-0.049,0.17
2021-12-20,2.78,2.762,2.78,2.76,292416,81012259.0,0.71,-1.6,-0.045,0.29
2021-12-21,2.761,2.777,2.821,2.761,645011,179632708.0,2.17,0.54,0.015,0.65
2021-12-22,2.804,2.8,2.804,2.791,302479,84657928.0,0.47,0.83,0.023,0.3
2021-12-23,2.823,2.83,2.835,2.823,133884,37887243.0,0.43,1.07,0.03,0.13
2021-12-24,2.848,2.846,2.848,2.841,95693,27214789.0,0.25,0.57,0.016,0.1
2021-12-27,2.847,2.851,2.855,2.847,124908,35591551.0,0.28,0.18,0.005,0.13
2021-12-28,2.88,2.882,2.887,2.878,128646,37101446.0,0.32,1.09,0.031,0.13
2021-12-29,2.883,2.888,2.891,2.88,285632,82469785.0,0.38,0.21,0.006,0.29
2021-12-30,2.885,2.887,2.892,2.882,996026,287665104.0,0.35,-0.03,-0.001,1.0
2021-12-31,2.881,2.879,2.881,2.862,239721,68955127.0,0.66,-0.28,-0.008,0.24
2022-01-04,2.894,2.897,2.898,2.889,143701,41589242.0,0.31,0.63,0.018,0.14
2022-01-05,2.892,2.886,2.892,2.879,184573,53198128.0,0.45,-0.38,-0.011,0.19
2022-01-06,2.832,2.817,2.85,2.815,341038,96322243.0,1.21,-2.39,-0.069,0.34
2022-01-07,2.832,2.835,2.84,2.831,185530,52600420.0,0.32,0.64,0.018,0.19
2022-01-10,2.81,2.816,2.818,2.798,458966,128987875.0,0.71,-0.67,-0.019,0.46
2022-01-11,2.815,2.804,2.815,2.801,285060,80023017.0,0.5,-0.43,-0.012,0.29
2022-01-12,2.832,2.836,2.836,2.828,392037,111025442.0,0.29,1.14,0.032,0.4
2022-01-13,2.837,2.829,2.837,2.826,182299,51572560.0,0.39,-0.25,-0.007,0.18
2022-01-14,2.788,2.802,2.802,2.788,209279,58496121.0,0.49,-0.95,-0.027,0.21
2022-01-17,2.794,2.794,2.8,2.788,180071,50279908.0,0.43,-0.29,-0.008,0.18
2022-01-18,2.796,2.783,2.798,2.781,127913,35663596.0,0.61,-0.39,-0.011,0.13
2022-01-19,2.754,2.739,2.759,2.734,394009,108093394.0,0.9,-1.58,-0.044,0.4
2022-01-20,2.723,2.724,2.726,2.714,1053731,286354816.0,0.44,-0.55,-0.015,1.06
2022-01-21,2.669,2.67,2.672,2.658,814386,217050126.0,0.51,-1.98,-0.054,0.82
2022-01-24,2.653,2.638,2.653,2.636,890515,235197771.0,0.64,-1.2,-0.032,0.9
2022-01-25,2.61,2.605,2.615,2.593,729030,189966114.0,0.83,-1.25,-0.033,0.73
2022-01-26,2.599,2.601,2.606,2.594,378514,98475734.0,0.46,-0.15,-0.004,0.38
2022-01-27,2.588,2.552,2.588,2.546,1414609,362641168.0,1.61,-1.88,-0.049,1.43
2022-01-28,2.595,2.597,2.603,2.574,902588,234214486.0,1.14,1.76,0.045,0.91
2022-02-07,2.675,2.693,2.694,2.668,606852,162822983.0,1.0,3.7,0.096,0.61
2022-02-08,2.684,2.687,2.692,2.68,512353,137523454.0,0.45,-0.22,-0.006,0.52
2022-02-09,2.708,2.722,2.724,2.708,478096,129923733.0,0.6,1.3,0.035,0.48
2022-02-10,2.751,2.754,2.76,2.739,926129,254481004.0,0.77,1.18,0.032,0.93
2022-02-11,2.696,2.679,2.702,2.673,1180552,316668224.0,1.05,-2.72,-0.075,1.19
2022-02-14,2.654,2.655,2.657,2.646,806724,213902458.0,0.41,-0.9,-0.024,0.81
2022-02-15,2.647,2.638,2.648,2.631,652310,172173445.0,0.64,-0.64,-0.017,0.66
2022-02-16,2.67,2.671,2.672,2.665,341096,91049323.0,0.27,1.25,0.033,0.34
2022-02-17,2.666,2.664,2.675,2.656,575826,153464109.0,0.71,-0.26,-0.007,0.58
2022-02-18,2.622,2.628,2.639,2.616,757719,199425804.0,0.86,-1.35,-0.036,0.76
2022-02-21,2.612,2.617,2.618,2.601,1231244,321153184.0,0.65,-0.42,-0.011,1.24
2022-02-22,2.561,2.561,2.568,2.553,946668,242480960.0,0.57,-2.14,-0.056,0.95
2022-02-23,2.582,2.574,2.602,2.57,1462951,376855120.0,1.25,0.51,0.013,1.47
2022-02-24,2.5,2.465,2.508,2.46,1874264,465698736.0,1.86,-4.23,-0.109,1.89
2022-02-25,2.542,2.534,2.545,2.531,1726450,437802928.0,0.57,2.8,0.069,1.74
2022-02-28,2.563,2.553,2.566,2.538,651208,166028080.0,1.1,0.75,0.019,0.66
2022-03-01,2.594,2.605,2.607,2.594,1248063,324572832.0,0.51,2.04,0.052,1.26
2022-03-02,2.575,2.566,2.575,2.563,835690,214771605.0,0.46,-1.5,-0.039,0.84
2022-03-03,2.608,2.612,2.612,2.599,797863,207904055.0,0.51,1.79,0.046,0.8
2022-03-04,2.573,2.588,2.591,2.568,1042313,269056240.0,0.88,-0.92,-0.024,1.05
2022-03-07,2.544,2.554,2.563,2.538,749157,190841515.0,0.97,-1.31,-0.034,0.75
2022-03-08,2.53,2.473,2.53,2.467,1444797,359116064.0,2.47,-3.17,-0.081,1.46
2022-03-09,2.489,2.5,2.502,2.482,1162539,289907408.0,0.81,1.09,0.027,1.17
2022-03-10,2.546,2.545,2.551,2.541,389133,99085152.0,0.4,1.8,0.045,0.39
2022-03-11,2.53,2.544,2.545,2.524,642366,162830030.0,0.83,-0.04,-0.001,0.65
2022-03-14,2.53,2.537,2.542,2.525,583592,147812644.0,0.67,-0.28,-0.007,0.59
2022-03-15,2.514,2.503,2.517,2.502,1429063,358354416.0,0.59,-1.34,-0.034,1.44
2022-03-16,2.55,2.57,2.572,2.548,963753,246211511.0,0.96,2.68,0.067,0.97
2022-03-17,2.614,2.62,2.621,2.599,924635,241262691.0,0.86,1.95,0.05,0.93
2022-03-18,2.628,2.638,2.641,2.625,585142,154180977.0,0.61,0.69,0.018,0.59
2022-03-21,2.673,2.675,2.677,2.666,495459,132415791.0,0.42,1.4,0.037,0.5
2022-03-22,2.667,2.678,2.687,2.667,817059,218952108.0,0.75,0.11,0.003,0.82
2022-03-23,2.71,2.722,2.724,2.71,1681555,457585072.0,0.52,1.64,0.044,1.69
2022-03-24,2.683,2.688,2.695,2.682,826157,222046021.0,0.48,-1.25,-0.034,0.83
2022-03-25,2.712,2.729,2.73,2.712,848564,230969683.0,0.67,1.53,0.041,0.86
2022-03-28,2.729,2.735,2.742,2.727,1795436,490897872.0,0.55,0.22,0.006,1.81
2022-03-30,2.79,2.78,2.792,2.77,936969,130319910.0,0.8,1.65,0.045,0.94
2022-03-31,2.772,2.774,2.784,2.768,1392305,193176001.0,0.58,-0.22,-0.006,1.4
2022-04-01,2.73,2.742,2.742,2.73,973527,133194856.0,0.43,-1.15,-0.032,0.98
2022-04-06,2.72,2.742,2.744,2.72,529802,72386047.0,0.88,0.0,0.0,0.53
2022-04-07,2.702,2.704,2.706,2.69,725145,97846124.0,0.58,-1.39,-0.038,0.73
2022-04-08,2.712,2.73,2.73,2.712,1049582,142793148.0,0.67,0.96,0.026,1.06
2022-04-11,2.71,2.706,2.712,2.698,857063,115894329.0,0.51,-0.88,-0.024,0.86
2022-04-12,2.66,2.654,2.666,2.648,1388819,184299794.0,0.67,-1.92,-0.052,1.4
2022-04-13,2.658,2.676,2.678,2.656,1185768,158249594.0,0.83,0.83,0.022,1.2
2022-04-14,2.69,2.694,2.696,2.68,805672,108374964.0,0.6,0.67,0.018,0.81
2022-04-15,2.654,2.668,2.67,2.654,809510,107823836.0,0.59,-0.97,-0.026,0.82
2022-04-18,2.656,2.648,2.656,2.64,520349,68879478.0,0.6,-0.75,-0.02,0.52
2022-04-19,2.668,2.668,2.672,2.662,476947,63622862.0,0.38,0.76,0.02,0.48
2022-04-20,2.71,2.71,2.71,2.7,995290,134629415.0,0.37,1.57,0.042,1.0
2022-04-21,2.722,2.744,2.75,2.718,983871,134718640.0,1.18,1.25,0.034,0.99
2022-04-22,2.672,2.708,2.714,2.672,1055023,142491568.0,1.53,-1.31,-0.036,1.06
2022-04-25,2.634,2.62,2.638,2.618,2119051,278860656.0,0.74,-3.25,-0.088,2.14
2022-04-26,2.654,2.668,2.674,2.654,1218795,162619244.0,0.76,1.83,0.048,1.23
2022-04-27,2.598,2.604,2.61,2.596,2396587,311885456.0,0.52,-2.4,-0.064,2.42
2022-04-28,2.612,2.638,2.642,2.61,1093081,143531960.0,1.23,1.31,0.034,1.1
2022-04-29,2.672,2.68,2.694,2.666,1740012,233425007.0,1.06,1.59,0.042,1.75
2022-05-05,2.708,2.682,2.708,2.68,1997449,268849088.0,1.04,0.07,0.002,2.01
2022-05-06,2.6,2.618,2.63,2.59,2360962,309364736.0,1.49,-2.39,-0.064,2.38
2022-05-09,2.59,2.604,2.606,2.582,1542129,199806016.0,0.92,-0.53,-0.014,1.55
2022-05-10,2.544,2.556,2.556,2.538,3437210,437417664.0,0.69,-1.84,-0.048,3.46
2022-05-11,2.548,2.554,2.56,2.54,1829531,233306881.0,0.78,-0.08,-0.002,1.84
2022-05-12,2.512,2.51,2.522,2.506,1556285,195707928.0,0.63,-1.72,-0.044,1.57
2022-05-13,2.536,2.55,2.55,2.534,1556556,197806630.0,0.64,1.59,0.04,1.57
2022-05-16,2.594,2.562,2.598,2.554,2104944,269852608.0,1.73,0.47,0.012,2.12
2022-05-17,2.572,2.574,2.576,2.566,1734699,223039721.0,0.39,0.47,0.012,1.75
2022-05-18,2.604,2.598,2.608,2.594,733864,95343120.0,0.54,0.93,0.024,0.74
2022-05-19,2.5,2.502,2.516,2.494,3109521,388945600.0,0.85,-3.7,-0.096,3.13
2022-05-20,2.498,2.486,2.502,2.484,2550865,317890112.0,0.72,-0.64,-0.016,2.57
2022-05-23,2.492,2.494,2.496,2.482,1801333,224100164.0,0.56,0.32,0.008,1.82
2022-05-24,2.49,2.474,2.492,2.47,1950109,241799542.0,0.88,-0.8,-0.02,1.97
2022-05-25,2.482,2.496,2.498,2.482,2957436,368371392.0,0.65,0.89,0.022,2.98
2022-05-26,2.512,2.518,2.52,2.506,3729271,468429024.0,0.56,0.88,0.022,3.76
2022-05-27,2.57,2.574,2.59,2.564,2031444,260967437.0,1.03,2.22,0.056,2.05
2022-05-30,2.636,2.618,2.636,2.608,1728891,226547066.0,1.09,1.71,0.044,1.74
2022-05-31,2.606,2.608,2.618,2.602,1425599,186132820.0,0.61,-0.38,-0.01,1.44
2022-06-01,2.61,2.614,2.618,2.606,1209277,157939699.0,0.46,0.23,0.006,1.22
2022-06-02,2.59,2.584,2.594,2.58,1206947,156096109.0,0.54,-1.15,-0.03,1.22
2022-06-06,2.578,2.592,2.592,2.572,1445314,186652376.0,0.77,0.31,0.008,1.46
2022-06-07,2.584,2.578,2.584,2.57,1013821,130597471.0,0.54,-0.54,-0.014,1.02
2022-06-08,2.61,2.61,2.614,2.604,726959,94833133.0,0.39,1.24,0.032,0.73
2022-06-09,2.592,2.588,2.596,2.584,856815,110955405.0,0.46,-0.84,-0.022,0.86
2022-06-10,2.536,2.542,2.546,2.532,1370379,173938837.0,0.54,-1.78,-0.046,1.38
2022-06-13,2.46,2.436,2.46,2.43,1958989,239416260.0,1.18,-4.17,-0.106,1.97
2022-06-14,2.4,2.41,2.412,2.392,3055580,367066848.0,0.82,-1.07,-0.026,3.08
2022-06-15,2.392,2.384,2.392,2.374,2917586,347426656.0,0.75,-1.08,-0.026,2.94
2022-06-16,2.42,2.376,2.42,2.374,2164642,259934027.0,1.93,-0.34,-0.008,2.18
2022-06-17,2.332,2.338,2.346,2.32,2246812,262352339.0,1.09,-1.6,-0.038,2.26
2022-06-20,2.334,2.334,2.336,2.324,1760526,204968305.0,0.51,-0.17,-0.004,1.77
2022-06-21,2.346,2.362,2.368,2.342,2478063,292227888.0,1.11,1.2,0.028,2.5
2022-06-22,2.372,2.364,2.38,2.358,1954714,231377500.0,0.93,0.08,0.002,1.97
2022-06-23,2.376,2.38,2.382,2.368,2356021,279913632.0,0.59,0.68,0.016,2.37
2022-06-24,2.396,2.418,2.422,2.396,1842788,222113110.0,1.09,1.6,0.038,1.86
2022-06-27,2.46,2.47,2.48,2.458,1954253,241362488.0,0.91,2.15,0.052,1.97
2022-06-28,2.47,2.474,2.476,2.456,1312903,161835751.0,0.81,0.16,0.004,1.32
2022-06-29,2.416,2.416,2.428,2.414,1223090,148026369.0,0.57,-2.34,-0.058,1.23
2022-06-30,2.414,2.39,2.416,2.386,1620303,194600694.0,1.24,-1.08,-0.026,1.63
2022-07-01,2.392,2.382,2.396,2.376,1386357,165232776.0,0.84,-0.33,-0.008,1.4
2022-07-04,2.394,2.412,2.414,2.39,2024509,243543815.0,1.01,1.26,0.03,2.04
2022-07-05,2.426,2.432,2.432,2.42,1809278,219497716.0,0.5,0.83,0.02,1.82
2022-07-06,2.432,2.42,2.436,2.41,1780001,215553295.0,1.07,-0.49,-0.012,1.79
2022-07-07,2.428,2.442,2.446,2.426,1981103,241355403.0,0.83,0.91,0.022,2.0
2022-07-08,2.472,2.46,2.476,2.456,2175950,267989789.0,0.82,0.74,0.018,2.19
2022-07-11,2.46,2.446,2.46,2.444,1659244,203382821.0,0.65,-0.57,-0.014,1.67
2022-07-12,2.438,2.434,2.442,2.43,1607641,195748438.0,0.49,-0.49,-0.012,1.62
2022-07-13,2.43,2.434,2.434,2.424,2053090,249221769.0,0.41,0.0,0.0,2.07
2022-07-14,2.42,2.408,2.42,2.402,1617663,194891743.0,0.74,-1.07,-0.026,1.63
2022-07-15,2.42,2.418,2.43,2.416,1646054,199349816.0,0.58,0.42,0.01,1.66
2022-07-18,2.458,2.474,2.476,2.456,1916848,236362441.0,0.83,2.32,0.056,1.93
2022-07-19,2.444,2.444,2.448,2.44,1819476,222399656.0,0.32,-1.21,-0.03,1.83
2022-07-20,2.51,2.518,2.52,2.51,2289537,287928358.0,0.41,3.03,0.074,2.31
2022-07-21,2.522,2.524,2.53,2.516,1954638,246499461.0,0.56,0.24,0.006,1.97
2022-07-22,2.54,2.542,2.544,2.536,1500782,190583090.0,0.32,0.71,0.018,1.51
2022-07-25,2.516,2.52,2.524,2.514,1612424,203040025.0,0.39,-0.87,-0.022,1.62
2022-07-26,2.518,2.518,2.524,2.514,1504244,189497706.0,0.4,-0.08,-0.002,1.52
2022-07-27,2.518,2.526,2.526,2.516,2044830,257880636.0,0.4,0.32,0.008,2.06
2022-07-28,2.558,2.554,2.562,2.55,1588838,202903310.0,0.48,1.11,0.028,1.6
2022-07-29,2.6,2.608,2.612,2.598,1940370,252934269.0,0.55,2.11,0.054,1.96
2022-08-01,2.618,2.62,2.626,2.614,3034474,397646153.0,0.46,0.46,0.012,3.06
2022-08-02,2.62,2.612,2.622,2.612,2229976,291656158.0,0.38,-0.31,-0.008,2.25
2022-08-03,2.612,2.612,2.614,2.606,1954403,255130594.0,0.31,0.0,0.0,1.97
2022-08-04,2.642,2.638,2.648,2.638,1891833,249963417.0,0.38,1.0,0.026,1.91
2022-08-05,2.644,2.648,2.65,2.64,1574873,208375769.0,0.38,0.38,0.01,1.59
2022-08-08,2.64,2.656,2.656,2.634,3391028,448479874.0,0.83,0.3,0.008,3.42
2022-08-09,2.64,2.642,2.646,2.638,1440125,190285688.0,0.3,-0.53,-0.014,1.45
2022-08-10,2.632,2.626,2.634,2.624,1637385,215162656.0,0.38,-0.61,-0.016,1.65
2022-08-11,2.682,2.684,2.688,2.678,1046644,140408581.0,0.38,2.21,0.058,1.05
2022-08-12,2.676,2.684,2.686,2.676,898166,120400914.0,0.37,0.0,0.0,0.91
2022-08-15,2.712,2.722,2.726,2.712,1905373,259179746.0,0.52,1.42,0.038,1.92
2022-08-16,2.744,2.746,2.75,2.742,1547767,212639633.0,0.29,0.88,0.024,1.56
2022-08-17,2.752,2.748,2.756,2.748,1280062,176138669.0,0.29,0.07,0.002,1.29
2022-08-18,2.73,2.73,2.738,2.73,1615584,220870189.0,0.29,-0.66,-0.018,1.63
2022-08-19,2.746,2.734,2.752,2.734,1557222,213796003.0,0.66,0.15,0.004,1.57
2022-08-22,2.706,2.706,2.714,2.704,1893823,256707522.0,0.37,-1.02,-0.028,1.91
2022-08-23,2.678,2.67,2.682,2.664,1946537,260273612.0,0.67,-1.33,-0.036,1.96
2022-08-24,2.668,2.67,2.672,2.654,1768178,235595407.0,0.67,0.0,0.0,1.78
2022-08-25,2.68,2.702,2.704,2.68,1439837,193781906.0,0.9,1.2,0.032,1.45
2022-08-26,2.71,2.716,2.718,2.71,867581,117705679.0,0.3,0.52,0.014,0.87
2022-08-29,2.622,2.628,2.632,2.6,3354632,439613662.0,1.18,-3.24,-0.088,3.38
2022-08-30,2.628,2.636,2.638,2.624,1790069,235538895.0,0.53,0.3,0.008,1.8
2022-08-31,2.604,2.61,2.614,2.604,1684580,219688770.0,0.38,-0.99,-0.026,1.7
2022-09-01,2.568,2.564,2.57,2.554,1868294,239306609.0,0.61,-1.76,-0.046,1.88
2022-09-02,2.58,2.59,2.59,2.578,1294544,167202243.0,0.47,1.01,0.026,1.3
2022-09-05,2.562,2.582,2.582,2.562,1175273,151175663.0,0.77,-0.31,-0.008,1.18
2022-09-06,2.588,2.582,2.588,2.574,1835147,236634761.0,0.54,0.0,0.0,1.85
2022-09-07,2.556,2.562,2.564,2.548,4379781,559296212.0,0.62,-0.77,-0.02,4.41
2022-09-08,2.606,2.608,2.616,2.604,2356394,307364221.0,0.47,1.8,0.046,2.37
2022-09-09,2.624,2.624,2.63,2.62,1836649,241082341.0,0.38,0.61,0.016,1.85
2022-09-13,2.676,2.69,2.69,2.676,1753779,235091545.0,0.53,2.52,0.066,1.77
2022-09-14,2.582,2.58,2.586,2.568,4208355,542604414.0,0.67,-4.09,-0.11,4.24
2022-09-15,2.58,2.582,2.588,2.58,1966013,253921431.0,0.31,0.08,0.002,1.98
2022-09-16,2.546,2.54,2.548,2.536,3293881,419029840.0,0.46,-1.63,-0.042,3.32
2022-09-19,2.542,2.534,2.548,2.532,2604021,330500709.0,0.63,-0.24,-0.006,2.62
2022-09-20,2.562,2.568,2.57,2.558,1895304,243235737.0,0.47,1.34,0.034,1.91
2022-09-21,2.538,2.534,2.544,2.53,3222044,409054361.0,0.55,-1.32,-0.034,3.25
2022-09-22,2.48,2.49,2.496,2.476,4325231,538335403.0,0.79,-1.74,-0.044,4.36
2022-09-23,2.488,2.476,2.488,2.472,1358245,168314141.0,0.64,-0.56,-0.014,1.37
2022-09-26,2.436,2.432,2.45,2.428,2563223,312388661.0,0.89,-1.78,-0.044,2.58
2022-09-27,2.44,2.462,2.464,2.44,1873079,229490182.0,0.99,1.23,0.03,1.89
2022-09-28,2.446,2.432,2.446,2.424,1609754,195840448.0,0.89,-1.22,-0.03,1.62
2022-09-29,2.478,2.476,2.484,2.466,1678345,208003811.0,0.74,1.81,0.044,1.69
2022-09-30,2.43,2.43,2.438,2.42,2513905,305236657.0,0.73,-1.86,-0.046,2.53
2022-10-10,2.42,2.414,2.424,2.406,923625,111703378.0,0.74,-0.66,-0.016,0.93
2022-10-11,2.418,2.41,2.428,2.41,3630838,438532172.0,0.75,-0.17,-0.004,3.66
2022-10-12,2.412,2.424,2.426,2.406,1818027,219330676.0,0.83,0.58,0.014,1.83
2022-10-13,2.404,2.404,2.408,2.4,864297,103868715.0,0.33,-0.83,-0.02,0.87
2022-10-14,2.456,2.48,2.484,2.456,1439707,178070346.0,1.16,3.16,0.076,1.45
2022-10-17,2.424,2.432,2.434,2.42,2115781,256675983.0,0.56,-1.94,-0.048,2.13
2022-10-18,2.486,2.512,2.516,2.48,1830215,228977960.0,1.48,3.29,0.08,1.84
2022-10-19,2.52,2.506,2.528,2.502,1995524,251157041.0,1.04,-0.24,-0.006,2.01
2022-10-20,2.474,2.484,2.488,2.468,1787892,221536389.0,0.8,-0.88,-0.022,1.8
2022-10-21,2.464,2.464,2.47,2.458,1321896,162763316.0,0.48,-0.81,-0.02,1.33
2022-10-24,2.528,2.528,2.542,2.524,2352988,297749271.0,0.73,2.6,0.064,2.37
2022-10-25,2.566,2.576,2.578,2.564,2125839,273364611.0,0.55,1.9,0.048,2.14
2022-10-26,2.584,2.572,2.592,2.566,2638096,340069840.0,1.01,-0.16,-0.004,2.66
2022-10-27,2.582,2.596,2.598,2.58,2995979,387792972.0,0.7,0.93,0.024,3.02
2022-10-28,2.572,2.55,2.574,2.55,919172,117737830.0,0.92,-1.77,-0.046,0.93
2022-10-31,2.63,2.64,2.642,2.63,1743648,229798464.0,0.47,3.53,0.09,1.76
2022-11-01,2.642,2.65,2.652,2.634,2165247,285747751.0,0.68,0.38,0.01,2.18
2022-11-02,2.63,2.626,2.634,2.622,1545758,203101480.0,0.45,-0.91,-0.024,1.56
2022-11-03,2.57,2.576,2.582,2.566,2687614,346024497.0,0.61,-1.9,-0.05,2.71
2022-11-04,2.55,2.55,2.556,2.536,5587019,710700847.0,0.78,-1.01,-0.026,5.63
2022-11-07,2.554,2.568,2.568,2.55,3063410,391915709.0,0.71,0.71,0.018,3.09
2022-11-08,2.594,2.594,2.596,2.588,2279691,295583085.0,0.31,1.01,0.026,2.3
2022-11-09,2.602,2.604,2.624,2.6,2653358,346433406.0,0.93,0.39,0.01,2.67
2022-11-10,2.564,2.566,2.568,2.558,1786420,229121793.0,0.38,-1.46,-0.038,1.8
2022-11-11,2.698,2.678,2.698,2.656,3653796,489153559.0,1.64,4.36,0.112,3.68
2022-11-14,2.676,2.648,2.68,2.644,2385792,317064535.0,1.34,-1.12,-0.03,2.4
2022-11-15,2.642,2.652,2.654,2.642,2375796,314639851.0,0.45,0.15,0.004,2.39
2022-11-16,2.642,2.672,2.678,2.64,3282414,436599269.0,1.43,0.75,0.02,3.31
2022-11-17,2.654,2.67,2.672,2.652,1980835,264006149.0,0.75,-0.07,-0.002,2.0
2022-11-18,2.66,2.652,2.666,2.65,1314593,174708588.0,0.6,-0.67,-0.018,1.32
2022-11-21,2.656,2.672,2.68,2.654,3255345,434323462.0,0.98,0.75,0.02,3.28
2022-11-22,2.67,2.666,2.682,2.664,1668971,223128398.0,0.67,-0.22,-0.006,1.68
2022-11-23,2.692,2.702,2.702,2.692,733470,98995232.0,0.38,1.35,0.036,0.74
2022-11-24,2.724,2.722,2.728,2.72,946178,128791079.0,0.3,0.74,0.02,0.95
2022-11-25,2.732,2.734,2.734,2.726,922633,125916987.0,0.29,0.44,0.012,0.93
2022-11-28,2.73,2.722,2.734,2.716,1581041,215241983.0,0.66,-0.44,-0.012,1.59
2022-11-29,2.698,2.692,2.702,2.684,2072365,278882846.0,0.66,-1.1,-0.03,2.09
2022-11-30,2.672,2.674,2.678,2.67,1741530,232780322.0,0.3,-0.67,-0.018,1.76
2022-12-01,2.726,2.726,2.742,2.716,2540019,346037824.0,0.97,1.94,0.052,2.56
2022-12-02,2.708,2.716,2.716,2.708,958300,130007882.0,0.29,-0.37,-0.01,0.97
2022-12-05,2.69,2.674,2.696,2.668,1998270,267658353.0,1.03,-1.55,-0.042,2.01
2022-12-06,2.64,2.632,2.642,2.63,2509067,330666594.0,0.45,-1.57,-0.042,2.53
2022-12-07,2.598,2.596,2.604,2.594,2886954,375107179.0,0.38,-1.37,-0.036,2.91
2022-12-08,2.58,2.59,2.59,2.578,1751827,226414225.0,0.46,-0.23,-0.006,1.77
2022-12-09,2.6,2.61,2.61,2.598,1380900,179775915.0,0.46,0.77,0.02,1.39
2022-12-12,2.584,2.588,2.59,2.584,1087828,140708951.0,0.23,-0.84,-0.022,1.1
2022-12-13,2.624,2.628,2.63,2.622,1366820,179426001.0,0.31,1.55,0.04,1.38
2022-12-14,2.644,2.65,2.65,2.642,1064716,140917034.0,0.3,0.84,0.022,1.07
2022-12-15,2.628,2.626,2.63,2.62,981047,128728052.0,0.38,-0.91,-0.024,0.99
2022-12-16,2.564,2.568,2.57,2.562,1928690,247407881.0,0.3,-2.21,-0.058,1.94
2022-12-19,2.542,2.54,2.546,2.54,1404986,178594360.0,0.23,-1.09,-0.028,1.42
2022-12-20,2.52,2.502,2.526,2.492,3250357,407574049.0,1.34,-1.5,-0.038,3.28
2022-12-21,2.524,2.532,2.534,2.524,1783452,225451241.0,0.4,1.2,0.03,1.8
2022-12-22,2.564,2.562,2.568,2.562,1125892,144390364.0,0.24,1.18,0.03,1.13
2022-12-23,2.522,2.532,2.532,2.522,1950698,246507747.0,0.39,-1.17,-0.03,1.97
2022-12-26,2.54,2.54,2.544,2.538,704950,89536036.0,0.24,0.32,0.008,0.71
2022-12-27,2.552,2.548,2.554,2.544,801650,102176770.0,0.39,0.31,0.008,0.81
2022-12-28,2.52,2.52,2.524,2.516,1935517,243878627.0,0.31,-1.1,-0.028,1.95
2022-12-29,2.49,2.488,2.496,2.484,2058254,256176093.0,0.48,-1.27,-0.032,2.07
2022-12-30,2.522,2.51,2.526,2.51,1614353,203266527.0,0.64,0.88,0.022,1.63
2023-01-03,2.5,2.5,2.504,2.492,3182964,397489635.0,0.48,-0.4,-0.01,3.21
2023-01-04,2.494,2.49,2.498,2.486,2553710,318032859.0,0.48,-0.4,-0.01,2.57
2023-01-05,2.5,2.492,2.502,2.49,3550161,443052569.0,0.48,0.08,0.002,3.58
2023-01-06,2.474,2.476,2.482,2.47,2835184,350939931.0,0.48,-0.64,-0.016,2.86
2023-01-09,2.508,2.508,2.51,2.502,1975588,247437439.0,0.32,1.29,0.032,1.99
2023-01-10,2.496,2.496,2.498,2.484,2871258,357545502.0,0.56,-0.48,-0.012,2.89
2023-01-11,2.51,2.512,2.516,2.508,2254070,283026151.0,0.32,0.64,0.016,2.27
2023-01-12,2.528,2.528,2.532,2.524,2048980,259038965.0,0.32,0.64,0.016,2.06
2023-01-13,2.526,2.522,2.526,2.518,1108488,139741108.0,0.32,-0.24,-0.006,1.12
2023-01-16,2.526,2.524,2.528,2.52,1859250,234611931.0,0.32,0.08,0.002,1.87
2023-01-17,2.528,2.534,2.536,2.526,1193614,151152514.0,0.4,0.4,0.01,1.2
2023-01-18,2.532,2.546,2.55,2.53,1366548,173665543.0,0.79,0.47,0.012,1.38
2023-01-19,2.5,2.496,2.504,2.496,2060328,257536771.0,0.31,-1.96,-0.05,2.08
2023-01-20,2.486,2.5,2.502,2.484,1691937,210963045.0,0.72,0.16,0.004,1.71
2023-01-30,2.568,2.568,2.574,2.566,2964520,380899356.0,0.32,2.72,0.068,2.99
2023-01-31,2.552,2.546,2.556,2.544,1279524,163122900.0,0.47,-0.86,-0.022,1.29
2023-02-01,2.574,2.58,2.58,2.572,1557982,200668242.0,0.31,1.34,0.034,1.57
2023-02-02,2.602,2.606,2.608,2.6,1328144,172868356.0,0.31,1.01,0.026,1.34
2023-02-03,2.63,2.628,2.632,2.626,1382468,181780775.0,0.23,0.84,0.022,1.39
2023-02-06,2.63,2.618,2.636,2.618,1244153,163404771.0,0.68,-0.38,-0.01,1.25
2023-02-07,2.624,2.622,2.626,2.62,708030,92867246.0,0.23,0.15,0.004,0.71
2023-02-08,2.642,2.65,2.652,2.642,1501436,198742625.0,0.38,1.07,0.028,1.51
2023-02-09,2.63,2.64,2.642,2.63,2589860,341501559.0,0.45,-0.38,-0.01,2.61
2023-02-10,2.604,2.604,2.61,2.604,1090537,142110073.0,0.23,-1.36,-0.036,1.1
2023-02-13,2.608,2.618,2.618,2.608,797244,104255585.0,0.38,0.54,0.014,0.8
2023-02-14,2.644,2.652,2.652,2.644,1167357,154576510.0,0.31,1.3,0.034,1.18
2023-02-15,2.65,2.646,2.652,2.644,736631,97497933.0,0.3,-0.23,-0.006,0.74
2023-02-16,2.672,2.676,2.678,2.67,940281,125698929.0,0.3,1.13,0.03,0.95
2023-02-17,2.646,2.632,2.648,2.63,731021,96343402.0,0.67,-1.64,-0.044,0.74
2023-02-20,2.634,2.634,2.638,2.63,914389,120418007.0,0.3,0.08,0.002,0.92
2023-02-21,2.624,2.626,2.628,2.622,659342,86529748.0,0.23,-0.3,-0.008,0.66
2023-02-22,2.586,2.596,2.6,2.586,948190,123053977.0,0.53,-1.14,-0.03,0.96
2023-02-23,2.602,2.6,2.602,2.596,677455,88022290.0,0.23,0.15,0.004,0.68
2023-02-24,2.606,2.614,2.616,2.604,673538,87902002.0,0.46,0.54,0.014,0.68
2023-02-27,2.604,2.602,2.608,2.6,736889,95937977.0,0.31,-0.46,-0.012,0.74
2023-02-28,2.614,2.602,2.614,2.598,613022,79766906.0,0.61,0.0,0.0,0.62
2023-03-01,2.586,2.582,2.588,2.58,1822190,235345069.0,0.31,-0.77,-0.02,1.84
2023-03-02,2.564,2.556,2.564,2.548,1685387,215275438.0,0.62,-1.01,-0.026,1.7
2023-03-03,2.576,2.584,2.584,2.574,1093549,141078796.0,0.39,1.1,0.028,1.1
2023-03-06,2.624,2.632,2.636,2.622,1317973,173283970.0,0.54,1.86,0.048,1.33
2023-03-07,2.642,2.64,2.648,2.64,1105346,146088268.0,0.3,0.3,0.008,1.11
2023-03-08,2.612,2.608,2.616,2.606,881025,115014948.0,0.38,-1.21,-0.032,0.89
2023-03-09,2.61,2.614,2.616,2.606,744654,97232898.0,0.38,0.23,0.006,0.75
2023-03-10,2.558,2.55,2.56,2.546,1754948,224108587.0,0.54,-2.45,-0.064,1.77
2023-03-13,2.54,2.554,2.556,2.536,2489614,316623002.0,0.78,0.16,0.004,2.51
2023-03-14,2.502,2.502,2.522,2.492,2231361,279318117.0,1.17,-2.04,-0.052,2.25
2023-03-15,2.54,2.544,2.544,2.536,1535255,194997831.0,0.32,1.68,0.042,1.55
2023-03-16,2.53,2.528,2.542,2.528,1174695,148922574.0,0.55,-0.63,-0.016,1.18
2023-03-17,2.566,2.562,2.566,2.556,1163353,149008450.0,0.4,1.34,0.034,1.17
2023-03-20,2.55,2.518,2.552,2.512,1780639,226098640.0,1.56,-1.72,-0.044,1.79
2023-03-21,2.556,2.562,2.564,2.556,1025774,131321833.0,0.32,1.75,0.044,1.03
2023-03-22,2.586,2.59,2.594,2.586,1166899,151173600.0,0.31,1.09,0.028,1.18
2023-03-23,2.548,2.548,2.554,2.544,1871087,238409885.0,0.39,-1.62,-0.042,1.89
2023-03-24,2.546,2.552,2.554,2.538,1251170,159369174.0,0.63,0.16,0.004,1.26
2023-03-27,2.574,2.584,2.586,2.574,1282239,165364589.0,0.47,1.25,0.032,1.29
2023-03-28,2.574,2.582,2.584,2.572,821433,105843648.0,0.46,-0.08,-0.002,0.83
2023-03-29,2.58,2.592,2.594,2.576,787513,101781316.0,0.7,0.39,0.01,0.79
2023-03-30,2.612,2.61,2.616,2.608,959719,125303019.0,0.31,0.69,0.018,0.97
2023-03-31,2.622,2.616,2.622,2.614,1014246,132738110.0,0.31,0.23,0.006,1.02
2023-04-03,2.65,2.652,2.654,2.648,915338,121353062.0,0.23,1.38,0.036,0.92
2023-04-04,2.662,2.668,2.668,2.662,827667,110299059.0,0.23,0.6,0.016,0.83
2023-04-06,2.644,2.642,2.644,2.638,838756,110755302.0,0.22,-0.97,-0.026,0.85
2023-04-07,2.652,2.652,2.654,2.648,948519,125722947.0,0.23,0.38,0.01,0.96
2023-04-10,2.652,2.65,2.658,2.648,438843,58230808.0,0.38,-0.08,-0.002,0.44
2023-04-11,2.662,2.664,2.664,2.66,538491,71683614.0,0.15,0.53,0.014,0.54
2023-04-12,2.664,2.66,2.664,2.658,907352,120727160.0,0.23,-0.15,-0.004,0.91
2023-04-13,2.646,2.65,2.652,2.642,868566,114907997.0,0.38,-0.38,-0.01,0.88
2023-04-14,2.676,2.664,2.678,2.662,759902,101372327.0,0.6,0.53,0.014,0.77
2023-04-17,2.678,2.678,2.682,2.674,531228,71140865.0,0.3,0.53,0.014,0.54
2023-04-18,2.68,2.682,2.686,2.68,632172,84782497.0,0.22,0.15,0.004,0.64
2023-04-19,2.684,2.682,2.684,2.68,540698,72515360.0,0.15,0.0,0.0,0.54
2023-04-20,2.682,2.68,2.688,2.678,865885,116224039.0,0.37,-0.07,-0.002,0.87
2023-04-21,2.672,2.672,2.674,2.668,594060,79368562.0,0.22,-0.3,-0.008,0.6
2023-04-24,2.672,2.668,2.678,2.666,829944,110913656.0,0.45,-0.15,-0.004,0.84
2023-04-25,2.678,2.678,2.68,2.676,583124,78074704.0,0.15,0.37,0.01,0.59
2023-04-26,2.666,2.66,2.67,2.66,1161876,154650969.0,0.37,-0.67,-0.018,1.17
2023-04-27,2.648,2.646,2.65,2.646,791090,104735970.0,0.15,-0.53,-0.014,0.8
2023-04-28,2.686,2.686,2.69,2.682,1236774,166126902.0,0.3,1.51,0.04,1.25
2023-05-04,2.654,2.662,2.662,2.65,1196714,158912658.0,0.45,-0.89,-0.024,1.21
2023-05-05,2.652,2.652,2.654,2.646,667732,88467383.0,0.3,-0.38,-0.01,0.67
2023-05-08,2.684,2.688,2.69,2.684,847383,113807663.0,0.23,1.36,0.036,0.85
2023-05-09,2.688,2.69,2.692,2.688,721542,97069567.0,0.15,0.07,0.002,0.73
2023-05-10,2.686,2.69,2.69,2.682,695832,93468987.0,0.3,0.0,0.0,0.7
2023-05-11,2.702,2.704,2.708,2.702,1093224,147855616.0,0.22,0.52,0.014,1.1
2023-05-12,2.708,2.706,2.71,2.704,654960,88611604.0,0.22,0.07,0.002,0.66
2023-05-15,2.698,2.706,2.708,2.696,753742,101813188.0,0.44,0.0,0.0,0.76
2023-05-16,2.704,2.704,2.708,2.702,581438,78632358.0,0.22,-0.07,-0.002,0.59
2023-05-17,2.706,2.71,2.714,2.706,751271,101791861.0,0.3,0.22,0.006,0.76
2023-05-18,2.738,2.746,2.746,2.736,918986,125987315.0,0.37,1.33,0.036,0.93
2023-05-19,2.786,2.788,2.798,2.786,3499717,488620586.0,0.44,1.53,0.042,3.53
2023-05-22,2.77,2.776,2.78,2.77,1259979,174884769.0,0.36,-0.43,-0.012,1.27
2023-05-23,2.79,2.788,2.798,2.786,1108185,154623071.0,0.43,0.43,0.012,1.12
2023-05-24,2.762,2.762,2.768,2.754,1451237,200277361.0,0.5,-0.93,-0.026,1.46
2023-05-25,2.754,2.76,2.76,2.75,1723102,237402357.0,0.36,-0.07,-0.002,1.74
2023-05-26,2.76,2.758,2.762,2.754,888793,122570791.0,0.29,-0.07,-0.002,0.9
2023-05-29,2.806,2.814,2.814,2.804,1224982,171992566.0,0.36,2.03,0.056,1.23
2023-05-30,2.808,2.826,2.828,2.806,1047513,147535384.0,0.78,0.43,0.012,1.06
2023-05-31,2.812,2.804,2.82,2.8,1270819,178656324.0,0.71,-0.78,-0.022,1.28
2023-06-01,2.8,2.808,2.81,2.794,869517,121787540.0,0.57,0.14,0.004,0.88
2023-06-02,2.828,2.824,2.83,2.816,1172405,165474154.0,0.5,0.57,0.016,1.18
2023-06-05,2.864,2.876,2.878,2.862,1435973,205928531.0,0.57,1.84,0.052,1.45
2023-06-06,2.868,2.866,2.872,2.864,957900,137359290.0,0.28,-0.35,-0.01,0.97
2023-06-07,2.872,2.88,2.884,2.87,1086606,156316741.0,0.49,0.49,0.014,1.1
2023-06-08,2.872,2.866,2.878,2.864,1280196,183735789.0,0.49,-0.49,-0.014,1.29
2023-06-09,2.88,2.882,2.89,2.876,1766414,254633322.0,0.49,0.56,0.016,1.78
2023-06-12,2.896,2.906,2.906,2.896,977433,141871998.0,0.35,0.83,0.024,0.99
2023-06-13,2.93,2.942,2.944,2.928,1983998,291482207.0,0.55,1.24,0.036,2.0
2023-06-14,2.956,2.952,2.956,2.948,1242121,183331417.0,0.27,0.34,0.01,1.25
2023-06-15,2.956,2.944,2.958,2.938,2172845,320317074.0,0.68,-0.27,-0.008,2.19
2023-06-16,2.964,2.968,2.974,2.962,1656276,245780511.0,0.41,0.82,0.024,1.67
2023-06-19,2.966,2.968,2.968,2.964,761145,112866821.0,0.13,0.0,0.0,0.77
2023-06-20,2.968,2.974,2.98,2.968,787514,117154515.0,0.4,0.2,0.006,0.79
2023-06-21,2.974,2.974,2.98,2.972,1205427,179390533.0,0.27,0.0,0.0,1.21
2023-06-26,2.956,2.964,2.966,2.956,1139579,168754719.0,0.34,-0.34,-0.01,1.15
2023-06-27,2.956,2.948,2.956,2.944,1126174,166023380.0,0.4,-0.54,-0.016,1.13
2023-06-28,2.97,2.978,2.98,2.97,1100214,163704799.0,0.34,1.02,0.03,1.11
2023-06-29,2.988,2.992,2.996,2.988,1089485,163063000.0,0.27,0.47,0.014,1.1
2023-06-30,3.012,3.006,3.014,3.004,1328655,199933761.0,0.33,0.47,0.014,1.34
2023-07-03,3.042,3.044,3.046,3.036,1627550,247445772.0,0.33,1.26,0.038,1.64
2023-07-04,3.04,3.032,3.042,3.032,1039513,157947414.0,0.33,-0.39,-0.012,1.05
2023-07-05,3.034,3.03,3.034,3.028,782437,118615293.0,0.2,-0.07,-0.002,0.79
2023-07-06,3.034,3.024,3.036,3.022,1012752,153297610.0,0.46,-0.2,-0.006,1.02
2023-07-07,3.006,3.004,3.014,3.002,1689896,254041685.0,0.4,-0.66,-0.02,1.7
2023-07-10,2.988,2.984,2.992,2.984,826143,123392002.0,0.27,-0.67,-0.02,0.83
2023-07-11,3.0,2.998,3.004,2.99,839456,125831930.0,0.47,0.47,0.014,0.85
2023-07-12,3.01,3.012,3.012,3.004,777240,116907368.0,0.27,0.47,0.014,0.78
2023-07-13,3.026,3.032,3.034,3.024,1198616,181584486.0,0.33,0.66,0.02,1.21
2023-07-14,3.038,3.026,3.038,3.024,1136577,172293529.0,0.46,-0.2,-0.006,1.15
2023-07-17,3.03,3.042,3.042,3.028,1015649,154184212.0,0.46,0.53,0.016,1.02
2023-07-18,3.05,3.056,3.058,3.048,868373,132566475.0,0.33,0.46,0.014,0.88
2023-07-19,3.086,3.104,3.106,3.086,1695441,262667172.0,0.65,1.57,0.048,1.71
2023-07-20,3.098,3.082,3.098,3.08,1605045,247848040.0,0.58,-0.71,-0.022,1.62
2023-07-21,3.062,3.072,3.074,3.06,1284214,196982269.0,0.45,-0.32,-0.01,1.29
2023-07-24,3.07,3.082,3.084,3.068,1330105,204719275.0,0.52,0.33,0.01,1.34
2023-07-25,3.08,3.076,3.08,3.07,1532622,235640147.0,0.32,-0.19,-0.006,1.54
2023-07-26,3.082,3.082,3.084,3.078,805480,124061086.0,0.2,0.2,0.006,0.81
2023-07-27,3.084,3.09,3.092,3.074,1521880,234557145.0,0.58,0.26,0.008,1.53
2023-07-28,3.07,3.068,3.074,3.062,1831845,280991135.0,0.39,-0.71,-0.022,1.85
2023-07-31,3.084,3.078,3.086,3.074,1466143,225672475.0,0.39,0.33,0.01,1.48
2023-08-01,3.092,3.098,3.1,3.09,1157801,179340860.0,0.32,0.65,0.02,1.17
2023-08-02,3.084,3.074,3.086,3.072,1725216,265534069.0,0.45,-0.77,-0.024,1.74
2023-08-03,3.05,3.046,3.058,3.046,1695616,258874100.0,0.39,-0.91,-0.028,1.71
2023-08-04,3.04,3.052,3.058,3.038,1343717,204825892.0,0.66,0.2,0.006,1.35
2023-08-07,3.034,3.036,3.042,3.034,1327262,201557687.0,0.26,-0.52,-0.016,1.34
2023-08-08,3.056,3.058,3.06,3.052,806956,123330002.0,0.26,0.72,0.022,0.81
2023-08-09,3.056,3.058,3.058,3.05,779762,119053853.0,0.26,0.0,0.0,0.79
2023-08-10,3.04,3.042,3.042,3.034,679413,103234355.0,0.26,-0.52,-0.016,0.68
2023-08-11,3.042,3.044,3.046,3.038,566344,86134817.0,0.26,0.07,0.002,0.57
2023-08-14,3.046,3.05,3.05,3.04,1079149,164310360.0,0.33,0.2,0.006,1.09
2023-08-15,3.076,3.082,3.086,3.076,1362642,210011098.0,0.33,1.05,0.032,1.37
2023-08-16,3.056,3.048,3.056,3.044,1042731,158923696.0,0.39,-1.1,-0.034,1.05
2023-08-17,3.026,3.03,3.034,3.024,1335221,202204468.0,0.33,-0.59,-0.018,1.35
2023-08-18,2.99,2.994,2.998,2.988,1720350,257391709.0,0.33,-1.19,-0.036,1.73
2023-08-21,2.994,3.006,3.006,2.992,2291253,343838014.0,0.47,0.4,0.012,2.31
2023-08-22,3.006,3.018,3.02,3.002,2101004,316377723.0,0.6,0.4,0.012,2.12
2023-08-23,3.014,3.02,3.02,3.012,999433,150749653.0,0.27,0.07,0.002,1.01
2023-08-24,3.056,3.064,3.072,3.054,3891149,596423920.0,0.6,1.46,0.044,3.92
2023-08-25,3.006,3.002,3.008,2.998,1152175,173088603.0,0.33,-2.02,-0.062,1.16
2023-08-28,3.016,3.03,3.032,3.014,827524,125195727.0,0.6,0.93,0.028,0.83
2023-08-29,3.046,3.048,3.052,3.042,1029964,156899341.0,0.33,0.59,0.018,1.04
2023-08-30,3.088,3.09,3.094,3.088,1083161,167450217.0,0.2,1.38,0.042,1.09
2023-08-31,3.098,3.106,3.112,3.098,1472921,228790957.0,0.45,0.52,0.016,1.48
2023-09-01,3.084,3.088,3.094,3.082,772000,119258530.0,0.39,-0.58,-0.018,0.78
2023-09-04,3.092,3.094,3.098,3.09,802455,124155903.0,0.26,0.19,0.006,0.81
2023-09-05,3.092,3.096,3.1,3.092,615692,95314229.0,0.26,0.06,0.002,0.62
2023-09-06,3.096,3.096,3.1,3.092,681220,105487353.0,0.26,0.0,0.0,0.69
2023-09-07,3.076,3.07,3.078,3.07,714217,109788928.0,0.26,-0.84,-0.026,0.72
2023-09-08,3.076,3.088,3.09,3.074,816142,125779708.0,0.52,0.59,0.018,0.82
2023-09-11,3.086,3.072,3.088,3.062,1248707,191839268.0,0.84,-0.52,-0.016,1.26
2023-09-12,3.078,3.082,3.084,3.076,596768,91894098.0,0.26,0.33,0.01,0.6
2023-09-13,3.064,3.06,3.066,3.056,1126912,172364910.0,0.32,-0.71,-0.022,1.14
2023-09-14,3.066,3.074,3.076,3.064,891516,136897242.0,0.39,0.46,0.014,0.9
2023-09-15,3.098,3.096,3.1,3.084,1146131,177250631.0,0.52,0.72,0.022,1.16
2023-09-18,3.056,3.062,3.066,3.056,754705,115535324.0,0.32,-1.1,-0.034,0.76
2023-09-19,3.062,3.06,3.066,3.058,641513,98202785.0,0.26,-0.07,-0.002,0.65
2023-09-20,3.056,3.056,3.06,3.052,687076,104991679.0,0.26,-0.13,-0.004,0.69
2023-09-21,3.024,3.024,3.024,3.014,1292650,195069029.0,0.33,-1.05,-0.032,1.3
2023-09-22,2.978,2.986,2.986,2.976,1386959,206749980.0,0.33,-1.26,-0.038,1.4
2023-09-25,2.976,2.98,2.982,2.97,1158746,172555291.0,0.4,-0.2,-0.006,1.17
2023-09-26,2.978,2.966,2.98,2.966,1050651,156163815.0,0.47,-0.47,-0.014,1.06
2023-09-27,2.946,2.95,2.952,2.94,2182767,321435784.0,0.4,-0.54,-0.016,2.2
2023-09-28,2.954,2.942,2.954,2.94,1316512,193887436.0,0.47,-0.27,-0.008,1.33
2023-10-09,2.944,2.94,2.946,2.932,1404122,206162150.0,0.48,-0.07,-0.002,1.42
2023-10-10,2.978,2.98,2.98,2.974,867845,129144761.0,0.2,1.36,0.04,0.87
2023-10-11,2.992,2.998,3.0,2.99,722789,108209114.0,0.34,0.6,0.018,0.73
2023-10-12,3.014,3.02,3.02,3.014,808137,121905495.0,0.2,0.73,0.022,0.81
2023-10-13,3.0,2.994,3.0,2.992,857126,128370545.0,0.26,-0.86,-0.026,0.86
2023-10-16,2.984,2.992,2.992,2.984,979112,146295118.0,0.27,-0.07,-0.002,0.99
2023-10-17,3.012,3.014,3.014,3.008,751921,113195400.0,0.2,0.74,0.022,0.76
2023-10-18,3.008,3.01,3.016,3.004,1129600,170000655.0,0.4,-0.13,-0.004,1.14
2023-10-19,2.986,2.97,2.988,2.964,1162066,172581928.0,0.8,-1.33,-0.04,1.17
2023-10-20,2.942,2.934,2.944,2.93,2137497,313750072.0,0.47,-1.21,-0.036,2.15
2023-10-23,2.91,2.914,2.914,2.906,1795474,261300294.0,0.27,-0.68,-0.02,1.81
2023-10-24,2.906,2.91,2.912,2.896,1462603,212426433.0,0.55,-0.14,-0.004,1.47
2023-10-25,2.916,2.912,2.92,2.91,605334,88245906.0,0.34,0.07,0.002,0.61
2023-10-26,2.866,2.866,2.87,2.86,1447441,207356604.0,0.34,-1.58,-0.046,1.46
2023-10-27,2.86,2.866,2.866,2.858,1032017,147787861.0,0.28,0.0,0.0,1.04
2023-10-30,2.852,2.854,2.854,2.844,994988,141695776.0,0.35,-0.42,-0.012,1.0
2023-10-31,2.864,2.862,2.866,2.856,967181,138344813.0,0.35,0.28,0.008,0.97
2023-11-01,2.88,2.892,2.894,2.878,1081064,155904984.0,0.56,1.05,0.03,1.09
2023-11-02,2.924,2.926,2.932,2.922,1046117,153153689.0,0.35,1.18,0.034,1.05
2023-11-03,2.97,2.972,2.974,2.968,810324,120362178.0,0.21,1.57,0.046,0.82
2023-11-06,2.988,2.988,2.992,2.986,783588,117057745.0,0.2,0.54,0.016,0.79
2023-11-07,2.984,2.984,2.988,2.98,838509,125072506.0,0.27,-0.13,-0.004,0.85
2023-11-08,2.994,2.994,2.998,2.99,635199,95077602.0,0.27,0.34,0.01,0.64
2023-11-09,2.996,3.01,3.01,2.994,741040,111264734.0,0.53,0.53,0.016,0.75
2023-11-10,2.99,2.986,2.99,2.98,567001,84601334.0,0.33,-0.8,-0.024,0.57
2023-11-13,3.024,3.026,3.028,3.02,959236,144972120.0,0.27,1.34,0.04,0.97
2023-11-14,3.024,3.036,3.036,3.022,976650,148105059.0,0.46,0.33,0.01,0.98
2023-11-15,3.086,3.078,3.088,3.074,926938,142647425.0,0.46,1.38,0.042,0.93
2023-11-16,3.076,3.082,3.084,3.07,1063853,163653862.0,0.45,0.13,0.004,1.07
2023-11-17,3.084,3.08,3.088,3.076,2421909,373296843.0,0.39,-0.06,-0.002,2.44
2023-11-20,3.064,3.048,3.068,3.046,1830395,279585298.0,0.71,-1.04,-0.032,1.84
2023-11-21,3.06,3.06,3.066,3.058,524085,80237750.0,0.26,0.39,0.012,0.53
2023-11-22,3.056,3.056,3.056,3.05,1348124,205787769.0,0.2,-0.13,-0.004,1.36
2023-11-23,3.068,3.066,3.074,3.062,892123,136818386.0,0.39,0.33,0.01,0.9
2023-11-24,3.068,3.07,3.072,3.066,439638,67484102.0,0.2,0.13,0.004,0.44
2023-11-27,3.068,3.068,3.068,3.06,644983,98798698.0,0.26,-0.07,-0.002,0.65
2023-11-28,3.066,3.07,3.07,3.066,471473,72330386.0,0.13,0.07,0.002,0.48
2023-11-29,3.064,3.064,3.066,3.06,525499,80490523.0,0.2,-0.2,-0.006,0.53
2023-11-30,3.064,3.062,3.07,3.058,699741,107205923.0,0.39,-0.07,-0.002,0.71
2023-12-01,3.07,3.078,3.08,3.07,802561,123446965.0,0.33,0.52,0.016,0.81
2023-12-04,3.088,3.094,3.096,3.086,940068,145265024.0,0.32,0.52,0.016,0.95
2023-12-05,3.078,3.068,3.078,3.068,473204,72759454.0,0.32,-0.84,-0.026,0.48
2023-12-06,3.09,3.092,3.092,3.088,609862,94254615.0,0.13,0.78,0.024,0.61
2023-12-07,3.072,3.066,3.078,3.066,674724,103580225.0,0.39,-0.84,-0.026,0.68
2023-12-08,3.088,3.09,3.094,3.086,846715,130842642.0,0.26,0.78,0.024,0.85
2023-12-11,3.114,3.118,3.124,3.112,868830,135457083.0,0.39,0.91,0.028,0.88
2023-12-12,3.132,3.134,3.14,3.13,1286467,201633245.0,0.32,0.51,0.016,1.3
2023-12-13,3.15,3.152,3.158,3.148,1033878,163077527.0,0.32,0.57,0.018,1.04
2023-12-14,3.188,3.186,3.192,3.182,1773817,282561453.0,0.32,1.08,0.034,1.79
2023-12-15,3.174,3.172,3.178,3.168,1354442,214910818.0,0.31,-0.44,-0.014,1.37
2023-12-18,3.18,3.186,3.186,3.178,728628,115947167.0,0.25,0.44,0.014,0.73
2023-12-19,3.196,3.202,3.202,3.194,679754,108695549.0,0.25,0.5,0.016,0.69
2023-12-20,3.21,3.218,3.22,3.21,1119707,180050612.0,0.31,0.5,0.016,1.13
2023-12-21,3.174,3.176,3.178,3.166,2964855,470164680.0,0.37,-1.31,-0.042,2.99
2023-12-22,3.196,3.194,3.198,3.188,985222,157222034.0,0.31,0.57,0.018,0.99
2023-12-25,3.2,3.2,3.204,3.196,387992,62040307.0,0.25,0.19,0.006,0.39
2023-12-26,3.202,3.21,3.212,3.2,1171438,187859736.0,0.38,0.31,0.01,1.18
2023-12-27,3.216,3.216,3.218,3.21,1087976,174885022.0,0.25,0.19,0.006,1.1
2023-12-28,3.22,3.21,3.22,3.206,1131789,181858431.0,0.44,-0.19,-0.006,1.14
2023-12-29,3.204,3.206,3.21,3.196,1387400,222283371.0,0.44,-0.12,-0.004,1.4
2024-01-02,3.2,3.214,3.214,3.2,635475,101959791.0,0.44,0.25,0.008,0.64
2024-01-03,3.194,3.19,3.2,3.19,1084673,173260596.0,0.31,-0.75,-0.024,1.09
2024-01-04,3.176,3.178,3.18,3.172,683809,108630401.0,0.25,-0.38,-0.012,0.69
2024-01-05,3.172,3.164,3.176,3.164,866172,137329775.0,0.38,-0.44,-0.014,0.87
2024-01-08,3.172,3.168,3.174,3.166,931610,147615543.0,0.25,0.13,0.004,0.94
2024-01-09,3.21,3.222,3.222,3.21,1970037,317031260.0,0.38,1.7,0.054,1.99
2024-01-10,3.222,3.22,3.226,3.218,1277460,205829049.0,0.25,-0.06,-0.002,1.29
2024-01-11,3.24,3.246,3.246,3.238,1368574,221892302.0,0.25,0.81,0.026,1.38
2024-01-12,3.23,3.232,3.232,3.224,923408,149069908.0,0.25,-0.43,-0.014,0.93
2024-01-15,3.238,3.248,3.25,3.236,1240203,201070930.0,0.43,0.5,0.016,1.25
2024-01-16,3.238,3.232,3.24,3.232,853985,138176678.0,0.25,-0.49,-0.016,0.86
2024-01-17,3.238,3.218,3.24,3.216,2173808,350979166.0,0.74,-0.43,-0.014,2.19
2024-01-18,3.218,3.22,3.222,3.21,1319013,212185970.0,0.37,0.06,0.002,1.33
2024-01-19,3.246,3.252,3.256,3.244,2108838,342871913.0,0.37,0.99,0.032,2.13
2024-01-22,3.302,3.304,3.31,3.296,3260748,538244701.0,0.43,1.6,0.052,3.29
2024-01-23,3.302,3.312,3.33,3.29,3124121,516504622.0,1.21,0.24,0.008,3.15
2024-01-24,3.32,3.348,3.376,3.316,2486817,416181248.0,1.81,1.09,0.036,2.51
2024-01-25,3.344,3.332,3.344,3.31,1586860,263800332.0,1.02,-0.48,-0.016,1.6
2024-01-26,3.33,3.308,3.342,3.306,2177410,361309906.0,1.08,-0.72,-0.024,2.19
2024-01-29,3.308,3.322,3.324,3.308,968075,160492883.0,0.48,0.42,0.014,0.98
2024-01-30,3.348,3.362,3.362,3.346,1393901,233778745.0,0.48,1.2,0.04,1.4
2024-01-31,3.34,3.348,3.352,3.332,1602879,267863633.0,0.59,-0.42,-0.014,1.62
2024-02-01,3.31,3.32,3.324,3.298,1660664,274483266.0,0.78,-0.84,-0.028,1.67
2024-02-02,3.354,3.376,3.378,3.354,1270892,213788705.0,0.72,1.69,0.056,1.28
2024-02-05,3.404,3.39,3.406,3.366,1756807,297280230.0,1.18,0.41,0.014,1.77
2024-02-06,3.384,3.39,3.398,3.372,1301725,220149046.0,0.77,0.0,0.0,1.31
2024-02-07,3.388,3.402,3.41,3.382,1249245,212010190.0,0.83,0.35,0.012,1.26
2024-02-08,3.43,3.49,3.5,3.43,1725307,298901827.0,2.06,2.59,0.088,1.74
2024-02-19,3.478,3.474,3.482,3.438,970140,168324183.0,1.26,-0.46,-0.016,0.98
2024-02-20,3.476,3.462,3.478,3.454,733833,127020254.0,0.69,-0.35,-0.012,0.74
2024-02-21,3.44,3.434,3.446,3.424,1890579,324557056.0,0.64,-0.81,-0.028,1.91
2024-02-22,3.458,3.482,3.484,3.456,936389,162574149.0,0.82,1.4,0.048,0.94
2024-02-23,3.524,3.532,3.55,3.524,1187910,210113441.0,0.75,1.44,0.05,1.2
2024-02-26,3.528,3.51,3.528,3.504,1003777,176391082.0,0.68,-0.62,-0.022,1.01
2024-02-27,3.502,3.522,3.528,3.494,1475569,259525661.0,0.97,0.34,0.012,1.49
2024-02-28,3.524,3.566,3.572,3.518,1679058,297610305.0,1.53,1.25,0.044,1.69
2024-02-29,3.554,3.544,3.556,3.53,2247553,397959269.0,0.73,-0.62,-0.022,2.27
2024-03-01,3.564,3.562,3.578,3.56,1586048,282869633.0,0.51,0.51,0.018,1.6
2024-03-04,3.578,3.588,3.592,3.578,1256753,225420086.0,0.39,0.73,0.026,1.27
2024-03-05,3.568,3.578,3.584,3.562,1200737,214805007.0,0.61,-0.28,-0.01,1.21
2024-03-06,3.552,3.562,3.568,3.544,1700494,302389889.0,0.67,-0.45,-0.016,1.71
2024-03-07,3.568,3.552,3.576,3.544,1545118,275174455.0,0.9,-0.28,-0.01,1.56
2024-03-08,3.582,3.6,3.602,3.582,1533657,275511518.0,0.56,1.35,0.048,1.55
2024-03-11,3.58,3.588,3.588,3.56,1488654,266138060.0,0.78,-0.33,-0.012,1.5
2024-03-12,3.588,3.576,3.598,3.57,1399737,250544879.0,0.78,-0.33,-0.012,1.41
2024-03-13,3.6,3.566,3.6,3.56,1416734,253649927.0,1.12,-0.28,-0.01,1.43
2024-03-14,3.568,3.568,3.568,3.556,751823,133876895.0,0.34,0.06,0.002,0.76
2024-03-15,3.556,3.55,3.564,3.548,1072428,190751816.0,0.45,-0.5,-0.018,1.08
2024-03-18,3.546,3.562,3.564,3.528,1535795,272051795.0,1.01,0.34,0.012,1.55
2024-03-19,3.55,3.548,3.56,3.544,1177598,209153468.0,0.45,-0.39,-0.014,1.19
2024-03-20,3.566,3.58,3.584,3.558,1261109,225248737.0,0.73,0.9,0.032,1.27
2024-03-21,3.602,3.652,3.68,3.6,2423573,440845424.0,2.23,2.01,0.072,2.44
2024-03-22,3.654,3.674,3.704,3.638,2359895,434298642.0,1.81,0.6,0.022,2.38
2024-03-25,3.676,3.65,3.692,3.632,2226642,407909894.0,1.63,-0.65,-0.024,2.24
2024-03-26,3.652,3.664,3.666,3.642,1045619,191047358.0,0.66,0.38,0.014,1.05
2024-03-27,3.654,3.688,3.696,3.65,1283638,235426261.0,1.26,0.66,0.024,1.29
2024-03-28,3.702,3.736,3.754,3.696,3028368,564050725.0,1.57,1.3,0.048,3.05
2024-03-29,3.736,3.712,3.798,3.704,3633389,683046836.0,2.52,-0.64,-0.024,3.66
2024-04-01,3.726,3.698,3.772,3.69,1996979,371698861.0,2.21,-0.38,-0.014,2.01
2024-04-02,3.688,3.684,3.696,3.662,2725711,501474728.0,0.92,-0.38,-0.014,2.75
2024-04-03,3.66,3.604,3.662,3.594,3380552,612744381.0,1.85,-2.17,-0.08,3.41
2024-04-08,3.614,3.614,3.622,3.582,2210781,398359495.0,1.11,0.28,0.01,2.23
2024-04-09,3.612,3.626,3.638,3.59,2603800,470570689.0,1.33,0.33,0.012,2.62
2024-04-10,3.63,3.62,3.636,3.6,1042371,188859687.0,0.99,-0.17,-0.006,1.05
2024-04-11,3.58,3.576,3.586,3.566,1672230,299127628.0,0.55,-1.22,-0.044,1.69
2024-04-12,3.602,3.604,3.614,3.598,1279002,230452366.0,0.45,0.78,0.028,1.29
2024-04-15,3.552,3.566,3.57,3.542,1198736,213407735.0,0.78,-1.05,-0.038,1.21
2024-04-16,3.52,3.482,3.52,3.48,2160224,377589234.0,1.12,-2.36,-0.084,2.18
2024-04-17,3.484,3.468,3.494,3.466,1254792,218425316.0,0.8,-0.4,-0.014,1.26
2024-04-18,3.45,3.46,3.464,3.446,1443337,249246455.0,0.52,-0.23,-0.008,1.45
2024-04-19,3.42,3.418,3.42,3.386,2029285,345125581.0,0.98,-1.21,-0.042,2.05
2024-04-22,3.404,3.432,3.432,3.402,1694642,289500589.0,0.88,0.41,0.014,1.71
2024-04-23,3.444,3.456,3.462,3.438,1779765,306957407.0,0.7,0.7,0.024,1.79
2024-04-24,3.5,3.532,3.536,3.5,1869810,329559684.0,1.04,2.2,0.076,1.88
2024-04-25,3.498,3.478,3.506,3.474,1279030,222962829.0,0.91,-1.53,-0.054,1.29
2024-04-26,3.508,3.492,3.516,3.49,1290618,225996482.0,0.75,0.4,0.014,1.3
2024-04-29,3.516,3.508,3.52,3.5,1007109,176655255.0,0.57,0.46,0.016,1.01
2024-04-30,3.51,3.516,3.52,3.506,823675,144685815.0,0.4,0.23,0.008,0.83
2024-05-06,3.516,3.518,3.52,3.506,920988,161668409.0,0.4,0.06,0.002,0.93
2024-05-07,3.544,3.554,3.562,3.542,1147035,203714230.0,0.57,1.02,0.036,1.16
2024-05-08,3.558,3.568,3.57,3.55,1091684,194404807.0,0.56,0.39,0.014,1.1
2024-05-09,3.572,3.558,3.578,3.558,1466310,261538378.0,0.56,-0.28,-0.01,1.48
2024-05-10,3.578,3.598,3.6,3.576,878813,157798275.0,0.67,1.12,0.04,0.89
2024-05-13,3.602,3.614,3.62,3.598,788139,142362760.0,0.61,0.44,0.016,0.79
2024-05-14,3.602,3.614,3.618,3.594,991864,178681894.0,0.66,0.0,0.0,1.0
2024-05-15,3.634,3.652,3.654,3.632,1092086,199126588.0,0.61,1.05,0.038,1.1
2024-05-16,3.698,3.7,3.716,3.69,1233365,228477271.0,0.71,1.31,0.048,1.24
2024-05-17,3.688,3.688,3.692,3.68,942090,173663357.0,0.32,-0.32,-0.012,0.95
2024-05-20,3.688,3.668,3.7,3.658,1863960,342511523.0,1.14,-0.54,-0.02,1.88
2024-05-21,3.672,3.67,3.68,3.664,1113187,204337625.0,0.44,0.05,0.002,1.12
2024-05-22,3.68,3.688,3.69,3.674,897985,165358630.0,0.44,0.49,0.018,0.9
2024-05-23,3.686,3.698,3.706,3.682,1331571,246087391.0,0.65,0.27,0.01,1.34
2024-05-24,3.658,3.636,3.658,3.636,1587953,289723851.0,0.59,-1.68,-0.062,1.6
2024-05-27,3.658,3.668,3.672,3.656,654352,119941475.0,0.44,0.88,0.032,0.66
2024-05-28,3.672,3.676,3.682,3.668,572041,105029202.0,0.38,0.22,0.008,0.58
2024-05-29,3.67,3.658,3.67,3.654,509011,93167502.0,0.44,-0.49,-0.018,0.51
2024-05-30,3.614,3.612,3.634,3.61,930375,168493054.0,0.66,-1.26,-0.046,0.94
2024-05-31,3.586,3.614,3.616,3.586,823001,148206180.0,0.83,0.06,0.002,0.83
2024-06-03,3.652,3.67,3.672,3.65,875753,160339675.0,0.61,1.55,0.056,0.88
2024-06-04,3.67,3.676,3.676,3.654,775006,142122496.0,0.6,0.16,0.006,0.78
2024-06-05,3.682,3.694,3.696,3.68,590447,108923787.0,0.44,0.49,0.018,0.6
2024-06-06,3.748,3.746,3.76,3.742,984800,184513785.0,0.49,1.41,0.052,0.99
2024-06-07,3.74,3.764,3.766,3.74,678200,127227173.0,0.69,0.48,0.018,0.68
2024-06-11,3.768,3.778,3.794,3.768,989433,187055379.0,0.69,0.37,0.014,1.0
2024-06-12,3.792,3.784,3.796,3.78,1141583,216208726.0,0.42,0.16,0.006,1.15
2024-06-13,3.816,3.818,3.826,3.812,818673,156262512.0,0.37,0.9,0.034,0.83
2024-06-14,3.814,3.806,3.818,3.8,1048154,199476777.0,0.47,-0.31,-0.012,1.06
2024-06-17,3.806,3.786,3.814,3.766,1632288,308484825.0,1.26,-0.53,-0.02,1.65
2024-06-18,3.812,3.804,3.818,3.798,1149279,218732442.0,0.53,0.48,0.018,1.16
2024-06-19,3.808,3.808,3.814,3.804,634292,120798663.0,0.26,0.11,0.004,0.64
2024-06-20,3.81,3.842,3.844,3.81,759909,145252308.0,0.89,0.89,0.034,0.77
2024-06-21,3.814,3.828,3.832,3.8,1133320,216565112.0,0.83,-0.36,-0.014,1.14
2024-06-24,3.824,3.82,3.826,3.808,621390,118578073.0,0.47,-0.21,-0.008,0.63
2024-06-25,3.802,3.814,3.82,3.796,992034,189011969.0,0.63,-0.16,-0.006,1.0
2024-06-26,3.84,3.866,3.87,3.828,941852,181025789.0,1.1,1.36,0.052,0.95
2024-06-27,3.866,3.896,3.9,3.854,1468851,285262029.0,1.19,0.78,0.03,1.48
2024-06-28,3.91,3.942,3.97,3.91,2087549,411417226.0,1.54,1.18,0.046,2.1
2024-07-01,3.93,3.934,3.956,3.916,1245455,245424744.0,1.01,-0.2,-0.008,1.26
2024-07-02,3.95,3.942,3.974,3.938,1405085,277974283.0,0.92,0.2,0.008,1.42
2024-07-03,3.98,3.998,4.0,3.978,1121194,223767306.0,0.56,1.42,0.056,1.13
2024-07-04,4.036,3.954,4.07,3.936,2556542,512772665.0,3.35,-1.1,-0.044,2.58
2024-07-05,3.948,3.986,3.992,3.946,1339065,265391096.0,1.16,0.81,0.032,1.35
2024-07-08,4.008,3.998,4.016,3.978,1127275,225055158.0,0.95,0.3,0.012,1.14
2024-07-09,4.002,3.992,4.004,3.986,1207070,240932768.0,0.45,-0.15,-0.006,1.22
2024-07-10,3.99,3.97,3.992,3.94,1315036,260874591.0,1.3,-0.55,-0.022,1.33
2024-07-11,3.998,4.008,4.008,3.992,988551,197745919.0,0.4,0.96,0.038,1.0
2024-07-12,3.968,3.948,3.968,3.89,1707796,335666717.0,1.95,-1.5,-0.06,1.72
2024-07-15,3.966,4.048,4.05,3.966,1978925,397678548.0,2.13,2.53,0.1,1.99
2024-07-16,4.058,4.056,4.09,4.03,1253185,254176798.0,1.48,0.2,0.008,1.26
2024-07-17,4.078,4.106,4.134,4.076,1799228,369343220.0,1.43,1.23,0.05,1.81
2024-07-18,4.004,4.054,4.064,3.968,1748145,351129421.0,2.34,-1.27,-0.052,1.76
2024-07-19,4.02,3.958,4.028,3.954,1583370,315386066.0,1.83,-2.37,-0.096,1.6
2024-07-22,3.91,3.912,3.93,3.9,1377124,269304619.0,0.76,-1.16,-0.046,1.39
2024-07-23,3.958,3.966,3.984,3.956,1081700,214517304.0,0.72,1.38,0.054,1.09
2024-07-24,3.95,3.936,3.96,3.932,776452,153084792.0,0.71,-0.76,-0.03,0.78
2024-07-25,3.824,3.822,3.836,3.8,1311021,250565375.0,0.91,-2.9,-0.114,1.32
2024-07-26,3.802,3.854,3.858,3.802,929012,177838478.0,1.47,0.84,0.032,0.94
2024-07-29,3.896,3.944,3.946,3.896,1068190,209239324.0,1.3,2.34,0.09,1.08
2024-07-30,3.926,3.924,3.94,3.894,944175,184836702.0,1.17,-0.51,-0.02,0.95
2024-07-31,3.918,3.896,3.924,3.88,2268018,442118228.0,1.12,-0.71,-0.028,2.29
2024-08-01,3.958,3.944,3.96,3.934,1343518,265159446.0,0.67,1.23,0.048,1.35
2024-08-02,3.856,3.824,3.886,3.816,1486308,285775705.0,1.77,-3.04,-0.12,1.5
2024-08-05,3.68,3.57,3.68,3.546,3336797,603682558.0,3.5,-6.64,-0.254,3.36
2024-08-06,3.626,3.608,3.652,3.598,2723550,493594092.0,1.51,1.06,0.038,2.74
2024-08-07,3.614,3.622,3.652,3.606,1790875,325373767.0,1.27,0.39,0.014,1.8
2024-08-08,3.586,3.598,3.604,3.564,1068806,191472370.0,1.1,-0.66,-0.024,1.08
2024-08-09,3.672,3.67,3.694,3.66,1285068,236124039.0,0.94,2.0,0.072,1.3
2024-08-12,3.684,3.72,3.722,3.682,1351843,250633332.0,1.09,1.36,0.05,1.36
2024-08-13,3.724,3.774,3.782,3.722,1171965,219812695.0,1.61,1.45,0.054,1.18
2024-08-14,3.828,3.844,3.85,3.82,1271305,243992675.0,0.79,1.85,0.07,1.28
2024-08-15,3.872,3.896,3.914,3.86,1198460,233038944.0,1.4,1.35,0.052,1.21
2024-08-16,3.988,3.95,3.992,3.924,1957543,386697068.0,1.75,1.39,0.054,1.97
2024-08-19,3.956,3.884,3.956,3.882,1397669,273725415.0,1.87,-1.67,-0.066,1.41
2024-08-20,3.936,3.932,3.948,3.924,842582,165657345.0,0.62,1.24,0.048,0.85
2024-08-21,3.914,3.934,3.938,3.896,689837,135278774.0,1.07,0.05,0.002,0.7
2024-08-22,3.956,3.942,3.986,3.926,1484566,293437622.0,1.53,0.2,0.008,1.5
2024-08-23,3.9,3.928,3.93,3.896,894428,174893337.0,0.86,-0.36,-0.014,0.9
2024-08-26,3.976,3.956,3.986,3.94,851835,168536095.0,1.17,0.71,0.028,0.86
2024-08-27,3.942,3.956,3.96,3.924,661214,130475260.0,0.91,0.0,0.0,0.67
2024-08-28,3.964,3.994,4.016,3.95,2227796,443932422.0,1.67,0.96,0.038,2.25
2024-08-29,3.942,3.948,3.962,3.922,1381173,272224371.0,1.0,-1.15,-0.046,1.39
2024-08-30,3.954,3.956,3.966,3.944,765073,151214193.0,0.56,0.2,0.008,0.77
2024-09-02,3.98,3.998,4.008,3.98,1087549,217328243.0,0.71,1.06,0.042,1.1
2024-09-03,4.002,3.996,4.022,3.984,1059450,212181623.0,0.95,-0.05,-0.002,1.07
2024-09-04,3.85,3.838,3.886,3.834,1798985,347089858.0,1.3,-3.95,-0.158,1.81
2024-09-05,3.866,3.858,3.88,3.846,825363,159293426.0,0.89,0.52,0.02,0.83
2024-09-06,3.84,3.838,3.85,3.824,885553,169995694.0,0.67,-0.52,-0.02,0.89
2024-09-09,3.788,3.81,3.812,3.768,1459737,276656954.0,1.15,-0.73,-0.028,1.47
2024-09-10,3.84,3.79,3.854,3.788,1678850,320438384.0,1.73,-0.52,-0.02,1.69
2024-09-11,3.816,3.798,3.82,3.786,790319,150085077.0,0.9,0.21,0.008,0.8
2024-09-12,3.854,3.862,3.874,3.846,1318809,254485023.0,0.74,1.69,0.064,1.33
2024-09-13,3.888,3.882,3.9,3.878,1310968,254941475.0,0.57,0.52,0.02,1.32
2024-09-18,3.9,3.878,3.908,3.87,918491,178481808.0,0.98,-0.1,-0.004,0.93
2024-09-19,3.888,3.93,3.934,3.884,1012686,197650366.0,1.29,1.34,0.052,1.02
2024-09-20,3.972,3.94,3.978,3.934,1256530,248683191.0,1.12,0.25,0.01,1.27
2024-09-23,3.948,3.948,3.958,3.938,671941,132631408.0,0.51,0.2,0.008,0.68
2024-09-24,3.954,3.92,3.956,3.9,1208342,236781221.0,1.42,-0.71,-0.028,1.22
2024-09-25,3.902,3.89,3.908,3.876,1239282,241033989.0,0.82,-0.77,-0.03,1.25
2024-09-26,3.898,3.896,3.91,3.876,1650332,321326369.0,0.87,0.15,0.006,1.66
2024-09-27,3.84,3.838,3.868,3.832,985058,189629055.0,0.92,-1.49,-0.058,0.99
2024-09-30,3.786,3.816,3.834,3.762,4295250,816931700.0,1.88,-0.57,-0.022,4.33
2024-10-08,3.772,3.786,3.828,3.758,3528083,668954192.0,1.83,-0.79,-0.03,3.56
2024-10-09,3.828,3.85,3.858,3.82,2960690,568195657.0,1.0,1.69,0.064,2.98
2024-10-10,3.886,3.912,3.922,3.886,2530206,493894382.0,0.94,1.61,0.062,2.55
2024-10-11,3.91,3.934,3.94,3.902,1730693,339865272.0,0.97,0.56,0.022,1.74
2024-10-14,3.968,3.976,3.984,3.942,2086676,413857000.0,1.07,1.07,0.042,2.1
2024-10-15,4.01,4.094,4.096,4.01,3144859,638535349.0,2.16,2.97,0.118,3.17
2024-10-16,4.05,4.048,4.068,4.01,2328863,471282771.0,1.42,-1.12,-0.046,2.35
2024-10-17,4.06,4.09,4.096,4.06,2033645,414747360.0,0.89,1.04,0.042,2.05
2024-10-18,4.072,4.054,4.082,4.03,3077818,624928096.0,1.27,-0.88,-0.036,3.1
2024-10-21,4.054,4.036,4.072,4.03,2048371,414005126.0,1.04,-0.44,-0.018,2.06
2024-10-22,4.03,4.012,4.03,4.01,1531023,307483169.0,0.5,-0.59,-0.024,1.54
2024-10-23,4.012,3.998,4.022,3.996,1162317,232829859.0,0.65,-0.35,-0.014,1.17
2024-10-24,3.972,3.982,3.984,3.964,1646827,327050735.0,0.5,-0.4,-0.016,1.66
2024-10-25,3.984,3.982,3.996,3.98,1019866,203282530.0,0.4,0.0,0.0,1.03
2024-10-28,4.0,4.024,4.032,3.996,2281468,457702429.0,0.9,1.05,0.042,2.3
2024-10-29,4.01,4.01,4.018,4.0,1346076,269768058.0,0.45,-0.35,-0.014,1.36
2024-10-30,4.032,4.04,4.046,4.024,1395275,281485234.0,0.55,0.75,0.03,1.41
2024-10-31,4.016,3.992,4.016,3.99,1048136,209557470.0,0.64,-1.19,-0.048,1.06
2024-11-01,3.93,3.942,3.954,3.914,1676201,329692566.0,1.0,-1.25,-0.05,1.69
2024-11-04,3.932,3.926,3.944,3.922,1533905,301514919.0,0.56,-0.41,-0.016,1.55
2024-11-05,3.92,3.922,3.924,3.906,1124936,220171828.0,0.46,-0.1,-0.004,1.13
2024-11-06,3.992,4.058,4.06,3.976,3330988,668346837.0,2.14,3.47,0.136,3.36
2024-11-07,4.13,4.09,4.158,4.076,3815080,785647567.0,2.02,0.79,0.032,3.84
2024-11-08,4.094,4.126,4.126,4.094,2309079,474479084.0,0.78,0.88,0.036,2.33
2024-11-11,4.13,4.178,4.182,4.13,1935112,402809887.0,1.26,1.26,0.052,1.95
2024-11-12,4.184,4.226,4.252,4.184,2807170,592152067.0,1.63,1.15,0.048,2.83
2024-11-13,4.218,4.19,4.218,4.18,1987802,416707171.0,0.9,-0.85,-0.036,2.0
2024-11-14,4.194,4.244,4.262,4.194,3260906,690846954.0,1.62,1.29,0.054,3.29
2024-11-15,4.208,4.176,4.21,4.166,2328753,488041641.0,1.04,-1.6,-0.068,2.35
2024-11-18,4.134,4.204,4.214,4.134,2789812,582560336.0,1.92,0.67,0.028,2.81
2024-11-19,4.204,4.212,4.242,4.196,2558811,540066146.0,1.09,0.19,0.008,2.58
2024-11-20,4.244,4.224,4.246,4.216,1737842,367150693.0,0.71,0.28,0.012,1.75
2024-11-21,4.21,4.214,4.218,4.192,1156296,243073501.0,0.62,-0.24,-0.01,1.17
2024-11-22,4.242,4.256,4.268,4.23,2244054,476760461.0,0.9,1.0,0.042,2.26
2024-11-25,4.282,4.354,4.356,4.282,3434824,743479420.0,1.74,2.3,0.098,3.46
2024-11-26,4.362,4.362,4.374,4.286,3995963,865450138.0,2.02,0.18,0.008,4.03
2024-11-27,4.394,4.36,4.472,4.348,5099924,1127500408.0,2.84,-0.05,-0.002,5.14
2024-11-28,4.346,4.356,4.38,4.32,2601024,565729812.0,1.38,-0.09,-0.004,2.62
2024-11-29,4.364,4.364,4.376,4.34,2147402,468217485.0,0.83,0.18,0.008,2.16
2024-12-02,4.398,4.398,4.404,4.368,2388134,523979093.0,0.82,0.78,0.034,2.41
2024-12-03,4.42,4.434,4.444,4.414,1921348,425336733.0,0.68,0.82,0.036,1.94
2024-12-04,4.44,4.434,4.442,4.416,1570989,347907504.0,0.59,0.0,0.0,1.58
2024-12-05,4.46,4.466,4.47,4.45,1565477,348941541.0,0.45,0.72,0.032,1.58
2024-12-06,4.456,4.456,4.462,4.42,1458954,324657582.0,0.94,-0.22,-0.01,1.47
2024-12-09,4.466,4.454,4.466,4.45,1365980,304320476.0,0.36,-0.04,-0.002,1.38
2024-12-10,4.364,4.414,4.42,4.364,2246211,494108240.0,1.26,-0.9,-0.04,2.26
2024-12-11,4.4,4.454,4.458,4.398,2116906,469439403.0,1.36,0.91,0.04,2.13
2024-12-12,4.496,4.464,4.5,4.452,2115516,473526910.0,1.08,0.22,0.01,2.13
2024-12-13,4.452,4.488,4.492,4.446,1507003,336943663.0,1.03,0.54,0.024,1.52
2024-12-16,4.488,4.548,4.57,4.482,3267669,741900043.0,1.96,1.34,0.06,3.29
2024-12-17,5.002,4.508,5.002,4.094,4655671,1049725544.0,19.96,-0.88,-0.04,4.69
2024-12-18,4.496,4.458,4.496,4.44,2469285,550314036.0,1.24,-1.11,-0.05,2.49
2024-12-19,4.298,4.314,4.39,4.298,3024560,655842108.0,2.06,-3.23,-0.144,3.05
2024-12-20,4.31,4.288,4.348,4.24,2840519,609192968.0,2.5,-0.6,-0.026,2.86
2024-12-23,4.352,4.388,4.4,4.352,2725916,596921049.0,1.12,2.33,0.1,2.75
2024-12-24,4.426,4.372,4.434,4.362,1996193,439050636.0,1.64,-0.36,-0.016,2.01
2024-12-25,4.396,4.394,4.41,4.382,1035301,227341259.0,0.64,0.5,0.022,1.04
2024-12-26,4.398,4.4,4.4,4.37,930463,204243215.0,0.68,0.14,0.006,0.94
2024-12-27,4.394,4.382,4.398,4.38,824590,180878807.0,0.41,-0.41,-0.018,0.83
2024-12-30,4.34,4.33,4.344,4.322,1165096,252314636.0,0.5,-1.19,-0.052,1.17
2024-12-31,4.302,4.324,4.356,4.286,1603420,346082143.0,1.62,-0.14,-0.006,1.62
2025-01-02,4.326,4.366,4.37,4.32,1579559,343892662.0,1.16,0.97,0.042,1.59
2025-01-03,4.362,4.34,4.372,4.334,1141237,248381322.0,0.87,-0.6,-0.026,1.15
2025-01-06,4.376,4.422,4.426,4.376,1848995,406253316.0,1.15,1.89,0.082,1.86
2025-01-07,4.44,4.386,4.476,4.36,3000409,664862836.0,2.62,-0.81,-0.036,3.02
2025-01-08,4.344,4.38,4.394,4.34,1411851,308438227.0,1.23,-0.14,-0.006,1.42
2025-01-09,4.386,4.372,4.4,4.368,955483,209257322.0,0.73,-0.18,-0.008,0.96
2025-01-10,4.362,4.346,4.396,4.344,1352753,295580973.0,1.19,-0.59,-0.026,1.36
2025-01-13,4.304,4.278,4.32,4.27,1128826,242217021.0,1.15,-1.56,-0.068,1.14
2025-01-14,4.304,4.324,4.328,4.292,1149908,247714743.0,0.84,1.08,0.046,1.16
2025-01-15,4.322,4.316,4.334,4.304,749169,161694815.0,0.69,-0.19,-0.008,0.76
2025-01-16,4.396,4.386,4.4,4.374,1182130,259124857.0,0.6,1.62,0.07,1.19
2025-01-17,4.378,4.382,4.384,4.354,656203,143488589.0,0.68,-0.09,-0.004,0.66
2025-01-20,4.404,4.402,4.414,4.394,960154,211359301.0,0.46,0.46,0.02,0.97
2025-01-21,4.404,4.4,4.406,4.386,662009,145588046.0,0.45,-0.05,-0.002,0.67
2025-01-22,4.424,4.436,4.44,4.418,927383,205164970.0,0.5,0.82,0.036,0.93
2025-01-23,4.45,4.41,4.456,4.408,1259120,279258164.0,1.08,-0.59,-0.026,1.27
2025-01-24,4.428,4.428,4.44,4.424,995621,220647070.0,0.36,0.41,0.018,1.0
2025-01-27,4.4,4.392,4.4,4.33,2484108,542361318.0,1.58,-0.81,-0.036,2.5
2025-02-05,4.382,4.384,4.39,4.356,894929,196034692.0,0.77,-0.18,-0.008,0.9
2025-02-06,4.4,4.396,4.406,4.39,712735,156722141.0,0.36,0.27,0.012,0.72
2025-02-07,4.396,4.384,4.402,4.374,934739,204945870.0,0.64,-0.27,-0.012,0.94
2025-02-10,4.36,4.374,4.376,4.34,1013117,220606595.0,0.82,-0.23,-0.01,1.02
2025-02-11,4.374,4.366,4.384,4.36,663169,144937696.0,0.55,-0.18,-0.008,0.67
2025-02-12,4.366,4.35,4.37,4.34,584026,127052105.0,0.69,-0.37,-0.016,0.59
2025-02-13,4.358,4.344,4.358,4.33,756592,164142548.0,0.64,-0.14,-0.006,0.76
2025-02-14,4.36,4.346,4.368,4.342,912017,198616671.0,0.6,0.05,0.002,0.92
2025-02-17,4.344,4.34,4.344,4.32,757005,163890755.0,0.55,-0.14,-0.006,0.76
2025-02-18,4.34,4.37,4.378,4.334,693093,150851653.0,1.01,0.69,0.03,0.7
2025-02-19,4.37,4.352,4.37,4.35,597854,130322495.0,0.46,-0.41,-0.018,0.6
2025-02-20,4.36,4.348,4.362,4.346,464705,101094249.0,0.37,-0.09,-0.004,0.47
2025-02-21,4.336,4.308,4.336,4.3,1217864,262620382.0,0.83,-0.92,-0.04,1.23
2025-02-24,4.236,4.25,4.276,4.224,1481295,313781187.0,1.21,-1.35,-0.058,1.49
2025-02-25,4.22,4.188,4.232,4.184,1422639,298776741.0,1.13,-1.46,-0.062,1.43
2025-02-26,4.184,4.182,4.184,4.154,1666490,347204187.0,0.72,-0.14,-0.006,1.68
2025-02-27,4.178,4.168,4.178,4.158,1367344,284837163.0,0.48,-0.33,-0.014,1.38
2025-02-28,4.1,4.064,4.102,4.056,3038343,619549043.0,1.1,-2.5,-0.104,3.06
2025-03-03,4.104,4.14,4.142,4.104,2279092,470010561.0,0.94,1.87,0.076,2.3
2025-03-04,4.068,4.062,4.068,4.056,1637668,332659212.0,0.29,-1.88,-0.078,1.65
2025-03-05,4.03,4.048,4.054,4.022,2151237,434704451.0,0.79,-0.34,-0.014,2.17
2025-03-06,4.062,4.05,4.068,4.044,1229199,248988491.0,0.59,0.05,0.002,1.24
2025-03-07,4.0,4.002,4.012,3.996,1436892,287561166.0,0.4,-1.19,-0.048,1.45
2025-03-10,3.996,3.998,4.008,3.99,868611,173702613.0,0.45,-0.1,-0.004,0.88
2025-03-11,3.874,3.898,3.898,3.862,2298535,446390669.0,0.9,-2.5,-0.1,2.32
2025-03-12,3.876,3.876,3.882,3.86,1650503,319446678.0,0.56,-0.56,-0.022,1.66
2025-03-13,3.888,3.864,3.894,3.854,1300855,251960402.0,1.03,-0.31,-0.012,1.31
2025-03-14,3.84,3.86,3.862,3.834,1954379,375685735.0,0.72,-0.1,-0.004,1.97
2025-03-17,3.88,3.858,3.886,3.856,1647829,318907564.0,0.78,-0.05,-0.002,1.66
2025-03-18,3.876,3.896,3.898,3.876,2093329,406509362.0,0.57,0.98,0.038,2.11
2025-03-19,3.87,3.866,3.87,3.856,814493,157344155.0,0.36,-0.77,-0.03,0.82
2025-03-20,3.91,3.962,3.966,3.902,3178334,625048370.0,1.66,2.48,0.096,3.2
2025-03-21,3.958,3.946,3.958,3.924,2256099,444398783.0,0.86,-0.4,-0.016,2.27
2025-03-24,3.968,3.998,3.998,3.966,2507265,498843424.0,0.81,1.32,0.052,2.53
2025-03-25,4.05,4.034,4.052,4.02,2451371,494670766.0,0.8,0.9,0.036,2.47
2025-03-26,4.056,4.022,4.056,4.016,1746173,351534941.0,0.99,-0.3,-0.012,1.76
2025-03-27,3.96,3.966,3.972,3.96,1622048,321567798.0,0.3,-1.39,-0.056,1.63
2025-03-28,3.948,3.926,3.952,3.924,1564705,307933305.0,0.71,-1.01,-0.04,1.58
2025-03-31,3.82,3.814,3.84,3.812,2001722,382813852.0,0.71,-2.85,-0.112,2.02
2025-04-01,3.834,3.874,3.878,3.834,2248768,433956103.0,1.15,1.57,0.06,2.27
2025-04-02,3.88,3.874,3.884,3.872,1966888,381332128.0,0.31,0.0,0.0,1.98
2025-04-03,3.806,3.794,3.824,3.79,3416121,649805361.0,0.88,-2.07,-0.08,3.44
2025-04-07,3.414,3.414,3.45,3.414,5655432,967455000.0,0.95,-10.02,-0.38,5.7
2025-04-08,3.474,3.552,3.586,3.474,5082647,902064322.0,3.28,4.04,0.138,5.12
2025-04-09,3.414,3.444,3.458,3.39,7420048,1270310189.0,1.91,-3.04,-0.108,7.48
2025-04-10,3.762,3.772,3.776,3.662,6701700,1258236161.0,3.31,9.52,0.328,6.75
2025-04-11,3.614,3.682,3.698,3.604,6209563,1132299293.0,2.49,-2.39,-0.09,6.26
2025-04-14,3.728,3.744,3.75,3.714,2963731,552969796.0,0.98,1.68,0.062,2.99
2025-04-15,3.736,3.73,3.738,3.726,1515088,282637848.0,0.32,-0.37,-0.014,1.53
2025-04-16,3.708,3.684,3.708,3.67,2154094,397627015.0,1.02,-1.23,-0.046,2.17
2025-04-17,3.662,3.67,3.68,3.652,2632814,482965469.0,0.76,-0.38,-0.014,2.65
2025-04-18,3.652,3.658,3.664,3.646,928764,169737482.0,0.49,-0.33,-0.012,0.94
2025-04-21,3.622,3.612,3.63,3.608,1841734,333078425.0,0.6,-1.26,-0.046,1.86
2025-04-22,3.584,3.606,3.608,3.574,2202368,394712388.0,0.94,-0.17,-0.006,2.22
2025-04-23,3.692,3.71,3.716,3.684,5282818,976671444.0,0.89,2.88,0.104,5.32
2025-04-24,3.71,3.692,3.718,3.692,3137396,580635067.0,0.7,-0.49,-0.018,3.16
2025-04-25,3.782,3.79,3.796,3.778,3776175,714619713.0,0.49,2.65,0.098,3.81
2025-04-28,3.784,3.802,3.804,3.778,2329212,440889329.0,0.69,0.32,0.012,2.35
2025-04-29,3.806,3.794,3.814,3.79,2139831,406460194.0,0.63,-0.21,-0.008,2.16
2025-04-30,3.806,3.8,3.806,3.794,1698314,322624589.0,0.32,0.16,0.006,1.71
2025-05-06,3.844,3.836,3.854,3.83,1988920,381842614.0,0.63,0.95,0.036,2.0
2025-05-07,3.84,3.844,3.85,3.838,1310773,251884332.0,0.31,0.21,0.008,1.32
2025-05-08,3.862,3.88,3.884,3.86,2398358,464530057.0,0.62,0.94,0.036,2.42
2025-05-09,3.88,3.884,3.888,3.874,1534709,297822421.0,0.36,0.1,0.004,1.55
2025-05-12,3.928,3.926,3.932,3.914,2372225,465200929.0,0.46,1.08,0.042,2.39
2025-05-13,3.974,3.954,3.974,3.954,2743638,543744972.0,0.51,0.71,0.028,2.77
2025-05-14,3.996,4.026,4.026,3.996,2628048,527519450.0,0.76,1.82,0.072,2.65
2025-05-15,4.014,3.998,4.014,3.996,1748776,350126886.0,0.45,-0.7,-0.028,1.76
2025-05-16,4.014,4.024,4.028,4.014,1262025,253887950.0,0.35,0.65,0.026,1.27
2025-05-19,4.018,4.012,4.03,4.012,2086891,419552696.0,0.45,-0.3,-0.012,2.1
2025-05-20,4.052,4.05,4.064,4.048,1626987,329917246.0,0.4,0.95,0.038,1.64
2025-05-21,4.038,4.02,4.042,4.018,1497482,301800188.0,0.59,-0.74,-0.03,1.51
2025-05-22,3.978,3.978,3.988,3.97,2545229,506324576.0,0.45,-1.04,-0.042,2.57
2025-05-23,3.974,3.972,3.986,3.966,1561138,310360084.0,0.5,-0.15,-0.006,1.57
2025-05-26,3.97,3.982,3.984,3.966,1193597,237213052.0,0.45,0.25,0.01,1.2
2025-05-27,3.98,3.994,3.994,3.974,1011548,201499546.0,0.5,0.3,0.012,1.02
2025-05-28,4.03,4.024,4.034,4.022,1574523,317073426.0,0.3,0.75,0.03,1.59
2025-05-29,4.064,4.064,4.072,4.062,2589658,526612025.0,0.25,0.99,0.04,2.61
2025-05-30,4.002,4.008,4.018,3.998,2605744,522435890.0,0.49,-1.38,-0.056,2.63
2025-06-03,4.026,4.02,4.032,4.018,1371410,275982174.0,0.35,0.3,0.012,1.38
2025-06-04,4.052,4.058,4.06,4.046,1210579,245333025.0,0.35,0.95,0.038,1.22
2025-06-05,4.05,4.05,4.054,4.046,1524792,308752909.0,0.2,-0.2,-0.008,1.54
2025-06-06,4.036,4.048,4.05,4.032,850335,171815580.0,0.44,-0.05,-0.002,0.86
2025-06-09,4.064,4.07,4.072,4.062,963823,195963652.0,0.25,0.54,0.022,0.97
2025-06-10,4.084,4.072,4.094,4.066,1493926,304991763.0,0.69,0.05,0.002,1.51
2025-06-11,4.088,4.092,4.092,4.084,1041704,212936476.0,0.2,0.49,0.02,1.05
2025-06-12,4.08,4.08,4.084,4.072,1100902,224477655.0,0.29,-0.29,-0.012,1.11
2025-06-13,4.04,4.046,4.05,4.022,2221110,448583843.0,0.69,-0.83,-0.034,2.24
2025-06-16,4.058,4.076,4.076,4.056,1144822,232755129.0,0.49,0.74,0.03,1.15
2025-06-17,4.078,4.076,4.086,4.072,1200707,244912091.0,0.34,0.0,0.0,1.21
2025-06-18,4.066,4.07,4.078,4.064,1089067,221672420.0,0.34,-0.15,-0.006,1.1
2025-06-19,4.056,4.05,4.06,4.044,1583901,320773947.0,0.39,-0.49,-0.02,1.6
2025-06-20,4.046,4.054,4.06,4.038,956389,193698039.0,0.54,0.1,0.004,0.96
2025-06-23,4.03,4.05,4.054,4.028,906971,183385729.0,0.64,-0.1,-0.004,0.91
2025-06-24,4.102,4.122,4.124,4.096,2045860,420011976.0,0.69,1.78,0.072,2.06
2025-06-25,4.124,4.13,4.132,4.118,1719257,354755895.0,0.34,0.19,0.008,1.73
2025-06-26,4.126,4.142,4.144,4.122,1542598,318743666.0,0.53,0.29,0.012,1.55
2025-06-27,4.16,4.182,4.186,4.16,2724125,568793085.0,0.63,0.97,0.04,2.75
2025-06-30,4.204,4.204,4.208,4.192,1622426,340760803.0,0.38,0.53,0.022,1.64
2025-07-01,4.204,4.192,4.208,4.19,1275137,267681078.0,0.43,-0.29,-0.012,1.29
2025-07-02,4.196,4.22,4.222,4.196,1391608,292831012.0,0.62,0.67,0.028,1.4
2025-07-03,4.228,4.228,4.23,4.218,1254423,264905090.0,0.28,0.19,0.008,1.26
2025-07-04,4.25,4.25,4.264,4.244,2325591,494655928.0,0.47,0.52,0.022,2.34
2025-07-07,4.242,4.242,4.254,4.236,1579035,335143449.0,0.42,-0.19,-0.008,1.59
2025-07-08,4.228,4.242,4.242,4.224,1542763,326431335.0,0.42,0.0,0.0,1.55
2025-07-09,4.236,4.226,4.236,4.224,1277141,269935967.0,0.28,-0.38,-0.016,1.29
2025-07-10,4.238,4.242,4.256,4.238,1892997,402102400.0,0.43,0.38,0.016,1.91
2025-07-11,4.248,4.248,4.252,4.244,1390238,295298380.0,0.19,0.14,0.006,1.4
2025-07-14,4.23,4.214,4.232,4.214,2687672,567341891.0,0.42,-0.8,-0.034,2.71
2025-07-15,4.236,4.262,4.262,4.234,1781706,378798895.0,0.66,1.14,0.048,1.8
2025-07-16,4.234,4.23,4.238,4.228,1539316,325773543.0,0.23,-0.75,-0.032,1.55
2025-07-17,4.246,4.262,4.27,4.246,2251254,478820205.0,0.57,0.76,0.032,2.27
2025-07-18,4.282,4.286,4.292,4.282,1031171,221116721.0,0.23,0.56,0.024,1.04
2025-07-21,4.284,4.28,4.284,4.274,1491100,318907452.0,0.23,-0.14,-0.006,1.5
2025-07-22,4.276,4.272,4.282,4.27,1336900,285823611.0,0.28,-0.19,-0.008,1.35
2025-07-23,4.274,4.288,4.288,4.274,1257314,269212290.0,0.33,0.37,0.016,1.27
2025-07-24,4.31,4.306,4.312,4.304,1308246,281799074.0,0.19,0.42,0.018,1.32
2025-07-25,4.314,4.328,4.334,4.312,1355980,293261577.0,0.51,0.51,0.022,1.37
2025-07-28,4.352,4.37,4.374,4.352,1825007,398525387.0,0.51,0.97,0.042,1.84
2025-07-29,4.366,4.368,4.37,4.346,1609620,350776379.0,0.55,-0.05,-0.002,1.62
2025-07-30,4.35,4.36,4.362,4.348,974192,212245186.0,0.32,-0.18,-0.008,0.98
2025-07-31,4.392,4.404,4.406,4.376,1444080,317259941.0,0.69,1.01,0.044,1.46
2025-08-01,4.34,4.344,4.366,4.338,1791382,389956010.0,0.64,-1.36,-0.06,1.81
2025-08-04,4.296,4.296,4.316,4.274,2940038,631886592.0,0.97,-1.1,-0.048,2.96
2025-08-05,4.342,4.374,4.374,4.342,1743225,379750388.0,0.74,1.82,0.078,1.76
2025-08-06,4.334,4.348,4.35,4.332,1897912,411725936.0,0.41,-0.59,-0.026,1.91
2025-08-07,4.37,4.348,4.38,4.346,1354707,295467872.0,0.78,0.0,0.0,1.37
2025-08-08,4.352,4.348,4.362,4.338,988571,215020382.0,0.55,0.0,0.0,1.0
2025-08-11,4.37,4.384,4.388,4.37,1470859,322205083.0,0.41,0.83,0.036,1.48
2025-08-12,4.376,4.374,4.382,4.366,1011301,221215835.0,0.36,-0.23,-0.01,1.02
2025-08-13,4.404,4.408,4.414,4.404,830206,183018098.0,0.23,0.78,0.034,0.84
2025-08-14,4.414,4.406,4.418,4.402,913248,201366577.0,0.36,-0.05,-0.002,0.92
2025-08-15,4.416,4.434,4.436,4.41,923013,204050352.0,0.59,0.64,0.028,0.93
2025-08-18,4.418,4.406,4.422,4.402,1457107,321469548.0,0.45,-0.63,-0.028,1.47
2025-08-19,4.404,4.394,4.406,4.384,1035037,227386808.0,0.5,-0.27,-0.012,1.04
2025-08-20,4.364,4.37,4.388,4.356,2200807,480671460.0,0.73,-0.55,-0.024,2.22
2025-08-21,4.354,4.366,4.388,4.354,1907261,416738825.0,0.78,-0.09,-0.004,1.92
2025-08-22,4.358,4.34,4.36,4.338,1850136,402171439.0,0.5,-0.6,-0.026,1.86
2025-08-25,4.394,4.4,4.406,4.388,3091222,679463343.0,0.41,1.38,0.06,3.12
2025-08-26,4.38,4.382,4.386,4.376,836753,183275193.0,0.23,-0.41,-0.018,0.84
2025-08-27,4.4,4.412,4.414,4.396,1081363,238003767.0,0.41,0.68,0.03,1.09
2025-08-28,4.402,4.388,4.406,4.384,1538029,337939087.0,0.5,-0.54,-0.024,1.55
2025-08-29,4.392,4.39,4.402,4.388,912789,200542341.0,0.32,0.05,0.002,0.92
2025-09-01,4.386,4.37,4.386,4.36,1191555,260374423.0,0.59,-0.46,-0.02,1.2
2025-09-02,4.37,4.374,4.376,4.364,799735,174775783.0,0.27,0.09,0.004,0.81
2025-09-03,4.354,4.354,4.36,4.346,1060301,230688514.0,0.32,-0.46,-0.02,1.07
2025-09-04,4.374,4.378,4.384,4.37,869275,190254702.0,0.32,0.55,0.024,0.88
2025-09-05,4.42,4.408,4.438,4.406,1296751,285989781.0,0.73,0.69,0.03,1.31
2025-09-08,4.39,4.39,4.394,4.382,951844,208836035.0,0.27,-0.41,-0.018,0.96
2025-09-09,4.394,4.396,4.4,4.388,1351638,296827810.0,0.27,0.14,0.006,1.36
2025-09-10,4.404,4.414,4.416,4.404,1016544,224235307.0,0.27,0.41,0.018,1.02
2025-09-11,4.42,4.42,4.422,4.412,1063295,234839312.0,0.23,0.14,0.006,1.07
2025-09-12,4.442,4.444,4.448,4.44,1133535,251905102.0,0.18,0.54,0.024,1.14
2025-09-15,4.446,4.458,4.46,4.444,999886,222659030.0,0.36,0.32,0.014,1.01
2025-09-16,4.468,4.476,4.478,4.466,1234160,276028433.0,0.27,0.4,0.018,1.24
2025-09-17,4.47,4.46,4.47,4.454,922670,205754218.0,0.36,-0.36,-0.016,0.93
2025-09-18,4.462,4.482,4.486,4.462,1405032,314534944.0,0.54,0.49,0.022,1.42
2025-09-19,4.498,4.504,4.508,4.488,1847227,415538204.0,0.45,0.49,0.022,1.86
2025-09-22,4.516,4.538,4.542,4.516,1818886,412369338.0,0.58,0.75,0.034,1.83
2025-09-23,4.566,4.576,4.582,4.564,1364793,311952891.0,0.4,0.84,0.038,1.38
2025-09-24,4.55,4.56,4.56,4.534,1385152,314996646.0,0.57,-0.35,-0.016,1.4
2025-09-25,4.554,4.54,4.556,4.534,1043312,237136548.0,0.48,-0.44,-0.02,1.05
2025-09-26,4.528,4.53,4.532,4.512,956785,216391365.0,0.44,-0.22,-0.01,0.96
2025-09-29,4.55,4.562,4.564,4.55,1117310,254634215.0,0.31,0.71,0.032,1.13
2025-09-30,4.572,4.568,4.574,4.56,1351413,308672332.0,0.31,0.13,0.006,1.36
2025-10-09,4.608,4.644,4.66,4.608,2187955,506846872.0,1.14,1.66,0.076,2.21
2025-10-10,4.642,4.658,4.666,4.636,1567534,364530745.0,0.65,0.3,0.014,1.58
2025-10-13,4.568,4.588,4.636,4.55,5482610,1254096297.0,1.85,-1.5,-0.07,5.53
2025-10-14,4.612,4.526,4.64,4.508,3404703,779169082.0,2.88,-1.35,-0.062,3.43
2025-10-15,4.556,4.578,4.58,4.546,1381869,315208496.0,0.75,1.15,0.052,1.39
2025-10-16,4.578,4.57,4.578,4.55,2726402,621936028.0,0.61,-0.17,-0.008,2.75
2025-10-17,4.538,4.526,4.56,4.522,2266907,515010125.0,0.83,-0.96,-0.044,2.28
2025-10-20,4.586,4.642,4.646,4.57,2509999,579052814.0,1.68,2.56,0.116,2.53
2025-10-21,4.684,4.652,4.698,4.626,2737634,638265666.0,1.55,0.22,0.01,2.76
2025-10-22,4.65,4.696,4.702,4.64,1775666,414709461.0,1.33,0.95,0.044,1.79
2025-10-23,4.696,4.704,4.718,4.666,1974016,463589988.0,1.11,0.17,0.008,1.99
2025-10-24,4.734,4.72,4.742,4.704,2050907,483874231.0,0.81,0.34,0.016,2.07
2025-10-27,4.766,4.83,4.836,4.762,2546133,611188346.0,1.57,2.33,0.11,2.57
2025-10-28,4.866,4.842,4.914,4.824,2146901,521970120.0,1.86,0.25,0.012,2.16
2025-10-29,4.87,4.936,4.938,4.86,2075648,508267427.0,1.61,1.94,0.094,2.09
2025-10-30,4.938,4.946,5.008,4.898,3503014,868002797.0,2.23,0.2,0.01,3.53
2025-10-31,4.94,4.908,4.958,4.878,2090276,513387221.0,1.62,-0.77,-0.038,2.11
2025-11-03,4.908,4.958,4.98,4.908,2281028,565683027.0,1.47,1.02,0.05,2.3
2025-11-04,4.958,4.83,4.958,4.814,2340533,571021789.0,2.9,-2.58,-0.128,2.36
2025-11-05,4.752,4.776,4.778,4.672,2664473,630792576.0,2.19,-1.12,-0.054,2.69
2025-11-06,4.8,4.778,4.824,4.77,2455362,589224875.0,1.13,0.04,0.002,2.47
2025-11-07,4.73,4.768,4.798,4.72,1949888,464112012.0,1.63,-0.21,-0.01,1.97
2025-11-10,4.81,4.848,4.872,4.806,2032831,491738955.0,1.38,1.68,0.08,2.05
2025-11-11,4.902,4.86,4.914,4.826,1895394,461648515.0,1.82,0.25,0.012,1.91
2025-11-12,4.868,4.926,4.928,4.868,2040668,499866109.0,1.23,1.36,0.066,2.06
2025-11-13,4.936,4.976,4.98,4.932,1791791,444674646.0,0.97,1.02,0.05,1.81
2025-11-14,4.894,4.896,4.932,4.882,2013309,493740532.0,1.0,-1.61,-0.08,2.03
2025-11-17,4.92,4.908,4.976,4.898,2102620,518388874.0,1.59,0.25,0.012,2.12
2025-11-18,4.88,4.798,4.88,4.78,1953771,471412670.0,2.04,-2.24,-0.11,1.97
2025-11-19,4.776,4.718,4.81,4.634,4080812,963669934.0,3.67,-1.67,-0.08,4.11
2025-11-20,4.798,4.826,4.834,4.792,1933380,464943581.0,0.89,2.29,0.108,1.95
2025-11-21,4.732,4.71,4.74,4.668,2843167,667176470.0,1.49,-2.4,-0.116,2.87
2025-11-24,4.764,4.78,4.792,4.718,2575878,611843089.0,1.57,1.49,0.07,2.6
2025-11-25,4.87,4.808,4.87,4.79,2150813,520332369.0,1.67,0.59,0.028,2.17
2025-11-26,4.848,4.894,4.898,4.84,2240962,545226576.0,1.21,1.79,0.086,2.26
2025-11-27,4.92,4.866,4.94,4.86,1330255,326656180.0,1.63,-0.57,-0.028,1.34
2025-11-28,4.882,4.926,4.934,4.876,1759636,431107474.0,1.19,1.23,0.06,1.77
2025-12-01,4.924,4.92,4.95,4.886,2340864,576541307.0,1.3,-0.12,-0.006,2.36
2025-12-02,4.918,4.92,4.936,4.908,1225923,301511235.0,0.57,0.0,0.0,1.24
2025-12-03,4.936,4.938,4.96,4.932,1877449,463889674.0,0.57,0.37,0.018,1.89
2025-12-04,4.948,4.922,4.952,4.912,1767662,435409336.0,0.81,-0.32,-0.016,1.78
2025-12-05,4.928,4.902,4.932,4.89,2605216,638904446.0,0.85,-0.41,-0.02,2.63
2025-12-08,4.902,4.888,4.904,4.878,1432267,350060356.0,0.53,-0.29,-0.014,1.44
2025-12-09,4.88,4.84,4.88,4.832,1172529,283732690.0,0.98,-0.98,-0.048,1.18
2025-12-10,4.84,4.886,4.894,4.84,1613500,393017950.0,1.12,0.95,0.046,1.63
2025-12-11,4.898,4.864,4.92,4.858,1538183,375690745.0,1.27,-0.45,-0.022,1.55
2025-12-12,4.9,4.906,4.922,4.882,1471310,360817935.0,0.82,0.86,0.042,1.48
2025-12-15,4.874,4.894,4.896,4.858,1353797,330201296.0,0.77,-0.24,-0.012,1.36
2025-12-16,4.858,4.84,4.876,4.822,1233409,298956198.0,1.1,-1.1,-0.054,1.24
2025-12-17,4.842,4.87,4.884,4.84,1341278,325954115.0,0.91,0.62,0.03,1.35
2025-12-18,4.824,4.852,4.856,4.82,1162286,281527361.0,0.74,-0.37,-0.018,1.17
2025-12-19,4.878,4.902,4.912,4.878,1515402,370941332.0,0.7,1.03,0.05,1.53
2025-12-22,4.94,4.912,4.942,4.91,1914873,471557552.0,0.65,0.2,0.01,1.93
2025-12-23,4.926,4.894,4.93,4.888,1329278,326302453.0,0.86,-0.37,-0.018,1.34
2025-12-24,4.912,4.91,4.918,4.896,1117995,274331495.0,0.45,0.33,0.016,1.13
2025-12-25,4.912,4.916,4.928,4.91,1114147,274121507.0,0.37,0.12,0.006,1.12
2025-12-26,4.922,4.922,4.928,4.906,817915,201181275.0,0.45,0.12,0.006,0.82
2025-12-29,4.922,4.894,4.93,4.88,1139450,278960675.0,1.02,-0.57,-0.028,1.15
2025-12-30,4.888,4.878,4.902,4.852,1064966,259660252.0,1.02,-0.33,-0.016,1.07
2025-12-31,4.872,4.864,4.874,4.852,655886,159366671.0,0.45,-0.29,-0.014,0.66
2026-01-05,4.874,4.936,4.938,4.87,1332765,327515740.0,1.4,1.48,0.072,1.34
2026-01-06,4.94,4.934,4.944,4.91,1096968,270270708.0,0.69,-0.04,-0.002,1.11
2026-01-07,4.94,4.93,4.954,4.924,1003027,247803068.0,0.61,-0.08,-0.004,1.01
2026-01-08,4.93,4.916,4.93,4.91,608726,149608354.0,0.41,-0.28,-0.014,0.61
2026-01-09,4.916,4.92,4.92,4.902,724801,178078830.0,0.37,0.08,0.004,0.73
2026-01-12,4.92,4.916,4.936,4.892,1213196,298222237.0,0.89,-0.08,-0.004,1.22
2026-01-13,4.916,4.92,4.922,4.908,1045582,256912010.0,0.28,0.08,0.004,1.05
2026-01-14,4.92,4.904,4.92,4.9,822806,201788696.0,0.41,-0.33,-0.016,0.83
2026-01-15,4.88,4.89,4.894,4.868,909693,221936222.0,0.53,-0.29,-0.014,0.92
2026-01-16,4.89,4.91,4.912,4.878,840316,205389208.0,0.7,0.41,0.02,0.85
2026-01-19,4.892,4.882,4.904,4.87,892266,217940965.0,0.69,-0.57,-0.028,0.9
2026-01-20,4.88,4.864,4.88,4.86,718749,174895441.0,0.41,-0.37,-0.018,0.72
2026-01-21,4.82,4.854,4.874,4.816,1463315,354995055.0,1.19,-0.21,-0.01,1.47
2026-01-22,4.878,4.918,4.92,4.878,986568,241793589.0,0.87,1.32,0.064,0.99
2026-01-23,4.926,4.868,4.936,4.862,2354760,575366469.0,1.5,-1.02,-0.05,2.37
2026-01-26,4.866,4.824,4.866,4.82,1147891,277478262.0,0.94,-0.9,-0.044,1.16
2026-01-27,4.844,4.848,4.858,4.84,736775,178696105.0,0.37,0.5,0.024,0.74
2026-01-28,4.864,4.866,4.876,4.852,889876,216431230.0,0.5,0.37,0.018,0.9
2026-01-29,4.864,4.85,4.874,4.822,869670,210615271.0,1.07,-0.33,-0.016,0.88
2026-01-30,4.846,4.878,4.878,4.83,1609274,390528595.0,0.99,0.58,0.028,1.62
2026-02-02,4.87,4.728,4.87,4.716,2449969,585376559.0,3.16,-3.08,-0.15,2.47
2026-02-03,4.798,4.75,4.81,4.736,2452086,583504312.0,1.57,0.47,0.022,2.47
2026-02-04,4.71,4.75,4.76,4.688,1082316,256084005.0,1.52,0.0,0.0,1.09
2026-02-05,4.738,4.736,4.744,4.704,843091,199129865.0,0.84,-0.29,-0.014,0.85
2026-02-06,4.68,4.652,4.696,4.648,1654298,386590793.0,1.01,-1.77,-0.084,1.67
2026-02-09,4.742,4.766,4.768,4.706,1894999,448827819.0,1.33,2.45,0.114,1.91
2026-02-10,4.768,4.788,4.798,4.756,839064,200550816.0,0.88,0.46,0.022,0.85
2026-02-11,4.79,4.79,4.794,4.768,575007,137614929.0,0.54,0.04,0.002,0.58
2026-02-12,4.786,4.778,4.8,4.77,872677,208980467.0,0.63,-0.25,-0.012,0.88
2026-02-13,4.726,4.764,4.766,4.72,796423,189134457.0,0.96,-0.29,-0.014,0.8
2026-02-24,4.762,4.77,4.782,4.724,944075,224565635.0,1.22,0.13,0.006,0.95
2026-02-25,4.786,4.764,4.814,4.756,994516,237869422.0,1.22,-0.13,-0.006,1.0
2026-02-26,4.782,4.768,4.788,4.758,723444,172427157.0,0.63,0.08,0.004,0.73
2026-02-27,4.762,4.774,4.782,4.734,674735,160348302.0,1.01,0.13,0.006,0.68
2026-03-02,4.75,4.716,4.758,4.712,1202995,284646607.0,0.96,-1.21,-0.058,1.21
2026-03-03,4.72,4.734,4.738,4.718,934609,220839405.0,0.42,0.38,0.018,0.94
2026-03-04,4.71,4.676,4.71,4.676,854842,200477593.0,0.72,-1.23,-0.058,0.86
2026-03-05,4.7,4.722,4.728,4.7,1287539,303551956.0,0.6,0.98,0.046,1.3
2026-03-06,4.716,4.7,4.716,4.67,1039132,243510294.0,0.97,-0.47,-0.022,1.05
2026-03-09,4.612,4.588,4.62,4.56,1444542,331334253.0,1.28,-2.38,-0.112,1.46
2026-03-10,4.64,4.622,4.65,4.604,1234062,285001492.0,1.0,0.74,0.034,1.24
2026-03-11,4.624,4.626,4.634,4.618,706048,163223058.0,0.35,0.09,0.004,0.71
2026-03-12,4.608,4.636,4.654,4.6,1056923,244563895.0,1.17,0.22,0.01,1.07
2026-03-13,4.614,4.572,4.614,4.56,1299375,297833618.0,1.16,-1.38,-0.064,1.31
2026-03-16,4.568,4.558,4.57,4.54,1346419,306552733.0,0.66,-0.31,-0.014,1.36
2026-03-17,4.572,4.566,4.588,4.558,990191,226386446.0,0.66,0.18,0.008,1.0
2026-03-18,4.584,4.568,4.592,4.562,1289379,294979066.0,0.66,0.04,0.002,1.3
2026-03-19,4.518,4.518,4.542,4.51,1092605,247382597.0,0.7,-1.09,-0.05,1.1
2026-03-20,4.516,4.488,4.54,4.484,1036483,234074387.0,1.24,-0.66,-0.03,1.04
2026-03-23,4.45,4.298,4.45,4.26,3025265,655501492.0,4.23,-4.23,-0.19,3.05
2026-03-24,4.342,4.38,4.39,4.322,2319160,503666036.0,1.58,1.91,0.082,2.34
2026-03-25,4.398,4.426,4.472,4.398,2273940,504334465.0,1.69,1.05,0.046,2.29
2026-03-26,4.444,4.438,4.46,4.43,921780,204841595.0,0.68,0.27,0.012,0.93
2026-03-27,4.38,4.418,4.436,4.364,1026027,225904762.0,1.62,-0.45,-0.02,1.03
2026-03-30,4.318,4.342,4.36,4.312,1862203,403404287.0,1.09,-1.72,-0.076,1.88
2026-03-31,4.336,4.328,4.384,4.32,1228516,266858623.0,1.47,-0.32,-0.014,1.24
2026-04-01,4.434,4.476,4.488,4.406,1905977,423326447.0,1.89,3.42,0.148,1.92
2026-04-02,4.482,4.412,4.482,4.372,1565828,346060998.0,2.46,-1.43,-0.064,1.58
2026-04-03,4.446,4.412,4.454,4.41,859306,190245000.0,1.0,0.0,0.0,0.87
2026-04-07,4.418,4.414,4.444,4.412,1158436,256235833.0,0.73,0.05,0.002,1.17
2026-04-08,4.522,4.58,4.584,4.514,1973051,448561585.0,1.59,3.76,0.166,1.99
2026-04-09,4.528,4.55,4.578,4.52,1172983,267149970.0,1.27,-0.66,-0.03,1.18
2026-04-10,4.6,4.588,4.624,4.58,1007994,231876381.0,0.97,0.84,0.038,1.02
2026-04-13,4.56,4.562,4.58,4.544,1005119,229069452.0,0.78,-0.57,-0.026,1.01
2026-04-14,4.628,4.626,4.638,4.61,1218483,281563920.0,0.61,1.4,0.064,1.23
2026-04-15,4.668,4.674,4.704,4.66,1363408,318993288.0,0.95,1.04,0.048,1.37
2026-04-16,4.724,4.73,4.732,4.714,1444987,341136313.0,0.39,1.2,0.056,1.46
2026-04-17,4.73,4.722,4.732,4.708,1348054,318013156.0,0.51,-0.17,-0.008,1.36
2026-04-20,4.744,4.72,4.752,4.716,1304514,308732215.0,0.76,-0.04,-0.002,1.31
2026-04-21,4.74,4.74,4.74,4.71,888684,209948363.0,0.64,0.42,0.02,0.9
2026-04-22,4.738,4.746,4.754,4.716,950651,224895473.0,0.8,0.13,0.006,0.96
2026-04-23,4.756,4.738,4.768,4.73,1179817,279918380.0,0.8,-0.17,-0.008,1.19
2026-04-24,4.74,4.732,4.744,4.724,651124,154091129.0,0.42,-0.13,-0.006,0.66
2026-04-27,4.766,4.768,4.77,4.746,1213047,288834952.0,0.51,0.76,0.036,1.22
