date,open,close,high,low,volume,amount,振幅,涨跌幅,涨跌额,换手率
2016-04-13,2.601,2.584,2.603,2.583,966631,250600000.0,0.77,-0.88,-0.023,0.81
2016-04-14,2.564,2.563,2.566,2.558,934631,239486818.0,0.31,-0.81,-0.021,0.79
2016-04-15,2.553,2.562,2.566,2.552,724693,185512531.0,0.55,-0.04,-0.001,0.61
2016-04-18,2.57,2.564,2.576,2.562,504333,129611743.0,0.55,0.08,0.002,0.42
2016-04-19,2.559,2.588,2.593,2.556,522499,134031065.0,1.44,0.94,0.024,0.44
2016-04-20,2.602,2.594,2.611,2.582,997583,259334489.0,1.12,0.23,0.006,0.84
2016-04-21,2.595,2.626,2.631,2.594,1325899,346097520.0,1.43,1.23,0.032,1.12
2016-04-22,2.599,2.592,2.61,2.59,817112,212586071.0,0.76,-1.29,-0.034,0.69
2016-04-25,2.571,2.578,2.588,2.569,686490,176951046.0,0.73,-0.54,-0.014,0.58
2016-04-26,2.59,2.573,2.593,2.572,472094,121868877.0,0.81,-0.19,-0.005,0.4
2016-04-27,2.595,2.601,2.602,2.591,833862,216457084.0,0.43,1.09,0.028,0.7
2016-04-28,2.588,2.613,2.618,2.586,909578,236775624.0,1.23,0.46,0.012,0.77
2016-04-29,2.634,2.66,2.67,2.634,2265111,601795376.0,1.38,1.8,0.047,1.91
2016-05-03,2.7,2.702,2.711,2.671,2192020,589987840.0,1.5,1.58,0.042,1.85
2016-05-04,2.68,2.677,2.681,2.674,1048731,280864240.0,0.26,-0.93,-0.025,0.88
2016-05-05,2.676,2.675,2.69,2.674,1259980,338034384.0,0.6,-0.07,-0.002,1.06
2016-05-06,2.674,2.68,2.687,2.672,1614777,432779504.0,0.56,0.19,0.005,1.36
2016-05-09,2.686,2.67,2.693,2.666,2133354,571996336.0,1.01,-0.37,-0.01,1.8
2016-05-10,2.647,2.657,2.661,2.64,1692328,449050592.0,0.79,-0.49,-0.013,1.43
2016-05-11,2.664,2.669,2.674,2.66,1612959,430186896.0,0.53,0.45,0.012,1.36
2016-05-12,2.674,2.66,2.674,2.659,852979,227568491.0,0.56,-0.34,-0.009,0.72
2016-05-13,2.659,2.682,2.686,2.657,2049387,548018384.0,1.09,0.83,0.022,1.73
2016-05-16,2.682,2.695,2.699,2.681,1915400,515260048.0,0.67,0.48,0.013,1.61
2016-05-17,2.69,2.682,2.691,2.678,1808375,485834336.0,0.48,-0.48,-0.013,1.52
2016-05-18,2.688,2.681,2.691,2.68,821683,220720767.0,0.41,-0.04,-0.001,0.69
2016-05-19,2.659,2.64,2.66,2.639,1580449,419054512.0,0.78,-1.53,-0.041,1.33
2016-05-20,2.641,2.638,2.647,2.633,1150627,303808016.0,0.53,-0.08,-0.002,0.97
2016-05-23,2.644,2.635,2.647,2.634,1310518,346061792.0,0.49,-0.11,-0.003,1.1
2016-05-24,2.631,2.623,2.636,2.623,1030177,271173568.0,0.49,-0.46,-0.012,0.87
2016-05-25,2.595,2.581,2.606,2.578,1618626,419415776.0,1.07,-1.6,-0.042,1.36
2016-05-26,2.593,2.591,2.598,2.587,946297,245494240.0,0.43,0.39,0.01,0.8
2016-05-27,2.577,2.58,2.584,2.564,1137192,292962080.0,0.77,-0.42,-0.011,0.96
2016-05-30,2.55,2.554,2.555,2.538,1078015,274562560.0,0.66,-1.01,-0.026,0.91
2016-05-31,2.569,2.576,2.577,2.566,1030173,265015803.0,0.43,0.86,0.022,0.87
2016-06-01,2.583,2.579,2.59,2.577,932630,241001569.0,0.5,0.12,0.003,0.79
2016-06-02,2.572,2.581,2.582,2.57,607559,156530819.0,0.47,0.08,0.002,0.51
2016-06-03,2.572,2.574,2.575,2.57,582390,149767188.0,0.19,-0.27,-0.007,0.49
2016-06-06,2.625,2.621,2.629,2.618,1385639,363242256.0,0.43,1.83,0.047,1.17
2016-06-07,2.626,2.625,2.63,2.622,693575,182178360.0,0.31,0.15,0.004,0.58
2016-06-08,2.629,2.646,2.646,2.627,788112,207896250.0,0.72,0.8,0.021,0.66
2016-06-13,2.693,2.724,2.729,2.693,2314037,626773552.0,1.36,2.95,0.078,1.95
2016-06-14,2.722,2.717,2.725,2.71,1302620,354141920.0,0.55,-0.26,-0.007,1.1
2016-06-15,2.727,2.73,2.735,2.722,1068519,291452880.0,0.48,0.48,0.013,0.9
2016-06-16,2.75,2.777,2.785,2.745,1309878,361593424.0,1.47,1.72,0.047,1.1
2016-06-17,2.718,2.715,2.73,2.711,1675672,455545344.0,0.68,-2.23,-0.062,1.41
2016-06-20,2.72,2.717,2.724,2.711,742614,201853519.0,0.48,0.07,0.002,0.63
2016-06-21,2.721,2.712,2.724,2.708,829378,225474935.0,0.59,-0.18,-0.005,0.7
2016-06-22,2.693,2.675,2.694,2.67,670454,179865129.0,0.88,-1.36,-0.037,0.56
2016-06-23,2.675,2.681,2.69,2.672,1075972,288220272.0,0.67,0.22,0.006,0.91
2016-06-24,2.703,2.805,2.946,2.686,4560088,1267108608.0,9.7,4.63,0.124,3.84
2016-06-27,2.827,2.828,2.835,2.823,1267492,358457616.0,0.43,0.82,0.023,1.07
2016-06-28,2.828,2.817,2.828,2.814,944155,266386699.0,0.5,-0.39,-0.011,0.8
2016-06-29,2.82,2.83,2.832,2.819,1067751,301905712.0,0.46,0.46,0.013,0.9
2016-06-30,2.822,2.818,2.824,2.813,1184714,333898480.0,0.39,-0.42,-0.012,1.0
2016-07-01,2.839,2.858,2.867,2.839,1988576,567387968.0,0.99,1.42,0.04,1.68
2016-07-04,2.904,2.899,2.917,2.884,2089501,605771552.0,1.15,1.43,0.041,1.76
2016-07-05,2.9,2.89,2.902,2.871,1046106,301901600.0,1.07,-0.31,-0.009,0.88
2016-07-06,2.946,2.947,2.96,2.94,1866619,550636976.0,0.69,1.97,0.057,1.57
2016-07-07,2.946,2.936,2.958,2.934,1422086,419033136.0,0.81,-0.37,-0.011,1.2
2016-07-08,2.911,2.916,2.926,2.911,1317558,384469472.0,0.51,-0.68,-0.02,1.11
2016-07-11,2.945,2.942,2.963,2.933,2439615,719447216.0,1.03,0.89,0.026,2.06
2016-07-12,2.928,2.919,2.929,2.915,1171359,342195840.0,0.48,-0.78,-0.023,0.99
2016-07-13,2.863,2.892,2.893,2.86,1212284,348273632.0,1.13,-0.92,-0.027,1.02
2016-07-14,2.9,2.872,2.9,2.87,1046603,301490192.0,1.04,-0.69,-0.02,0.88
2016-07-15,2.866,2.875,2.876,2.859,1206897,346107008.0,0.59,0.1,0.003,1.02
2016-07-18,2.864,2.865,2.874,2.857,1219518,349494416.0,0.59,-0.35,-0.01,1.03
2016-07-19,2.867,2.87,2.876,2.861,978109,280757648.0,0.52,0.17,0.005,0.82
2016-07-20,2.87,2.858,2.877,2.857,1248879,358171408.0,0.7,-0.42,-0.012,1.05
2016-07-21,2.826,2.83,2.833,2.822,1071630,303038304.0,0.38,-0.98,-0.028,0.9
2016-07-22,2.857,2.844,2.857,2.84,1255486,357518704.0,0.6,0.49,0.014,1.06
2016-07-25,2.826,2.83,2.835,2.821,804346,227627657.0,0.49,-0.49,-0.014,0.68
2016-07-26,2.838,2.834,2.84,2.827,707641,200526737.0,0.46,0.14,0.004,0.6
2016-07-27,2.832,2.836,2.838,2.827,953613,270159824.0,0.39,0.07,0.002,0.8
2016-07-28,2.873,2.876,2.878,2.862,1346346,386652592.0,0.56,1.41,0.04,1.13
2016-07-29,2.871,2.859,2.872,2.855,732685,209971247.0,0.59,-0.59,-0.017,0.62
2016-08-01,2.881,2.877,2.887,2.876,955003,275225040.0,0.38,0.63,0.018,0.8
2016-08-02,2.884,2.895,2.895,2.879,683898,197365683.0,0.56,0.63,0.018,0.58
2016-08-03,2.907,2.912,2.916,2.905,1249786,363583728.0,0.38,0.59,0.017,1.05
2016-08-04,2.896,2.881,2.901,2.88,1382043,399537664.0,0.72,-1.06,-0.031,1.16
2016-08-05,2.902,2.918,2.919,2.902,1466660,426838816.0,0.59,1.28,0.037,1.24
2016-08-08,2.869,2.857,2.87,2.852,1292583,370128736.0,0.62,-2.09,-0.061,1.09
2016-08-09,2.859,2.855,2.863,2.853,684384,195635110.0,0.35,-0.07,-0.002,0.58
2016-08-10,2.876,2.896,2.899,2.876,1243490,358862352.0,0.81,1.44,0.041,1.05
2016-08-11,2.872,2.871,2.875,2.868,705126,202446406.0,0.24,-0.86,-0.025,0.59
2016-08-12,2.866,2.87,2.871,2.865,564926,162024012.0,0.21,-0.03,-0.001,0.48
2016-08-15,2.864,2.864,2.865,2.857,895181,256125813.0,0.28,-0.21,-0.006,0.75
2016-08-16,2.868,2.875,2.88,2.865,1121154,321995152.0,0.52,0.38,0.011,0.94
2016-08-17,2.87,2.861,2.87,2.859,839378,240412116.0,0.38,-0.49,-0.014,0.71
2016-08-18,2.881,2.876,2.886,2.874,1203098,346747072.0,0.42,0.52,0.015,1.01
2016-08-19,2.872,2.877,2.885,2.869,739558,212757477.0,0.56,0.03,0.001,0.62
2016-08-22,2.859,2.855,2.861,2.853,783126,223802355.0,0.28,-0.76,-0.022,0.66
2016-08-23,2.861,2.86,2.862,2.855,658070,188132732.0,0.25,0.18,0.005,0.55
2016-08-24,2.86,2.861,2.863,2.86,455656,130383274.0,0.1,0.03,0.001,0.38
2016-08-25,2.835,2.837,2.841,2.833,762899,216419473.0,0.28,-0.84,-0.024,0.64
2016-08-26,2.831,2.841,2.842,2.831,604934,171650706.0,0.39,0.14,0.004,0.51
2016-08-29,2.83,2.83,2.833,2.827,529243,149776841.0,0.21,-0.39,-0.011,0.45
2016-08-30,2.841,2.836,2.846,2.835,760291,216076606.0,0.39,0.21,0.006,0.64
2016-08-31,2.829,2.823,2.831,2.822,1294359,366014608.0,0.32,-0.46,-0.013,1.09
2016-09-01,2.819,2.815,2.823,2.814,773103,217959982.0,0.32,-0.28,-0.008,0.65
2016-09-02,2.822,2.821,2.828,2.817,1373418,387901792.0,0.39,0.21,0.006,1.16
2016-09-05,2.843,2.851,2.852,2.843,1318579,375182320.0,0.32,1.06,0.03,1.11
2016-09-06,2.85,2.852,2.854,2.849,759613,216590831.0,0.18,0.04,0.001,0.64
2016-09-07,2.889,2.891,2.899,2.888,1498523,433559184.0,0.39,1.37,0.039,1.26
2016-09-08,2.884,2.889,2.89,2.883,578545,166924255.0,0.24,-0.07,-0.002,0.49
2016-09-09,2.874,2.872,2.877,2.87,593686,170630736.0,0.24,-0.59,-0.017,0.5
2016-09-12,2.855,2.852,2.855,2.846,2035189,579846000.0,0.31,-0.7,-0.02,1.71
2016-09-13,2.855,2.857,2.863,2.854,912801,260887210.0,0.32,0.18,0.005,0.77
2016-09-14,2.835,2.843,2.845,2.831,876061,248483362.0,0.49,-0.49,-0.014,0.74
2016-09-19,2.826,2.826,2.831,2.822,1347658,380846464.0,0.32,-0.6,-0.017,1.14
2016-09-20,2.828,2.831,2.833,2.827,552112,156279543.0,0.21,0.18,0.005,0.47
2016-09-21,2.831,2.838,2.841,2.827,1159943,328523248.0,0.49,0.25,0.007,0.98
2016-09-22,2.86,2.859,2.863,2.855,1274066,364224512.0,0.28,0.74,0.021,1.07
2016-09-23,2.866,2.862,2.867,2.861,865012,247776040.0,0.21,0.1,0.003,0.73
2016-09-26,2.869,2.863,2.87,2.859,1164063,333323072.0,0.38,0.03,0.001,0.98
2016-09-27,2.87,2.858,2.871,2.857,1184475,338982800.0,0.49,-0.17,-0.005,1.0
2016-09-28,2.841,2.837,2.844,2.836,1211647,344117120.0,0.28,-0.73,-0.021,1.02
2016-09-29,2.84,2.832,2.843,2.832,887864,252071276.0,0.39,-0.18,-0.005,0.75
2016-09-30,2.838,2.843,2.844,2.834,1030798,292685840.0,0.35,0.39,0.011,0.87
2016-10-10,2.729,2.737,2.739,2.72,3361636,918397648.0,0.67,-3.73,-0.106,2.83
2016-10-11,2.729,2.731,2.733,2.724,1402947,382668512.0,0.33,-0.22,-0.006,1.18
2016-10-12,2.727,2.725,2.73,2.724,819634,223540144.0,0.22,-0.22,-0.006,0.69
2016-10-13,2.726,2.734,2.738,2.726,1344222,367374160.0,0.44,0.33,0.009,1.13
2016-10-14,2.731,2.724,2.734,2.722,922034,251442176.0,0.44,-0.37,-0.01,0.78
2016-10-17,2.722,2.734,2.735,2.722,1456110,397392672.0,0.48,0.37,0.01,1.23
2016-10-18,2.737,2.74,2.745,2.734,1411368,386439168.0,0.4,0.22,0.006,1.19
2016-10-19,2.744,2.74,2.746,2.739,1105656,303282832.0,0.26,0.0,0.0,0.93
2016-10-20,2.757,2.761,2.766,2.756,1113957,307674368.0,0.36,0.77,0.021,0.94
2016-10-21,2.754,2.751,2.756,2.749,1281814,352786800.0,0.25,-0.36,-0.01,1.08
2016-10-24,2.756,2.76,2.764,2.755,1763177,486304048.0,0.33,0.33,0.009,1.49
2016-10-25,2.762,2.77,2.773,2.762,2184866,604559808.0,0.4,0.36,0.01,1.84
2016-10-26,2.784,2.783,2.791,2.782,1410449,393034896.0,0.32,0.47,0.013,1.19
2016-10-27,2.77,2.772,2.775,2.768,1320655,366068208.0,0.25,-0.4,-0.011,1.11
2016-10-28,2.778,2.775,2.783,2.772,1210802,336449072.0,0.4,0.11,0.003,1.02
2016-10-31,2.787,2.788,2.795,2.786,1944852,542831808.0,0.32,0.47,0.013,1.64
2016-11-01,2.793,2.799,2.803,2.791,1803009,504182512.0,0.43,0.39,0.011,1.52
2016-11-02,2.818,2.824,2.825,2.813,2263061,637679792.0,0.43,0.89,0.025,1.91
2016-11-03,2.833,2.823,2.833,2.819,3456987,977183984.0,0.5,-0.04,-0.001,2.91
2016-11-04,2.829,2.804,2.832,2.8,3039600,855723424.0,1.13,-0.67,-0.019,2.56
2016-11-07,2.806,2.792,2.81,2.785,2966980,828752784.0,0.89,-0.43,-0.012,2.5
2016-11-08,2.778,2.798,2.798,2.778,3670003,1023441392.0,0.72,0.21,0.006,3.09
2016-11-09,2.786,2.865,2.89,2.785,9367809,2664597888.0,3.75,2.39,0.067,7.89
2016-11-10,2.799,2.813,2.815,2.797,2951479,829285872.0,0.63,-1.82,-0.052,2.49
2016-11-11,2.779,2.769,2.78,2.749,2712284,750070752.0,1.1,-1.56,-0.044,2.29
2016-11-14,2.675,2.683,2.686,2.675,3428141,918678944.0,0.4,-3.11,-0.086,2.89
2016-11-15,2.712,2.709,2.713,2.705,2698899,731104096.0,0.3,0.97,0.026,2.27
2016-11-16,2.715,2.722,2.725,2.715,2787345,758600832.0,0.37,0.48,0.013,2.35
2016-11-17,2.722,2.716,2.724,2.714,1532615,416814160.0,0.37,-0.22,-0.006,1.29
2016-11-18,2.7,2.687,2.7,2.684,2564891,689690896.0,0.59,-1.07,-0.029,2.16
2016-11-21,2.696,2.709,2.711,2.695,1930840,521697040.0,0.6,0.82,0.022,1.63
2016-11-22,2.72,2.715,2.721,2.713,2137221,580651648.0,0.3,0.22,0.006,1.8
2016-11-23,2.715,2.717,2.723,2.712,4399510,1196001312.0,0.41,0.07,0.002,3.71
2016-11-24,2.686,2.684,2.691,2.682,3734770,1003127872.0,0.33,-1.21,-0.033,3.15
2016-11-25,2.671,2.662,2.675,2.641,4806399,1276397904.0,1.27,-0.82,-0.022,4.05
2016-11-28,2.687,2.678,2.692,2.677,4048898,1087289840.0,0.56,0.6,0.016,3.41
2016-11-29,2.68,2.666,2.682,2.665,3028069,809362880.0,0.63,-0.45,-0.012,2.55
2016-11-30,2.664,2.652,2.667,2.651,3845407,1022256704.0,0.6,-0.53,-0.014,3.24
2016-12-01,2.625,2.64,2.644,2.619,3575597,940998384.0,0.94,-0.45,-0.012,3.01
2016-12-02,2.643,2.638,2.644,2.631,3039144,800894656.0,0.49,-0.08,-0.002,2.56
2016-12-05,2.64,2.629,2.642,2.627,4143100,1091278032.0,0.57,-0.34,-0.009,3.49
2016-12-06,2.632,2.626,2.636,2.625,4133492,1087667392.0,0.42,-0.11,-0.003,3.48
2016-12-07,2.623,2.621,2.63,2.621,3409606,894715008.0,0.34,-0.19,-0.005,2.87
2016-12-08,2.638,2.644,2.65,2.636,4624944,1223170400.0,0.53,0.88,0.023,3.9
2016-12-09,2.642,2.643,2.644,2.633,5033720,1328455680.0,0.42,-0.04,-0.001,4.24
2016-12-12,2.64,2.63,2.64,2.624,4354745,1145628224.0,0.61,-0.49,-0.013,3.67
2016-12-13,2.634,2.632,2.643,2.631,4189437,1104671216.0,0.46,0.08,0.002,3.53
2016-12-14,2.636,2.65,2.652,2.634,5472077,1445322688.0,0.68,0.68,0.018,4.61
2016-12-15,2.622,2.615,2.627,2.613,4043550,1059735392.0,0.53,-1.32,-0.035,3.41
2016-12-16,2.603,2.602,2.607,2.6,3197197,832587856.0,0.27,-0.5,-0.013,2.69
2016-12-19,2.614,2.615,2.617,2.609,4066297,1062059376.0,0.31,0.5,0.013,3.43
2016-12-20,2.612,2.601,2.616,2.598,3487189,910773440.0,0.69,-0.54,-0.014,2.94
2016-12-21,2.581,2.595,2.602,2.579,3510697,909646992.0,0.88,-0.23,-0.006,2.96
2016-12-22,2.589,2.577,2.591,2.575,5688557,1470164720.0,0.62,-0.69,-0.018,4.79
2016-12-23,2.584,2.583,2.589,2.582,3363345,869828800.0,0.27,0.23,0.006,2.83
2016-12-26,2.586,2.592,2.595,2.584,4447948,1150474016.0,0.43,0.35,0.009,3.75
2016-12-27,2.592,2.595,2.6,2.591,5348551,1388962752.0,0.35,0.12,0.003,4.51
2016-12-28,2.598,2.603,2.609,2.597,4231303,1101763184.0,0.46,0.31,0.008,3.57
2016-12-29,2.612,2.616,2.617,2.608,2973083,776700384.0,0.35,0.5,0.013,2.51
2016-12-30,2.64,2.636,2.642,2.626,3016086,794450352.0,0.61,0.76,0.02,2.54
2017-01-03,2.635,2.626,2.636,2.625,1810750,476438208.0,0.42,-0.38,-0.01,1.53
2017-01-04,2.632,2.638,2.642,2.632,2128353,561173616.0,0.38,0.46,0.012,1.79
2017-01-05,2.64,2.636,2.641,2.629,3545702,934366064.0,0.45,-0.08,-0.002,2.99
2017-01-06,2.637,2.633,2.641,2.632,2607779,687845760.0,0.34,-0.11,-0.003,2.2
2017-01-09,2.638,2.645,2.645,2.638,2582298,682501088.0,0.27,0.46,0.012,2.18
2017-01-10,2.656,2.663,2.666,2.655,3779365,1005428336.0,0.42,0.68,0.018,3.18
2017-01-11,2.665,2.664,2.667,2.661,3086984,822284160.0,0.23,0.04,0.001,2.6
2017-01-12,2.665,2.671,2.671,2.665,2783158,742442016.0,0.23,0.26,0.007,2.35
2017-01-13,2.658,2.662,2.667,2.655,1974099,525206752.0,0.45,-0.34,-0.009,1.66
2017-01-16,2.667,2.682,2.686,2.666,2578645,690037744.0,0.75,0.75,0.02,2.17
2017-01-17,2.685,2.694,2.699,2.682,3271692,880424128.0,0.63,0.45,0.012,2.76
2017-01-18,2.697,2.685,2.697,2.682,2860817,770078384.0,0.56,-0.33,-0.009,2.41
2017-01-19,2.669,2.662,2.674,2.655,3952549,1053909936.0,0.71,-0.86,-0.023,3.33
2017-01-20,2.667,2.668,2.672,2.666,2441293,651831328.0,0.23,0.23,0.006,2.06
2017-01-23,2.686,2.681,2.691,2.681,2327551,625471856.0,0.37,0.49,0.013,1.96
2017-01-24,2.684,2.677,2.685,2.674,1877252,503504304.0,0.41,-0.15,-0.004,1.58
2017-01-25,2.663,2.651,2.67,2.65,2532521,674733296.0,0.75,-0.97,-0.026,2.13
2017-01-26,2.645,2.641,2.645,2.639,1303537,344362288.0,0.23,-0.38,-0.01,1.1
2017-02-03,2.678,2.674,2.68,2.673,1290778,345383600.0,0.27,1.25,0.033,1.09
2017-02-06,2.696,2.701,2.703,2.695,1276724,344649680.0,0.3,1.01,0.027,1.08
2017-02-07,2.712,2.722,2.726,2.712,1911134,519230176.0,0.52,0.78,0.021,1.61
2017-02-08,2.726,2.722,2.732,2.721,2196877,599386272.0,0.4,0.0,0.0,1.85
2017-02-09,2.738,2.74,2.743,2.738,2790736,764871264.0,0.18,0.66,0.018,2.35
2017-02-10,2.709,2.712,2.715,2.706,2015988,546651856.0,0.33,-1.02,-0.028,1.7
2017-02-13,2.725,2.719,2.728,2.718,2656028,723279664.0,0.37,0.26,0.007,2.24
2017-02-14,2.713,2.72,2.721,2.712,1819952,494214528.0,0.33,0.04,0.001,1.53
2017-02-15,2.712,2.707,2.715,2.705,3133007,849313344.0,0.37,-0.48,-0.013,2.64
2017-02-16,2.727,2.725,2.731,2.723,2216657,604731200.0,0.3,0.66,0.018,1.87
2017-02-17,2.734,2.737,2.739,2.73,1947612,532662864.0,0.33,0.44,0.012,1.64
2017-02-20,2.73,2.73,2.737,2.726,2752247,751452304.0,0.4,-0.26,-0.007,2.32
2017-02-21,2.73,2.736,2.737,2.728,3487969,952890160.0,0.33,0.22,0.006,2.94
2017-02-22,2.739,2.735,2.742,2.733,1269311,347664912.0,0.33,-0.04,-0.001,1.07
2017-02-23,2.739,2.739,2.741,2.736,2520024,690222064.0,0.18,0.15,0.004,2.12
2017-02-24,2.763,2.775,2.779,2.761,2071424,573096224.0,0.66,1.31,0.036,1.75
2017-02-27,2.781,2.784,2.787,2.781,2837021,789760448.0,0.22,0.32,0.009,2.39
2017-02-28,2.774,2.774,2.778,2.773,3017584,837531616.0,0.18,-0.36,-0.01,2.54
2017-03-01,2.752,2.755,2.764,2.752,3791023,1045728384.0,0.43,-0.68,-0.019,3.19
2017-03-02,2.763,2.758,2.763,2.758,3126892,863349600.0,0.18,0.11,0.003,2.63
2017-03-03,2.736,2.737,2.741,2.736,3002310,822288608.0,0.18,-0.76,-0.021,2.53
2017-03-06,2.743,2.739,2.745,2.739,2930317,803679424.0,0.22,0.07,0.002,2.47
2017-03-07,2.733,2.729,2.733,2.729,2982088,814299072.0,0.15,-0.37,-0.01,2.51
2017-03-08,2.718,2.717,2.722,2.717,2754049,749012592.0,0.18,-0.44,-0.012,2.32
2017-03-09,2.71,2.708,2.711,2.705,2541500,688503984.0,0.22,-0.33,-0.009,2.14
2017-03-10,2.695,2.69,2.696,2.688,2164910,582802608.0,0.3,-0.66,-0.018,1.82
2017-03-13,2.702,2.718,2.719,2.702,2409451,652628496.0,0.63,1.04,0.028,2.03
2017-03-14,2.706,2.709,2.717,2.706,3258575,884186896.0,0.4,-0.33,-0.009,2.75
2017-03-15,2.708,2.709,2.714,2.705,4971248,1346723712.0,0.33,0.0,0.0,4.19
2017-03-16,2.748,2.75,2.755,2.746,4408380,1212160544.0,0.33,1.51,0.041,3.71
2017-03-17,2.748,2.754,2.755,2.747,2526456,695171600.0,0.29,0.15,0.004,2.13
2017-03-20,2.759,2.766,2.771,2.759,2530528,700273040.0,0.44,0.44,0.012,2.13
2017-03-21,2.764,2.751,2.766,2.749,3425636,944125488.0,0.61,-0.54,-0.015,2.89
2017-03-22,2.768,2.776,2.779,2.767,2714144,753271984.0,0.44,0.91,0.025,2.29
2017-03-23,2.774,2.779,2.781,2.771,2627927,729253520.0,0.36,0.11,0.003,2.21
2017-03-24,2.771,2.773,2.776,2.769,2419712,671049216.0,0.25,-0.22,-0.006,2.04
2017-03-27,2.796,2.8,2.802,2.792,3061354,856367472.0,0.36,0.97,0.027,2.58
2017-03-28,2.797,2.793,2.799,2.79,2081063,581916864.0,0.32,-0.25,-0.007,1.75
2017-03-29,2.783,2.786,2.788,2.782,2685463,747885280.0,0.21,-0.25,-0.007,2.26
2017-03-30,2.785,2.784,2.787,2.78,2338242,650939088.0,0.25,-0.07,-0.002,1.97
2017-03-31,2.767,2.761,2.767,2.76,1698327,469312832.0,0.25,-0.83,-0.023,1.43
2017-04-05,2.784,2.792,2.801,2.781,4560013,1273020224.0,0.72,1.12,0.031,3.84
2017-04-06,2.791,2.794,2.795,2.791,2577954,720240016.0,0.14,0.07,0.002,2.17
2017-04-07,2.809,2.819,2.832,2.807,4254011,1200372512.0,0.89,0.89,0.025,3.58
2017-04-10,2.799,2.808,2.813,2.798,3451337,967834000.0,0.53,-0.39,-0.011,2.91
2017-04-11,2.809,2.814,2.826,2.806,4373357,1229963264.0,0.71,0.21,0.006,3.69
2017-04-12,2.853,2.842,2.855,2.838,3922599,1117107808.0,0.6,1.0,0.028,3.31
2017-04-13,2.86,2.853,2.863,2.852,4472480,1278430000.0,0.39,0.39,0.011,3.77
2017-04-14,2.86,2.859,2.865,2.854,7309815,2090708512.0,0.39,0.21,0.006,6.16
2017-04-17,2.861,2.852,2.868,2.849,5356384,1533748480.0,0.66,-0.24,-0.007,4.51
2017-04-18,2.845,2.843,2.848,2.84,5635795,1603213424.0,0.28,-0.32,-0.009,4.75
2017-04-19,2.846,2.841,2.85,2.84,3878143,1103619312.0,0.35,-0.07,-0.002,3.27
2017-04-20,2.839,2.836,2.843,2.831,1905307,540422112.0,0.42,-0.18,-0.005,1.61
2017-04-21,2.836,2.827,2.836,2.826,2548979,721079600.0,0.35,-0.32,-0.009,2.15
2017-04-24,2.825,2.805,2.827,2.804,2603672,733911104.0,0.81,-0.78,-0.022,2.19
2017-04-25,2.806,2.807,2.811,2.804,5222972,1466299632.0,0.25,0.07,0.002,4.4
2017-04-26,2.797,2.794,2.8,2.792,5094034,1424421344.0,0.29,-0.46,-0.013,4.29
2017-04-27,2.801,2.802,2.805,2.8,3457907,969345392.0,0.18,0.29,0.008,2.91
2017-04-28,2.803,2.812,2.814,2.802,2223555,624543776.0,0.43,0.36,0.01,1.87
2017-05-02,2.792,2.788,2.797,2.787,2049375,572407856.0,0.36,-0.85,-0.024,1.73
2017-05-03,2.79,2.788,2.791,2.786,1402221,391097360.0,0.18,0.0,0.0,1.18
2017-05-04,2.765,2.745,2.767,2.736,4861794,1341891840.0,1.11,-1.54,-0.043,4.1
2017-05-05,2.732,2.747,2.749,2.731,2062512,564424832.0,0.66,0.07,0.002,1.74
2017-05-08,2.745,2.738,2.748,2.737,1239771,340195376.0,0.4,-0.33,-0.009,1.04
2017-05-09,2.741,2.741,2.746,2.734,2210910,606207632.0,0.44,0.11,0.003,1.86
2017-05-10,2.731,2.726,2.731,2.723,1960839,534764896.0,0.29,-0.55,-0.015,1.65
2017-05-11,2.726,2.731,2.735,2.726,2706412,738453696.0,0.33,0.18,0.005,2.28
2017-05-12,2.737,2.739,2.743,2.733,1912927,523800256.0,0.37,0.29,0.008,1.61
2017-05-15,2.74,2.75,2.753,2.739,2856468,784436000.0,0.51,0.4,0.011,2.41
2017-05-16,2.753,2.757,2.759,2.753,3064408,844582400.0,0.22,0.25,0.007,2.58
2017-05-17,2.766,2.768,2.771,2.765,2524693,698856512.0,0.22,0.4,0.011,2.13
2017-05-18,2.803,2.791,2.804,2.79,2235460,625478336.0,0.51,0.83,0.023,1.88
2017-05-19,2.782,2.784,2.787,2.778,1940811,540010000.0,0.32,-0.25,-0.007,1.64
2017-05-22,2.785,2.79,2.791,2.784,1944020,541805456.0,0.25,0.22,0.006,1.64
2017-05-23,2.802,2.803,2.807,2.799,2396456,672045040.0,0.29,0.47,0.013,2.02
2017-05-24,2.784,2.772,2.785,2.77,2339396,650283680.0,0.54,-1.11,-0.031,1.97
2017-05-25,2.79,2.784,2.791,2.784,1318344,367533616.0,0.25,0.43,0.012,1.11
2017-05-26,2.776,2.788,2.789,2.775,1429314,397223776.0,0.5,0.14,0.004,1.2
2017-05-31,2.786,2.775,2.788,2.773,1899738,528322640.0,0.54,-0.47,-0.013,1.6
2017-06-01,2.779,2.777,2.78,2.773,1635291,454076928.0,0.25,0.07,0.002,1.38
2017-06-02,2.767,2.771,2.774,2.767,2888691,800275360.0,0.25,-0.22,-0.006,2.43
2017-06-05,2.81,2.805,2.818,2.801,2575161,723130144.0,0.61,1.23,0.034,2.17
2017-06-06,2.809,2.822,2.824,2.807,2309036,650162192.0,0.61,0.61,0.017,1.95
2017-06-07,2.823,2.823,2.827,2.822,1306144,368918992.0,0.18,0.04,0.001,1.1
2017-06-08,2.815,2.806,2.816,2.806,2927502,823060384.0,0.35,-0.6,-0.017,2.47
2017-06-09,2.785,2.78,2.789,2.776,2428175,676061616.0,0.46,-0.93,-0.026,2.05
2017-06-12,2.77,2.77,2.773,2.767,2221775,615344672.0,0.22,-0.36,-0.01,1.87
2017-06-13,2.767,2.775,2.777,2.767,1670422,463302592.0,0.36,0.18,0.005,1.41
2017-06-14,2.78,2.782,2.79,2.778,1785084,496961344.0,0.43,0.25,0.007,1.5
2017-06-15,2.781,2.759,2.784,2.758,2635575,730719152.0,0.93,-0.83,-0.023,2.22
2017-06-16,2.752,2.755,2.764,2.75,2837366,782181888.0,0.51,-0.14,-0.004,2.39
2017-06-19,2.754,2.753,2.759,2.75,2744017,755977152.0,0.33,-0.07,-0.002,2.31
2017-06-20,2.744,2.743,2.748,2.74,2954828,810656224.0,0.29,-0.36,-0.01,2.49
2017-06-21,2.742,2.745,2.751,2.742,2513145,690368640.0,0.33,0.07,0.002,2.12
2017-06-22,2.76,2.76,2.765,2.758,3226778,891227216.0,0.26,0.55,0.015,2.72
2017-06-23,2.758,2.764,2.767,2.757,3053844,843546480.0,0.36,0.14,0.004,2.57
2017-06-26,2.766,2.764,2.769,2.76,4045648,1118456816.0,0.33,0.0,0.0,3.41
2017-06-27,2.742,2.751,2.754,2.741,4055552,1113662880.0,0.47,-0.47,-0.013,3.42
2017-06-28,2.745,2.747,2.752,2.744,2077602,570925952.0,0.29,-0.15,-0.004,1.75
2017-06-29,2.744,2.74,2.746,2.736,1591419,436489120.0,0.36,-0.25,-0.007,1.34
2017-06-30,2.731,2.714,2.731,2.713,2436886,662949040.0,0.66,-0.95,-0.026,2.05
2017-07-03,2.709,2.707,2.71,2.704,1915731,518631136.0,0.22,-0.26,-0.007,1.61
2017-07-04,2.687,2.689,2.692,2.681,2490954,669349952.0,0.41,-0.66,-0.018,2.1
2017-07-05,2.695,2.688,2.696,2.685,1817877,489323504.0,0.41,-0.04,-0.001,1.53
2017-07-06,2.689,2.694,2.701,2.689,2314962,623687712.0,0.45,0.22,0.006,1.95
2017-07-07,2.688,2.686,2.691,2.685,1965936,528408384.0,0.22,-0.3,-0.008,1.66
2017-07-10,2.663,2.658,2.671,2.653,2689470,717032720.0,0.67,-1.04,-0.028,2.27
2017-07-11,2.669,2.667,2.671,2.664,2673483,713166432.0,0.26,0.34,0.009,2.25
2017-07-12,2.682,2.676,2.684,2.676,2966292,794996080.0,0.3,0.34,0.009,2.5
2017-07-13,2.682,2.684,2.687,2.682,2309101,619899008.0,0.19,0.3,0.008,1.95
2017-07-14,2.671,2.675,2.677,2.669,2131733,569367712.0,0.3,-0.34,-0.009,1.8
2017-07-17,2.698,2.695,2.701,2.695,2648071,714380208.0,0.22,0.75,0.02,2.23
2017-07-18,2.71,2.708,2.713,2.706,2301982,623824304.0,0.26,0.48,0.013,1.94
2017-07-19,2.711,2.709,2.712,2.707,2080628,563886144.0,0.18,0.04,0.001,1.75
2017-07-20,2.709,2.708,2.718,2.707,2552575,691849216.0,0.41,-0.04,-0.001,2.15
2017-07-21,2.715,2.724,2.726,2.714,1915891,520943664.0,0.44,0.59,0.016,1.61
2017-07-24,2.739,2.727,2.739,2.727,2089434,571551776.0,0.44,0.11,0.003,1.76
2017-07-25,2.728,2.733,2.735,2.727,1746172,476772288.0,0.29,0.22,0.006,1.47
2017-07-26,2.718,2.71,2.72,2.708,2827648,767879072.0,0.44,-0.84,-0.023,2.38
2017-07-27,2.742,2.739,2.743,2.737,1887941,517510032.0,0.22,1.07,0.029,1.59
2017-07-28,2.738,2.735,2.74,2.734,1386604,379564624.0,0.22,-0.15,-0.004,1.17
2017-07-31,2.749,2.742,2.749,2.741,2271040,623648544.0,0.29,0.26,0.007,1.91
2017-08-01,2.74,2.745,2.75,2.74,2731491,749945760.0,0.36,0.11,0.003,2.3
2017-08-02,2.742,2.742,2.745,2.74,2917077,799946688.0,0.18,-0.11,-0.003,2.46
2017-08-03,2.735,2.731,2.739,2.73,3688207,1008841440.0,0.33,-0.4,-0.011,3.11
2017-08-04,2.741,2.748,2.75,2.741,1864235,511638880.0,0.33,0.62,0.017,1.57
2017-08-07,2.727,2.725,2.738,2.723,2060754,561732576.0,0.55,-0.84,-0.023,1.74
2017-08-08,2.726,2.72,2.727,2.717,1839057,500685360.0,0.37,-0.18,-0.005,1.55
2017-08-09,2.727,2.727,2.731,2.726,1891004,515920960.0,0.18,0.26,0.007,1.59
2017-08-10,2.74,2.749,2.751,2.739,3007503,825343712.0,0.44,0.81,0.022,2.53
2017-08-11,2.758,2.763,2.767,2.758,2680248,740661600.0,0.33,0.51,0.014,2.26
2017-08-14,2.761,2.76,2.767,2.758,2703399,746352992.0,0.33,-0.11,-0.003,2.28
2017-08-15,2.74,2.74,2.741,2.734,2243366,614244464.0,0.25,-0.72,-0.02,1.89
2017-08-16,2.735,2.733,2.74,2.732,1903536,521083472.0,0.29,-0.26,-0.007,1.6
2017-08-17,2.764,2.76,2.766,2.758,1935891,534817376.0,0.29,0.99,0.027,1.63
2017-08-18,2.76,2.763,2.764,2.758,1948933,538053264.0,0.22,0.11,0.003,1.64
2017-08-21,2.751,2.752,2.756,2.75,2178386,599768352.0,0.22,-0.4,-0.011,1.84
2017-08-22,2.754,2.749,2.756,2.748,1347799,371113344.0,0.29,-0.11,-0.003,1.14
2017-08-23,2.745,2.75,2.752,2.745,1416612,389189872.0,0.25,0.04,0.001,1.19
2017-08-24,2.753,2.751,2.757,2.75,1241541,341740992.0,0.25,0.04,0.001,1.05
2017-08-25,2.748,2.749,2.751,2.746,2429665,667715488.0,0.18,-0.07,-0.002,2.05
2017-08-28,2.757,2.762,2.766,2.756,3005553,829280144.0,0.36,0.47,0.013,2.53
2017-08-29,2.782,2.792,2.797,2.782,2756486,769525424.0,0.54,1.09,0.03,2.32
2017-08-30,2.778,2.76,2.778,2.758,3540883,981249344.0,0.72,-1.15,-0.032,2.98
2017-08-31,2.76,2.756,2.763,2.751,2358606,650036768.0,0.43,-0.14,-0.004,1.99
2017-09-01,2.778,2.775,2.781,2.773,2779187,772272224.0,0.29,0.69,0.019,2.34
2017-09-04,2.794,2.796,2.798,2.789,2910573,813127744.0,0.32,0.76,0.021,2.45
2017-09-05,2.79,2.792,2.795,2.788,3249790,907323552.0,0.25,-0.14,-0.004,2.74
2017-09-06,2.795,2.795,2.798,2.794,3759507,1050922016.0,0.14,0.11,0.003,3.17
2017-09-07,2.782,2.786,2.79,2.78,3496733,973746752.0,0.36,-0.32,-0.009,2.95
2017-09-08,2.794,2.794,2.795,2.788,3875593,1082006016.0,0.25,0.29,0.008,3.27
2017-09-11,2.783,2.781,2.784,2.78,2734476,760754336.0,0.14,-0.47,-0.013,2.3
2017-09-12,2.775,2.769,2.775,2.767,2955342,819265072.0,0.29,-0.43,-0.012,2.49
2017-09-13,2.774,2.773,2.779,2.773,3678099,1021249328.0,0.22,0.14,0.004,3.1
2017-09-14,2.767,2.768,2.77,2.766,3461892,958111456.0,0.14,-0.18,-0.005,2.92
2017-09-15,2.783,2.78,2.786,2.78,4683004,1303710608.0,0.22,0.43,0.012,3.95
2017-09-18,2.77,2.758,2.77,2.757,4682706,1293152800.0,0.47,-0.79,-0.022,3.95
2017-09-19,2.753,2.759,2.764,2.753,5063500,1397177840.0,0.4,0.04,0.001,4.27
2017-09-20,2.761,2.762,2.766,2.761,4778977,1321021968.0,0.18,0.11,0.003,4.03
2017-09-21,2.749,2.733,2.749,2.733,4659147,1277994256.0,0.58,-1.05,-0.029,3.93
2017-09-22,2.737,2.738,2.738,2.733,5573383,1524243104.0,0.18,0.18,0.005,4.7
2017-09-25,2.735,2.734,2.736,2.732,3339947,913015808.0,0.15,-0.15,-0.004,2.81
2017-09-26,2.772,2.772,2.779,2.77,4831800,1341054608.0,0.33,1.39,0.038,4.07
2017-09-27,2.753,2.748,2.754,2.746,4056379,1116471968.0,0.29,-0.87,-0.024,3.42
2017-09-28,2.737,2.732,2.738,2.731,5949819,1627146896.0,0.25,-0.58,-0.016,5.01
2017-09-29,2.741,2.742,2.745,2.739,3235503,887042256.0,0.22,0.37,0.01,2.73
2017-10-09,2.732,2.729,2.736,2.727,4932696,1348077616.0,0.33,-0.47,-0.013,4.16
2017-10-10,2.735,2.73,2.735,2.728,5645581,1542378016.0,0.26,0.04,0.001,4.76
2017-10-11,2.731,2.724,2.731,2.723,6208642,1692706288.0,0.29,-0.22,-0.006,5.23
2017-10-12,2.73,2.734,2.737,2.729,5236132,1430845952.0,0.29,0.37,0.01,4.41
2017-10-13,2.735,2.734,2.737,2.73,4465029,1220213568.0,0.26,0.0,0.0,3.76
2017-10-16,2.742,2.748,2.749,2.74,9209933,2527873648.0,0.33,0.51,0.014,7.76
2017-10-17,2.735,2.735,2.738,2.732,7808544,2135942208.0,0.22,-0.47,-0.013,6.58
2017-10-18,2.731,2.729,2.733,2.727,7972364,2176611568.0,0.22,-0.22,-0.006,6.72
2017-10-19,2.727,2.724,2.733,2.72,5135830,1400333920.0,0.48,-0.18,-0.005,4.33
2017-10-20,2.729,2.723,2.73,2.722,8351074,2275544656.0,0.29,-0.04,-0.001,7.04
2017-10-23,2.71,2.713,2.717,2.71,9172741,2489948592.0,0.26,-0.37,-0.01,7.73
2017-10-24,2.722,2.723,2.734,2.721,7624493,2077655728.0,0.48,0.37,0.01,6.42
2017-10-25,2.719,2.712,2.722,2.711,10251238,2785039568.0,0.4,-0.4,-0.011,8.64
2017-10-26,2.718,2.723,2.724,2.718,15934898,4335282944.0,0.22,0.41,0.011,13.43
2017-10-27,2.71,2.706,2.712,2.704,14914886,4039753408.0,0.29,-0.62,-0.017,12.57
2017-10-30,2.711,2.711,2.718,2.709,13986726,3794279104.0,0.33,0.18,0.005,11.79
2017-10-31,2.716,2.718,2.723,2.715,17556161,4773804288.0,0.3,0.26,0.007,14.79
2017-11-01,2.714,2.711,2.715,2.702,18748142,5077799168.0,0.48,-0.26,-0.007,15.8
2017-11-02,2.713,2.712,2.716,2.709,11311823,3066896992.0,0.26,0.04,0.001,9.53
2017-11-03,2.712,2.713,2.716,2.712,10496067,2848263392.0,0.15,0.04,0.001,8.84
2017-11-06,2.709,2.707,2.71,2.706,8497228,2300864752.0,0.15,-0.22,-0.006,7.16
2017-11-07,2.716,2.719,2.722,2.716,19985769,5436449280.0,0.22,0.44,0.012,16.84
2017-11-08,2.72,2.72,2.728,2.719,15667017,4264990256.0,0.33,0.04,0.001,13.2
2017-11-09,2.725,2.729,2.731,2.723,26831449,7312325376.0,0.29,0.33,0.009,22.61
2017-11-10,2.738,2.735,2.74,2.734,7672058,2100756304.0,0.22,0.22,0.006,6.46
2017-11-13,2.728,2.724,2.728,2.723,8919367,2430827152.0,0.18,-0.4,-0.011,7.52
2017-11-14,2.724,2.719,2.725,2.719,10441416,2842156048.0,0.22,-0.18,-0.005,8.8
2017-11-15,2.725,2.724,2.73,2.724,11260988,3070873456.0,0.22,0.18,0.005,9.49
2017-11-16,2.721,2.719,2.723,2.717,9968618,2711614544.0,0.22,-0.18,-0.005,8.4
2017-11-17,2.721,2.728,2.729,2.721,8171339,2227299264.0,0.29,0.33,0.009,6.89
2017-11-20,2.742,2.742,2.745,2.74,9536512,2614906336.0,0.18,0.51,0.014,8.04
2017-11-21,2.726,2.726,2.728,2.724,6608565,1801489696.0,0.15,-0.58,-0.016,5.57
2017-11-22,2.727,2.726,2.728,2.723,5683541,1548843536.0,0.18,0.0,0.0,4.79
2017-11-23,2.732,2.728,2.732,2.727,4654873,1270061936.0,0.18,0.07,0.002,3.92
2017-11-24,2.729,2.732,2.733,2.726,6454681,1761473936.0,0.26,0.15,0.004,5.44
2017-11-27,2.727,2.731,2.732,2.726,4551696,1242200736.0,0.22,-0.04,-0.001,3.84
2017-11-28,2.74,2.736,2.746,2.736,7203472,1975118384.0,0.37,0.18,0.005,6.07
2017-11-29,2.739,2.738,2.742,2.736,5291184,1449446240.0,0.22,0.07,0.002,4.46
2017-11-30,2.726,2.72,2.726,2.715,5880016,1599612736.0,0.4,-0.66,-0.018,4.95
2017-12-01,2.709,2.702,2.71,2.701,4897742,1325141024.0,0.33,-0.66,-0.018,4.13
2017-12-04,2.701,2.7,2.702,2.696,4617758,1246273840.0,0.22,-0.07,-0.002,3.89
2017-12-05,2.702,2.702,2.705,2.7,4487404,1212601184.0,0.19,0.07,0.002,3.78
2017-12-06,2.684,2.686,2.687,2.682,6747182,1810774560.0,0.19,-0.59,-0.016,5.69
2017-12-07,2.683,2.668,2.683,2.66,5992792,1604437472.0,0.86,-0.67,-0.018,5.05
2017-12-08,2.65,2.651,2.653,2.647,7942550,2104402512.0,0.22,-0.64,-0.017,6.69
2017-12-11,2.65,2.653,2.654,2.649,4857406,1287631520.0,0.19,0.08,0.002,4.09
2017-12-12,2.649,2.649,2.651,2.643,8197934,2169357440.0,0.3,-0.15,-0.004,6.91
2017-12-13,2.646,2.65,2.654,2.646,5734789,1520164144.0,0.3,0.04,0.001,4.83
2017-12-14,2.672,2.674,2.683,2.672,7722030,2065945920.0,0.42,0.91,0.024,6.51
2017-12-15,2.672,2.673,2.675,2.67,7208895,1926460352.0,0.19,-0.04,-0.001,6.07
2017-12-18,2.673,2.674,2.676,2.669,7135949,1907203728.0,0.26,0.04,0.001,6.01
2017-12-19,2.68,2.686,2.69,2.679,6244089,1675684336.0,0.41,0.45,0.012,5.26
2017-12-20,2.685,2.68,2.687,2.678,5944634,1595562992.0,0.34,-0.22,-0.006,5.01
2017-12-21,2.679,2.676,2.68,2.675,8770102,2348958640.0,0.19,-0.15,-0.004,7.39
2017-12-22,2.676,2.678,2.68,2.676,5737222,1536146016.0,0.15,0.07,0.002,4.83
2017-12-25,2.691,2.693,2.696,2.691,7624918,2053857088.0,0.19,0.56,0.015,6.42
2017-12-26,2.692,2.677,2.692,2.677,8572793,2303826192.0,0.56,-0.59,-0.016,7.22
2017-12-27,2.688,2.691,2.696,2.685,11075234,2979307744.0,0.41,0.52,0.014,9.33
2017-12-28,2.698,2.692,2.712,2.691,14425286,3899335312.0,0.78,0.04,0.001,12.16
2017-12-29,2.703,2.708,2.71,2.7,12580801,3402792624.0,0.37,0.59,0.016,10.6
2018-01-02,2.722,2.723,2.724,2.72,2680399,729608528.0,0.15,0.55,0.015,2.26
2018-01-03,2.74,2.733,2.744,2.731,3542792,969424736.0,0.48,0.37,0.01,2.99
2018-01-04,2.719,2.719,2.721,2.713,6329382,1719136272.0,0.29,-0.51,-0.014,5.33
2018-01-05,2.73,2.728,2.733,2.727,5429541,1482382896.0,0.22,0.33,0.009,4.58
2018-01-08,2.73,2.73,2.734,2.729,4714531,1287659376.0,0.18,0.07,0.002,3.97
2018-01-09,2.734,2.736,2.742,2.734,4059239,1110875216.0,0.29,0.22,0.006,3.42
2018-01-10,2.73,2.729,2.736,2.726,5728277,1565606256.0,0.37,-0.26,-0.007,4.83
2018-01-11,2.739,2.734,2.745,2.733,6366798,1744747728.0,0.44,0.18,0.005,5.36
2018-01-12,2.74,2.774,2.776,2.74,5445688,1506885040.0,1.32,1.46,0.04,4.59
2018-01-15,2.783,2.783,2.79,2.781,4249010,1183267280.0,0.32,0.32,0.009,3.58
2018-01-16,2.783,2.781,2.786,2.78,5321787,1480677744.0,0.22,-0.07,-0.002,4.48
2018-01-17,2.783,2.774,2.79,2.774,4983515,1386868256.0,0.58,-0.25,-0.007,4.2
2018-01-18,2.76,2.759,2.763,2.755,4530783,1250024560.0,0.29,-0.54,-0.015,3.82
2018-01-19,2.755,2.751,2.757,2.75,3874187,1066946560.0,0.25,-0.29,-0.008,3.26
2018-01-22,2.758,2.754,2.759,2.753,4059922,1119283424.0,0.22,0.11,0.003,3.42
2018-01-23,2.758,2.762,2.765,2.758,4774921,1318830464.0,0.25,0.29,0.008,4.02
2018-01-24,2.767,2.774,2.775,2.766,3293314,911691072.0,0.33,0.43,0.012,2.78
2018-01-25,2.782,2.784,2.789,2.781,5053467,1407225264.0,0.29,0.36,0.01,4.26
2018-01-26,2.767,2.767,2.786,2.763,6328180,1751054464.0,0.83,-0.61,-0.017,5.33
2018-01-29,2.759,2.754,2.76,2.752,4044733,1114673952.0,0.29,-0.47,-0.013,3.41
2018-01-30,2.743,2.731,2.745,2.729,4752085,1299930240.0,0.58,-0.84,-0.023,4.0
2018-01-31,2.734,2.735,2.739,2.732,5094172,1393400832.0,0.26,0.15,0.004,4.29
2018-02-01,2.731,2.729,2.735,2.727,3390874,926041184.0,0.29,-0.22,-0.006,2.86
2018-02-02,2.733,2.731,2.737,2.729,5089666,1391368080.0,0.29,0.07,0.002,4.29
2018-02-05,2.712,2.705,2.713,2.704,3812830,1032886688.0,0.33,-0.95,-0.026,3.21
2018-02-06,2.722,2.726,2.743,2.721,3208401,876004304.0,0.81,0.78,0.021,2.7
2018-02-07,2.686,2.689,2.689,2.683,2915508,783049104.0,0.22,-1.36,-0.037,2.46
2018-02-08,2.674,2.68,2.68,2.667,2133136,570211760.0,0.48,-0.33,-0.009,1.8
2018-02-09,2.696,2.692,2.699,2.688,2356176,634159376.0,0.41,0.45,0.012,1.99
2018-02-12,2.683,2.694,2.7,2.682,3143116,846225568.0,0.67,0.07,0.002,2.65
2018-02-13,2.701,2.708,2.709,2.696,2193080,592244816.0,0.48,0.52,0.014,1.85
2018-02-14,2.717,2.73,2.735,2.716,1810686,493752128.0,0.7,0.81,0.022,1.53
2018-02-22,2.707,2.704,2.709,2.703,2412994,652812480.0,0.22,-0.95,-0.026,2.03
2018-02-23,2.712,2.712,2.715,2.71,2198339,596452256.0,0.18,0.3,0.008,1.85
2018-02-26,2.714,2.727,2.728,2.713,2891669,786966160.0,0.55,0.55,0.015,2.44
2018-02-27,2.717,2.712,2.717,2.711,2917639,791643744.0,0.22,-0.55,-0.015,2.46
2018-02-28,2.695,2.692,2.697,2.691,2214505,596369648.0,0.22,-0.74,-0.02,1.87
2018-03-01,2.692,2.689,2.697,2.684,2287426,615727968.0,0.48,-0.11,-0.003,1.93
2018-03-02,2.693,2.7,2.704,2.693,2499875,675152928.0,0.41,0.41,0.011,2.11
2018-03-05,2.71,2.71,2.712,2.706,1798836,487269408.0,0.22,0.37,0.01,1.52
2018-03-06,2.703,2.709,2.709,2.702,3633456,983298192.0,0.26,-0.04,-0.001,3.06
2018-03-07,2.723,2.719,2.732,2.717,4092241,1114654720.0,0.55,0.37,0.01,3.45
2018-03-08,2.71,2.714,2.715,2.709,1843642,500121376.0,0.22,-0.18,-0.005,1.55
2018-03-09,2.703,2.7,2.704,2.698,6570868,1774820384.0,0.22,-0.52,-0.014,5.54
2018-03-12,2.701,2.699,2.706,2.698,4229371,1142810720.0,0.3,-0.04,-0.001,3.56
2018-03-13,2.701,2.698,2.703,2.696,3201150,864291360.0,0.26,-0.04,-0.001,2.7
2018-03-14,2.703,2.702,2.71,2.701,2422192,655473120.0,0.33,0.15,0.004,2.04
2018-03-15,2.701,2.699,2.705,2.698,4451693,1202578224.0,0.26,-0.11,-0.003,3.75
2018-03-16,2.687,2.688,2.692,2.685,4582715,1232577344.0,0.26,-0.41,-0.011,3.86
2018-03-19,2.682,2.678,2.691,2.674,4328442,1161846416.0,0.63,-0.37,-0.01,3.65
2018-03-20,2.687,2.689,2.69,2.684,3656353,982684224.0,0.22,0.41,0.011,3.08
2018-03-21,2.685,2.69,2.69,2.684,3091067,830143680.0,0.22,0.04,0.001,2.6
2018-03-22,2.715,2.713,2.716,2.709,3241389,879137264.0,0.26,0.86,0.023,2.73
2018-03-23,2.73,2.741,2.742,2.729,3357520,918154800.0,0.48,1.03,0.028,2.83
2018-03-26,2.743,2.738,2.75,2.736,2767357,759387376.0,0.51,-0.11,-0.003,2.33
2018-03-27,2.732,2.736,2.737,2.731,4317156,1180057312.0,0.22,-0.07,-0.002,3.64
2018-03-28,2.727,2.721,2.729,2.718,3238023,882613504.0,0.4,-0.55,-0.015,2.73
2018-03-29,2.701,2.688,2.705,2.686,3443514,929985824.0,0.7,-1.21,-0.033,2.9
2018-03-30,2.69,2.692,2.693,2.689,3124990,841145680.0,0.15,0.15,0.004,2.63
2018-04-02,2.698,2.696,2.699,2.694,3842013,1035776880.0,0.19,0.15,0.004,3.24
2018-04-03,2.717,2.716,2.717,2.712,3447000,935773472.0,0.19,0.74,0.02,2.9
2018-04-04,2.703,2.712,2.714,2.701,4801825,1300629744.0,0.48,-0.15,-0.004,4.05
2018-04-09,2.707,2.707,2.718,2.706,5458659,1479962496.0,0.44,-0.18,-0.005,4.6
2018-04-10,2.717,2.71,2.72,2.708,6397261,1735734384.0,0.44,0.11,0.003,5.39
2018-04-11,2.717,2.726,2.727,2.716,4856587,1321125088.0,0.41,0.59,0.016,4.09
2018-04-12,2.732,2.735,2.737,2.731,4531931,1238966736.0,0.22,0.33,0.009,3.82
2018-04-13,2.717,2.714,2.725,2.713,3527672,959467488.0,0.44,-0.77,-0.021,2.97
2018-04-16,2.728,2.725,2.732,2.722,4503442,1228333088.0,0.37,0.41,0.011,3.79
2018-04-17,2.728,2.729,2.731,2.724,4290795,1170548416.0,0.26,0.15,0.004,3.62
2018-04-18,2.726,2.727,2.73,2.724,4108788,1120114976.0,0.22,-0.07,-0.002,3.46
2018-04-19,2.729,2.734,2.735,2.729,3905603,1066754720.0,0.22,0.26,0.007,3.29
2018-04-20,2.726,2.722,2.726,2.718,3527495,959688208.0,0.29,-0.44,-0.012,2.97
2018-04-23,2.707,2.708,2.71,2.705,4441616,1203016336.0,0.18,-0.51,-0.014,3.74
2018-04-24,2.698,2.7,2.705,2.698,5089946,1375662976.0,0.26,-0.3,-0.008,4.29
2018-04-25,2.704,2.699,2.705,2.697,2384890,644372336.0,0.3,-0.04,-0.001,2.01
2018-04-26,2.698,2.702,2.704,2.698,5543277,1497289472.0,0.22,0.11,0.003,4.67
2018-04-27,2.691,2.692,2.696,2.69,2933020,790112464.0,0.22,-0.37,-0.01,2.47
2018-05-02,2.681,2.684,2.687,2.68,4652986,1249022672.0,0.26,-0.3,-0.008,3.92
2018-05-03,2.69,2.684,2.691,2.683,3799779,1020999456.0,0.3,0.0,0.0,3.2
2018-05-04,2.688,2.687,2.689,2.686,4906694,1318744560.0,0.11,0.11,0.003,4.13
2018-05-07,2.7,2.694,2.701,2.693,3475926,937567248.0,0.3,0.26,0.007,2.93
2018-05-08,2.696,2.692,2.697,2.691,4500321,1212195504.0,0.22,-0.07,-0.002,3.79
2018-05-09,2.693,2.689,2.693,2.688,4015026,1080635072.0,0.19,-0.11,-0.003,3.38
2018-05-10,2.693,2.69,2.696,2.689,5640859,1519223088.0,0.26,0.04,0.001,4.75
2018-05-11,2.694,2.693,2.697,2.693,4380755,1180540144.0,0.15,0.11,0.003,3.69
2018-05-14,2.694,2.694,2.696,2.693,3730265,1004948672.0,0.11,0.04,0.001,3.14
2018-05-15,2.685,2.68,2.686,2.68,3064993,822339888.0,0.22,-0.52,-0.014,2.58
2018-05-16,2.654,2.654,2.656,2.652,4639303,1231226240.0,0.15,-0.97,-0.026,3.91
2018-05-17,2.646,2.642,2.651,2.641,3711928,982737344.0,0.38,-0.45,-0.012,3.13
2018-05-18,2.644,2.644,2.652,2.643,5005510,1324801616.0,0.34,0.08,0.002,4.22
2018-05-21,2.649,2.639,2.651,2.638,4746013,1256578752.0,0.49,-0.19,-0.005,4.0
2018-05-22,2.648,2.646,2.65,2.645,2997715,793872848.0,0.19,0.27,0.007,2.53
2018-05-23,2.652,2.649,2.653,2.649,2417673,640946080.0,0.15,0.11,0.003,2.04
2018-05-24,2.659,2.665,2.667,2.658,3667103,976295536.0,0.34,0.6,0.016,3.09
2018-05-25,2.676,2.678,2.683,2.675,4158392,1113744464.0,0.3,0.49,0.013,3.5
2018-05-28,2.67,2.667,2.676,2.665,5579338,1490148528.0,0.41,-0.41,-0.011,4.7
2018-05-29,2.678,2.676,2.68,2.676,3941769,1055614944.0,0.15,0.34,0.009,3.32
2018-05-30,2.688,2.683,2.688,2.68,2004174,538060176.0,0.3,0.26,0.007,1.69
2018-05-31,2.684,2.686,2.687,2.682,1961293,526461472.0,0.19,0.11,0.003,1.65
2018-06-01,2.677,2.68,2.682,2.676,2023132,541971936.0,0.22,-0.22,-0.006,1.7
2018-06-04,2.671,2.665,2.672,2.664,1732607,462374592.0,0.3,-0.56,-0.015,1.46
2018-06-05,2.662,2.662,2.664,2.659,2761006,734832944.0,0.19,-0.11,-0.003,2.33
2018-06-06,2.668,2.666,2.67,2.666,5237691,1397343392.0,0.15,0.15,0.004,4.41
2018-06-07,2.664,2.664,2.668,2.663,5717692,1523767312.0,0.19,-0.08,-0.002,4.82
2018-06-08,2.665,2.664,2.668,2.663,4224984,1126436240.0,0.19,0.0,0.0,3.56
2018-06-11,2.67,2.671,2.678,2.67,3009840,805182496.0,0.3,0.26,0.007,2.54
2018-06-12,2.674,2.669,2.678,2.668,4384093,1171735904.0,0.37,-0.07,-0.002,3.69
2018-06-13,2.669,2.667,2.671,2.666,4816647,1285134032.0,0.19,-0.07,-0.002,4.06
2018-06-14,2.669,2.677,2.679,2.668,6562936,1752696912.0,0.41,0.37,0.01,5.53
2018-06-15,2.686,2.682,2.695,2.679,5735062,1540298176.0,0.6,0.19,0.005,4.83
2018-06-19,2.678,2.659,2.678,2.657,6830265,1816821344.0,0.78,-0.86,-0.023,5.76
2018-06-20,2.656,2.651,2.657,2.65,4584222,1216373200.0,0.26,-0.3,-0.008,3.86
2018-06-21,2.643,2.641,2.646,2.639,5254597,1388712448.0,0.26,-0.38,-0.01,4.43
2018-06-22,2.649,2.653,2.654,2.648,3743039,992396656.0,0.23,0.45,0.012,3.15
2018-06-25,2.663,2.658,2.665,2.657,2907224,773730976.0,0.3,0.19,0.005,2.45
2018-06-26,2.659,2.657,2.665,2.657,3438644,915045536.0,0.3,-0.04,-0.001,2.9
2018-06-27,2.658,2.663,2.663,2.657,2551590,678693536.0,0.23,0.23,0.006,2.15
2018-06-28,2.663,2.655,2.665,2.654,3658279,973286944.0,0.41,-0.3,-0.008,3.08
2018-06-29,2.66,2.661,2.663,2.658,3408271,906592944.0,0.19,0.23,0.006,2.87
2018-07-02,2.665,2.667,2.669,2.664,2311520,616390896.0,0.19,0.23,0.006,1.95
2018-07-03,2.665,2.665,2.671,2.664,6013719,1604266768.0,0.26,-0.07,-0.002,5.07
2018-07-04,2.679,2.673,2.684,2.672,3262579,873650064.0,0.45,0.3,0.008,2.75
2018-07-05,2.676,2.675,2.679,2.674,2002001,535788544.0,0.19,0.07,0.002,1.69
2018-07-06,2.678,2.68,2.682,2.676,3212012,860557856.0,0.22,0.19,0.005,2.71
2018-07-09,2.678,2.677,2.68,2.674,2419430,647556560.0,0.22,-0.11,-0.003,2.04
2018-07-10,2.668,2.668,2.673,2.666,2261411,603637088.0,0.26,-0.34,-0.009,1.91
2018-07-11,2.674,2.676,2.677,2.674,1630486,436291472.0,0.11,0.3,0.008,1.37
2018-07-12,2.674,2.668,2.676,2.667,2783643,743851168.0,0.34,-0.3,-0.008,2.35
2018-07-13,2.668,2.665,2.669,2.664,2638201,703686672.0,0.19,-0.11,-0.003,2.22
2018-07-16,2.668,2.669,2.673,2.668,2106019,562463712.0,0.19,0.15,0.004,1.77
2018-07-17,2.658,2.664,2.665,2.657,3477246,924949824.0,0.3,-0.19,-0.005,2.93
2018-07-18,2.647,2.639,2.647,2.635,3381520,893513392.0,0.45,-0.94,-0.025,2.85
2018-07-19,2.644,2.65,2.652,2.644,2884562,763833552.0,0.3,0.42,0.011,2.43
2018-07-20,2.653,2.655,2.658,2.652,3772271,1001564272.0,0.23,0.19,0.005,3.18
2018-07-23,2.667,2.668,2.67,2.666,3756756,1002327152.0,0.15,0.49,0.013,3.17
2018-07-24,2.668,2.666,2.671,2.664,2760631,736680080.0,0.26,-0.07,-0.002,2.33
2018-07-25,2.669,2.668,2.671,2.666,2798902,746776672.0,0.19,0.08,0.002,2.36
2018-07-26,2.667,2.672,2.673,2.666,4101787,1095118336.0,0.26,0.15,0.004,3.46
2018-07-27,2.67,2.669,2.67,2.666,5965359,1591947744.0,0.15,-0.11,-0.003,5.03
2018-07-30,2.67,2.671,2.676,2.67,5151222,1376743392.0,0.22,0.07,0.002,4.34
2018-07-31,2.671,2.673,2.675,2.671,3879433,1037209104.0,0.15,0.07,0.002,3.27
2018-08-01,2.672,2.672,2.673,2.667,4344039,1160191536.0,0.22,-0.04,-0.001,3.66
2018-08-02,2.665,2.664,2.669,2.664,3098751,826275296.0,0.19,-0.3,-0.008,2.61
2018-08-03,2.661,2.663,2.665,2.659,2648597,704899120.0,0.23,-0.04,-0.001,2.23
2018-08-06,2.665,2.663,2.669,2.662,3819222,1017735584.0,0.26,0.0,0.0,3.22
2018-08-07,2.661,2.662,2.667,2.66,4056458,1080264288.0,0.26,-0.04,-0.001,3.42
2018-08-08,2.653,2.658,2.658,2.652,3050588,809776976.0,0.23,-0.15,-0.004,2.57
2018-08-09,2.659,2.658,2.659,2.655,3091427,821487088.0,0.15,0.0,0.0,2.6
2018-08-10,2.658,2.656,2.66,2.654,1890360,502471376.0,0.23,-0.08,-0.002,1.59
2018-08-13,2.664,2.664,2.666,2.662,3592741,957317056.0,0.15,0.3,0.008,3.03
2018-08-14,2.641,2.641,2.645,2.64,5317436,1405199600.0,0.19,-0.86,-0.023,4.48
2018-08-15,2.64,2.637,2.642,2.636,3896087,1028119152.0,0.23,-0.15,-0.004,3.28
2018-08-16,2.61,2.604,2.639,2.595,6456043,1683257808.0,1.67,-1.25,-0.033,5.44
2018-08-17,2.602,2.598,2.607,2.598,4078965,1061857840.0,0.35,-0.23,-0.006,3.44
2018-08-20,2.608,2.615,2.616,2.607,3142963,820884176.0,0.35,0.65,0.017,2.65
2018-08-21,2.62,2.627,2.628,2.619,5287856,1387563072.0,0.34,0.46,0.012,4.46
2018-08-22,2.627,2.626,2.632,2.625,3576763,940204032.0,0.27,-0.04,-0.001,3.01
2018-08-23,2.628,2.627,2.63,2.627,2410760,633769520.0,0.11,0.04,0.001,2.03
2018-08-24,2.623,2.628,2.63,2.621,3579953,939775584.0,0.34,0.04,0.001,3.02
2018-08-27,2.638,2.641,2.644,2.637,3209460,847287728.0,0.27,0.49,0.013,2.7
2018-08-28,2.644,2.65,2.652,2.644,2591087,685816080.0,0.3,0.34,0.009,2.18
2018-08-29,2.636,2.638,2.64,2.635,3944161,1040526896.0,0.19,-0.45,-0.012,3.32
2018-08-30,2.643,2.641,2.646,2.64,2854224,754562592.0,0.23,0.11,0.003,2.41
2018-08-31,2.642,2.646,2.649,2.642,3349598,885975392.0,0.27,0.19,0.005,2.82
2018-09-03,2.64,2.635,2.641,2.635,3150357,831248416.0,0.23,-0.42,-0.011,2.65
2018-09-04,2.637,2.626,2.637,2.626,3115868,820438528.0,0.42,-0.34,-0.009,2.63
2018-09-05,2.625,2.624,2.628,2.623,3148696,826687872.0,0.19,-0.08,-0.002,2.65
2018-09-06,2.632,2.633,2.638,2.632,1985960,523266512.0,0.23,0.34,0.009,1.67
2018-09-07,2.638,2.642,2.643,2.638,2911219,768968384.0,0.19,0.34,0.009,2.45
2018-09-10,2.637,2.633,2.638,2.631,5464790,1440202480.0,0.26,-0.34,-0.009,4.6
2018-09-11,2.637,2.64,2.64,2.636,1786373,471225504.0,0.15,0.27,0.007,1.51
2018-09-12,2.641,2.639,2.645,2.638,2616369,691068816.0,0.27,-0.04,-0.001,2.2
2018-09-13,2.646,2.65,2.652,2.646,2509749,665080736.0,0.23,0.42,0.011,2.11
2018-09-14,2.649,2.656,2.656,2.648,2462678,652894944.0,0.3,0.23,0.006,2.08
2018-09-17,2.645,2.642,2.645,2.641,2010075,531187424.0,0.15,-0.53,-0.014,1.69
2018-09-18,2.648,2.646,2.652,2.644,5231648,1385856208.0,0.3,0.15,0.004,4.41
2018-09-19,2.646,2.648,2.65,2.645,1475876,390687216.0,0.19,0.08,0.002,1.24
2018-09-20,2.651,2.651,2.655,2.65,1591435,422237568.0,0.19,0.11,0.003,1.34
2018-09-21,2.654,2.657,2.658,2.654,3629605,964170864.0,0.15,0.23,0.006,3.06
2018-09-25,2.648,2.649,2.65,2.643,4559109,1206111376.0,0.26,-0.3,-0.008,3.84
2018-09-26,2.652,2.653,2.656,2.652,2451209,650569200.0,0.15,0.15,0.004,2.07
2018-09-27,2.648,2.642,2.649,2.642,4761467,1260030864.0,0.26,-0.41,-0.011,4.01
2018-09-28,2.635,2.623,2.635,2.619,2435874,640163408.0,0.61,-0.72,-0.019,2.05
2018-10-08,2.65,2.656,2.657,2.65,2228295,591205984.0,0.27,1.26,0.033,1.88
2018-10-09,2.651,2.652,2.662,2.649,2681047,711207792.0,0.49,-0.15,-0.004,2.26
2018-10-10,2.651,2.652,2.655,2.651,2056859,545741744.0,0.15,0.0,0.0,1.73
2018-10-11,2.663,2.665,2.666,2.661,3806572,1013868064.0,0.19,0.49,0.013,3.21
2018-10-12,2.7,2.702,2.708,2.698,4063493,1097859440.0,0.38,1.39,0.037,3.42
2018-10-15,2.715,2.728,2.729,2.713,4380262,1190489488.0,0.59,0.96,0.026,3.69
2018-10-16,2.728,2.727,2.731,2.724,5231893,1427236240.0,0.26,-0.04,-0.001,4.41
2018-10-17,2.715,2.719,2.721,2.715,4734287,1286966832.0,0.22,-0.29,-0.008,3.99
2018-10-18,2.724,2.722,2.727,2.718,2984466,813159408.0,0.33,0.11,0.003,2.51
2018-10-19,2.738,2.734,2.74,2.732,3823994,1046384368.0,0.29,0.44,0.012,3.22
2018-10-22,2.732,2.73,2.736,2.729,4875728,1332931184.0,0.26,-0.15,-0.004,4.11
2018-10-23,2.729,2.744,2.745,2.728,4256845,1163706352.0,0.62,0.51,0.014,3.59
2018-10-24,2.754,2.745,2.755,2.745,5597551,1540645984.0,0.36,0.04,0.001,4.72
2018-10-25,2.763,2.759,2.767,2.758,5286522,1460785088.0,0.33,0.51,0.014,4.45
2018-10-26,2.751,2.757,2.763,2.751,4240723,1169855808.0,0.43,-0.07,-0.002,3.57
2018-10-29,2.758,2.753,2.762,2.752,3560004,982183376.0,0.36,-0.15,-0.004,3.0
2018-10-30,2.749,2.747,2.751,2.744,4191544,1151971712.0,0.25,-0.22,-0.006,3.53
2018-10-31,2.735,2.724,2.735,2.723,3101661,846311696.0,0.44,-0.84,-0.023,2.61
2018-11-01,2.722,2.73,2.731,2.72,5006173,1363595376.0,0.4,0.22,0.006,4.22
2018-11-02,2.733,2.731,2.739,2.728,5809795,1589147520.0,0.4,0.04,0.001,4.9
2018-11-05,2.731,2.732,2.737,2.728,4675197,1277991104.0,0.33,0.04,0.001,3.94
2018-11-06,2.735,2.734,2.737,2.733,3766151,1030080720.0,0.15,0.07,0.002,3.17
2018-11-07,2.73,2.735,2.737,2.729,5232271,1430263392.0,0.29,0.04,0.001,4.41
2018-11-08,2.729,2.724,2.73,2.722,3009896,820427040.0,0.29,-0.4,-0.011,2.54
2018-11-09,2.722,2.718,2.725,2.717,3417818,930218512.0,0.29,-0.22,-0.006,2.88
2018-11-12,2.702,2.698,2.705,2.696,4097505,1106854928.0,0.33,-0.74,-0.02,3.45
2018-11-13,2.696,2.689,2.696,2.687,4810830,1295183952.0,0.33,-0.33,-0.009,4.05
2018-11-14,2.687,2.688,2.692,2.684,5083186,1366673488.0,0.3,-0.04,-0.001,4.28
2018-11-15,2.696,2.703,2.704,2.696,5548750,1497877088.0,0.3,0.56,0.015,4.68
2018-11-16,2.705,2.707,2.708,2.704,6044284,1635187312.0,0.15,0.15,0.004,5.09
2018-11-19,2.718,2.714,2.723,2.713,7074031,1923070720.0,0.37,0.26,0.007,5.96
2018-11-20,2.72,2.724,2.727,2.72,5798566,1578555936.0,0.26,0.37,0.01,4.89
2018-11-21,2.723,2.723,2.723,2.72,2564732,698119840.0,0.11,-0.04,-0.001,2.16
2018-11-22,2.727,2.728,2.731,2.727,3334727,909969872.0,0.15,0.18,0.005,2.81
2018-11-23,2.729,2.731,2.737,2.729,3108327,849653984.0,0.29,0.11,0.003,2.62
2018-11-26,2.727,2.727,2.732,2.726,4007857,1093839152.0,0.22,-0.15,-0.004,3.38
2018-11-27,2.726,2.722,2.726,2.721,2836405,772564960.0,0.18,-0.18,-0.005,2.39
2018-11-28,2.715,2.71,2.715,2.706,3311096,897752848.0,0.33,-0.44,-0.012,2.79
2018-11-29,2.724,2.731,2.734,2.723,5552194,1514866832.0,0.41,0.77,0.021,4.68
2018-11-30,2.732,2.732,2.734,2.73,5647529,1542874032.0,0.15,0.04,0.001,4.76
2018-12-03,2.721,2.72,2.728,2.719,5540634,1509493856.0,0.33,-0.44,-0.012,4.67
2018-12-04,2.727,2.72,2.729,2.719,4827799,1315121776.0,0.37,0.0,0.0,4.07
2018-12-05,2.722,2.725,2.726,2.721,4155214,1131700224.0,0.18,0.18,0.005,3.5
2018-12-06,2.735,2.735,2.742,2.735,4208036,1152414528.0,0.26,0.37,0.01,3.55
2018-12-07,2.739,2.738,2.742,2.737,3756340,1029011728.0,0.18,0.11,0.003,3.17
2018-12-10,2.758,2.767,2.768,2.758,5475191,1513214768.0,0.37,1.06,0.029,4.61
2018-12-11,2.765,2.763,2.767,2.76,4085190,1128582944.0,0.25,-0.14,-0.004,3.44
2018-12-12,2.756,2.75,2.756,2.749,3799485,1045782624.0,0.25,-0.47,-0.013,3.2
2018-12-13,2.749,2.748,2.75,2.745,4593439,1262096928.0,0.18,-0.07,-0.002,3.87
2018-12-14,2.747,2.745,2.75,2.743,3339925,917725152.0,0.25,-0.11,-0.003,2.81
2018-12-17,2.744,2.746,2.755,2.744,4650135,1277173584.0,0.4,0.04,0.001,3.92
2018-12-18,2.761,2.761,2.767,2.76,4357413,1204431040.0,0.25,0.55,0.015,3.67
2018-12-19,2.765,2.77,2.772,2.765,4859963,1345584144.0,0.25,0.33,0.009,4.1
2018-12-20,2.761,2.77,2.777,2.761,5595651,1547970112.0,0.58,0.0,0.0,4.72
2018-12-21,2.791,2.788,2.793,2.782,3815689,1063398288.0,0.4,0.65,0.018,3.22
2018-12-24,2.798,2.798,2.804,2.796,4486866,1256184400.0,0.29,0.36,0.01,3.78
2018-12-25,2.809,2.82,2.838,2.808,4962497,1399196048.0,1.07,0.79,0.022,4.18
2018-12-26,2.817,2.819,2.827,2.816,5615422,1585043296.0,0.39,-0.04,-0.001,4.73
2018-12-27,2.815,2.809,2.816,2.805,2668170,750299088.0,0.39,-0.35,-0.01,2.25
2018-12-28,2.818,2.826,2.828,2.816,3842450,1084091728.0,0.43,0.61,0.017,3.24
2019-01-02,2.821,2.837,2.84,2.821,2714671,768818288.0,0.67,0.39,0.011,2.29
2019-01-03,2.84,2.868,2.87,2.84,2720143,775940608.0,1.06,1.09,0.031,2.29
2019-01-04,2.881,2.853,2.883,2.853,2656196,761097792.0,1.05,-0.52,-0.015,2.24
2019-01-07,2.84,2.841,2.843,2.835,2541849,721769856.0,0.28,-0.42,-0.012,2.14
2019-01-08,2.837,2.828,2.837,2.824,3914090,1107529440.0,0.46,-0.46,-0.013,3.3
2019-01-09,2.827,2.817,2.83,2.813,4531045,1278462880.0,0.6,-0.39,-0.011,3.82
2019-01-10,2.828,2.823,2.832,2.822,4014738,1135242336.0,0.35,0.21,0.006,3.38
2019-01-11,2.811,2.805,2.812,2.8,3698458,1037700528.0,0.43,-0.64,-0.018,3.12
2019-01-14,2.8,2.807,2.809,2.795,5330105,1493152288.0,0.5,0.07,0.002,4.49
2019-01-15,2.805,2.801,2.805,2.798,2722751,762694400.0,0.25,-0.21,-0.006,2.29
2019-01-16,2.805,2.803,2.809,2.801,3105836,871390816.0,0.29,0.07,0.002,2.62
2019-01-17,2.806,2.81,2.81,2.805,4031184,1131604816.0,0.18,0.25,0.007,3.4
2019-01-18,2.809,2.811,2.813,2.809,2896155,814026016.0,0.14,0.04,0.001,2.44
2019-01-21,2.799,2.8,2.8,2.793,1982270,554309856.0,0.25,-0.39,-0.011,1.67
2019-01-22,2.797,2.799,2.8,2.791,2033678,568493472.0,0.32,-0.04,-0.001,1.71
2019-01-23,2.808,2.802,2.81,2.801,1860719,522073968.0,0.32,0.11,0.003,1.57
2019-01-24,2.8,2.8,2.802,2.797,2646538,741042336.0,0.18,-0.07,-0.002,2.23
2019-01-25,2.8,2.797,2.8,2.795,1452193,406249376.0,0.18,-0.11,-0.003,1.22
2019-01-28,2.819,2.823,2.825,2.819,2535089,715313952.0,0.21,0.93,0.026,2.14
2019-01-29,2.828,2.833,2.835,2.827,2229851,631256176.0,0.28,0.35,0.01,1.88
2019-01-30,2.839,2.842,2.843,2.837,2032954,577466496.0,0.21,0.32,0.009,1.71
2019-01-31,2.842,2.837,2.843,2.835,2399652,681564672.0,0.28,-0.18,-0.005,2.02
2019-02-01,2.839,2.852,2.854,2.839,1278354,364228304.0,0.53,0.53,0.015,1.08
2019-02-11,2.847,2.84,2.854,2.839,4004501,1140196752.0,0.53,-0.42,-0.012,3.37
2019-02-12,2.844,2.851,2.851,2.843,3341782,950977872.0,0.28,0.39,0.011,2.82
2019-02-13,2.845,2.847,2.847,2.843,3130336,890693712.0,0.14,-0.14,-0.004,2.64
2019-02-14,2.844,2.843,2.846,2.841,3034462,862785648.0,0.18,-0.14,-0.004,2.56
2019-02-15,2.848,2.861,2.861,2.848,3410812,973550864.0,0.46,0.63,0.018,2.87
2019-02-18,2.872,2.876,2.877,2.872,3382565,972318928.0,0.17,0.52,0.015,2.85
2019-02-19,2.88,2.878,2.883,2.877,2947669,849195984.0,0.21,0.07,0.002,2.48
2019-02-20,2.906,2.898,2.909,2.896,4396341,1276607584.0,0.45,0.69,0.02,3.7
2019-02-21,2.889,2.88,2.891,2.88,2763728,797769392.0,0.38,-0.62,-0.018,2.33
2019-02-22,2.865,2.86,2.867,2.859,3426347,981431952.0,0.28,-0.69,-0.02,2.89
2019-02-25,2.853,2.858,2.867,2.853,3592992,1027637328.0,0.49,-0.07,-0.002,3.03
2019-02-26,2.854,2.856,2.86,2.852,3173365,906260368.0,0.28,-0.07,-0.002,2.67
2019-02-27,2.856,2.853,2.859,2.851,4865555,1389254560.0,0.28,-0.11,-0.003,4.1
2019-02-28,2.843,2.833,2.843,2.827,3768145,1067875984.0,0.56,-0.7,-0.02,3.18
2019-03-01,2.827,2.826,2.83,2.821,2991462,845721648.0,0.32,-0.25,-0.007,2.52
2019-03-04,2.798,2.784,2.798,2.783,3615474,1008819808.0,0.53,-1.49,-0.042,3.05
2019-03-05,2.784,2.77,2.784,2.767,9451199,2625261728.0,0.61,-0.5,-0.014,7.96
2019-03-06,2.773,2.784,2.785,2.773,8232415,2286392624.0,0.43,0.51,0.014,6.94
2019-03-07,2.782,2.773,2.784,2.769,7894019,2193678912.0,0.54,-0.4,-0.011,6.65
2019-03-08,2.783,2.799,2.8,2.781,3492229,973667552.0,0.69,0.94,0.026,2.94
2019-03-11,2.809,2.808,2.811,2.802,7006372,1966875664.0,0.32,0.32,0.009,5.9
2019-03-12,2.798,2.808,2.81,2.798,6438284,1806186480.0,0.43,0.0,0.0,5.43
2019-03-13,2.818,2.82,2.826,2.818,5677518,1602030912.0,0.28,0.43,0.012,4.78
2019-03-14,2.822,2.815,2.822,2.815,5559561,1566932960.0,0.25,-0.18,-0.005,4.68
2019-03-15,2.801,2.811,2.816,2.8,6242864,1751427616.0,0.57,-0.14,-0.004,5.26
2019-03-18,2.807,2.807,2.81,2.803,5859195,1644714592.0,0.25,-0.14,-0.004,4.94
2019-03-19,2.815,2.823,2.825,2.815,5391278,1521791904.0,0.36,0.57,0.016,4.54
2019-03-20,2.82,2.819,2.823,2.818,6947507,1959281152.0,0.18,-0.14,-0.004,5.85
2019-03-21,2.833,2.839,2.84,2.832,7307281,2072933696.0,0.28,0.71,0.02,6.16
2019-03-22,2.826,2.833,2.834,2.825,5689414,1608617904.0,0.32,-0.21,-0.006,4.79
2019-03-25,2.849,2.849,2.852,2.846,5747628,1637461424.0,0.21,0.56,0.016,4.84
2019-03-26,2.855,2.85,2.858,2.849,6284628,1794025360.0,0.32,0.04,0.001,5.3
2019-03-27,2.85,2.848,2.854,2.845,6375187,1817150048.0,0.32,-0.07,-0.002,5.37
2019-03-28,2.841,2.842,2.844,2.837,6255969,1776752208.0,0.25,-0.21,-0.006,5.27
2019-03-29,2.809,2.788,2.809,2.786,6352249,1777201664.0,0.81,-1.9,-0.054,5.35
2019-04-01,2.789,2.788,2.798,2.787,5977778,1669645184.0,0.39,0.0,0.0,5.04
2019-04-02,2.79,2.792,2.797,2.789,7396498,2066145904.0,0.29,0.14,0.004,6.23
2019-04-03,2.797,2.797,2.804,2.795,6128373,1716433168.0,0.32,0.18,0.005,5.16
2019-04-04,2.794,2.798,2.808,2.793,5644031,1579168624.0,0.54,0.04,0.001,4.76
2019-04-08,2.8,2.81,2.814,2.8,7203041,2023052736.0,0.5,0.43,0.012,6.07
2019-04-09,2.816,2.811,2.817,2.81,5197893,1462605040.0,0.25,0.04,0.001,4.38
2019-04-10,2.819,2.825,2.825,2.817,6541525,1844416928.0,0.28,0.5,0.014,5.51
2019-04-11,2.828,2.828,2.832,2.827,6350483,1796288736.0,0.18,0.11,0.003,5.35
2019-04-12,2.804,2.8,2.808,2.799,5810570,1629478304.0,0.32,-0.99,-0.028,4.9
2019-04-15,2.789,2.785,2.791,2.784,5835373,1627040032.0,0.25,-0.54,-0.015,4.92
2019-04-16,2.784,2.785,2.788,2.781,6969074,1940707200.0,0.25,0.0,0.0,5.87
2019-04-17,2.772,2.769,2.777,2.768,11609783,3218472144.0,0.32,-0.57,-0.016,9.78
2019-04-18,2.759,2.751,2.761,2.749,4575602,1261481584.0,0.43,-0.65,-0.018,3.86
2019-04-19,2.763,2.762,2.769,2.762,7208711,1994548912.0,0.25,0.4,0.011,6.07
2019-04-22,2.765,2.772,2.775,2.764,6552711,1815867360.0,0.4,0.36,0.01,5.52
2019-04-23,2.771,2.757,2.772,2.755,8106835,2240418320.0,0.61,-0.54,-0.015,6.83
2019-04-24,2.756,2.754,2.758,2.75,8390566,2310969600.0,0.29,-0.11,-0.003,7.07
2019-04-25,2.765,2.767,2.769,2.763,6642734,1837607408.0,0.22,0.47,0.013,5.6
2019-04-26,2.774,2.773,2.777,2.769,7637192,2117898048.0,0.29,0.22,0.006,6.44
2019-04-29,2.778,2.769,2.785,2.768,5832327,1620533808.0,0.61,-0.14,-0.004,4.91
2019-04-30,2.77,2.777,2.78,2.77,4647561,1289350304.0,0.36,0.29,0.008,3.92
2019-05-06,2.798,2.793,2.805,2.788,6036408,1686287008.0,0.61,0.58,0.016,5.09
2019-05-07,2.791,2.787,2.794,2.786,3824343,1067386528.0,0.29,-0.21,-0.006,3.22
2019-05-08,2.798,2.804,2.805,2.795,4408941,1234787488.0,0.36,0.61,0.017,3.72
2019-05-09,2.8,2.806,2.808,2.798,3119596,874275344.0,0.36,0.07,0.002,2.63
2019-05-10,2.806,2.808,2.82,2.805,3472692,975657856.0,0.53,0.07,0.002,2.93
2019-05-13,2.821,2.826,2.828,2.821,2053882,580144576.0,0.25,0.64,0.018,1.73
2019-05-14,2.863,2.858,2.865,2.857,3144899,899552864.0,0.28,1.13,0.032,2.65
2019-05-15,2.858,2.844,2.858,2.842,4566738,1302810688.0,0.56,-0.49,-0.014,3.85
2019-05-16,2.852,2.858,2.859,2.852,3386777,967005744.0,0.25,0.49,0.014,2.85
2019-05-17,2.841,2.854,2.855,2.841,2088808,594925152.0,0.49,-0.14,-0.004,1.76
2019-05-20,2.839,2.835,2.839,2.832,2279418,645981376.0,0.25,-0.67,-0.019,1.92
2019-05-21,2.835,2.834,2.836,2.83,1647713,466897824.0,0.21,-0.04,-0.001,1.39
2019-05-22,2.828,2.834,2.838,2.828,2542935,720612144.0,0.35,0.0,0.0,2.14
2019-05-23,2.836,2.841,2.845,2.836,3337791,948211856.0,0.32,0.25,0.007,2.81
2019-05-24,2.855,2.856,2.858,2.852,2369429,676438336.0,0.21,0.53,0.015,2.0
2019-05-27,2.858,2.858,2.861,2.856,4223575,1207268624.0,0.18,0.07,0.002,3.56
2019-05-28,2.853,2.854,2.856,2.851,1997268,569955552.0,0.17,-0.14,-0.004,1.68
2019-05-29,2.85,2.861,2.862,2.849,2453599,700426912.0,0.46,0.25,0.007,2.07
2019-05-30,2.85,2.847,2.851,2.841,2307902,657129744.0,0.35,-0.49,-0.014,1.94
2019-05-31,2.876,2.878,2.879,2.872,2096259,602710688.0,0.25,1.09,0.031,1.77
2019-06-03,2.906,2.914,2.917,2.906,2734334,796891168.0,0.38,1.25,0.036,2.3
2019-06-04,2.945,2.944,2.947,2.935,2646979,778752080.0,0.41,1.03,0.03,2.23
2019-06-05,2.943,2.963,2.964,2.942,3649833,1076323168.0,0.75,0.65,0.019,3.08
2019-06-06,2.955,2.962,2.966,2.953,3109445,920683984.0,0.44,-0.03,-0.001,2.62
2019-06-10,2.96,2.953,2.969,2.948,4868042,1441161360.0,0.71,-0.3,-0.009,4.1
2019-06-11,2.954,2.937,2.958,2.937,4095239,1207745920.0,0.71,-0.54,-0.016,3.45
2019-06-12,2.944,2.972,2.979,2.944,3923670,1162103200.0,1.19,1.19,0.035,3.31
2019-06-13,2.966,2.977,2.977,2.964,3260141,969061392.0,0.44,0.17,0.005,2.75
2019-06-14,2.986,3.022,3.024,2.986,3180999,955212336.0,1.28,1.51,0.045,2.68
2019-06-17,3.0,2.983,3.001,2.982,3361387,1006342704.0,0.63,-1.29,-0.039,2.83
2019-06-18,2.991,3.004,3.012,2.991,4635662,1391008192.0,0.7,0.7,0.021,3.91
2019-06-19,2.98,2.989,2.991,2.978,4133381,1233873680.0,0.43,-0.5,-0.015,3.48
2019-06-20,3.05,3.054,3.06,3.05,4957650,1515229920.0,0.33,2.17,0.065,4.18
2019-06-21,3.075,3.079,3.107,3.075,4080712,1262082544.0,1.05,0.82,0.025,3.44
2019-06-24,3.109,3.101,3.111,3.1,3378028,1049230400.0,0.36,0.71,0.022,2.85
2019-06-25,3.148,3.166,3.185,3.145,6360654,2008930736.0,1.29,2.1,0.065,5.36
2019-06-26,3.132,3.108,3.134,3.071,3305538,1031677872.0,1.99,-1.83,-0.058,2.79
2019-06-27,3.113,3.1,3.118,3.097,3640540,1132415712.0,0.68,-0.26,-0.008,3.07
2019-06-28,3.124,3.109,3.15,3.104,3145572,985513408.0,1.48,0.29,0.009,2.65
2019-07-01,3.05,3.034,3.063,3.029,4880799,1487674240.0,1.09,-2.41,-0.075,4.11
2019-07-02,3.052,3.066,3.071,3.052,2699222,826330144.0,0.63,1.05,0.032,2.27
2019-07-03,3.172,3.152,3.177,3.138,4102956,1294234608.0,1.27,2.8,0.086,3.46
2019-07-04,3.142,3.119,3.142,3.113,2605072,814497232.0,0.92,-1.05,-0.033,2.2
2019-07-05,3.13,3.125,3.136,3.12,3159123,988642976.0,0.51,0.19,0.006,2.66
2019-07-08,3.091,3.109,3.111,3.087,2871305,889900320.0,0.77,-0.51,-0.016,2.42
2019-07-09,3.083,3.081,3.089,3.078,2169566,668839440.0,0.35,-0.9,-0.028,1.83
2019-07-10,3.084,3.079,3.088,3.075,1171330,361085216.0,0.42,-0.06,-0.002,0.99
2019-07-11,3.139,3.132,3.148,3.13,2971460,932574016.0,0.58,1.72,0.053,2.5
2019-07-12,3.113,3.111,3.113,3.1,1713918,532503584.0,0.42,-0.67,-0.021,1.44
2019-07-15,3.118,3.123,3.124,3.113,2176806,678754720.0,0.35,0.39,0.012,1.83
2019-07-16,3.121,3.12,3.127,3.118,1701966,531326640.0,0.29,-0.1,-0.003,1.43
2019-07-17,3.109,3.103,3.111,3.099,2001378,621189008.0,0.38,-0.54,-0.017,1.69
2019-07-18,3.147,3.135,3.15,3.131,1934474,607386624.0,0.61,1.03,0.032,1.63
2019-07-19,3.185,3.177,3.19,3.172,1722573,548504192.0,0.57,1.34,0.042,1.45
2019-07-22,3.145,3.153,3.159,3.142,1414119,445721216.0,0.54,-0.76,-0.024,1.19
2019-07-23,3.13,3.13,3.138,3.125,2432413,761774064.0,0.41,-0.73,-0.023,2.05
2019-07-24,3.14,3.143,3.144,3.137,1830086,574578960.0,0.22,0.42,0.013,1.54
2019-07-25,3.141,3.147,3.147,3.138,2196529,689904416.0,0.29,0.13,0.004,1.85
2019-07-26,3.13,3.134,3.134,3.123,1208105,377933024.0,0.35,-0.41,-0.013,1.02
2019-07-29,3.147,3.139,3.148,3.136,2316515,728115312.0,0.38,0.16,0.005,1.95
2019-07-30,3.143,3.152,3.154,3.143,2776392,873733232.0,0.35,0.41,0.013,2.34
2019-07-31,3.158,3.164,3.167,3.155,1847052,583541216.0,0.38,0.38,0.012,1.56
2019-08-01,3.125,3.112,3.126,3.11,2081586,649499984.0,0.51,-1.64,-0.052,1.75
2019-08-02,3.187,3.184,3.19,3.18,2603501,829518592.0,0.32,2.31,0.072,2.19
2019-08-05,3.239,3.289,3.304,3.238,3874736,1268788016.0,2.07,3.3,0.105,3.26
2019-08-06,3.332,3.296,3.332,3.295,3448141,1141119552.0,1.12,0.21,0.007,2.91
2019-08-07,3.346,3.363,3.374,3.346,4204278,1413084928.0,0.85,2.03,0.067,3.54
2019-08-08,3.383,3.386,3.406,3.369,3277162,1111713440.0,1.1,0.68,0.023,2.76
2019-08-09,3.404,3.403,3.42,3.393,3399836,1159058688.0,0.8,0.5,0.017,2.86
2019-08-12,3.402,3.382,3.402,3.381,2508770,851804048.0,0.62,-0.62,-0.021,2.11
2019-08-13,3.444,3.465,3.469,3.44,5384145,1858750112.0,0.86,2.45,0.083,4.54
2019-08-14,3.369,3.376,3.405,3.366,4338440,1469483760.0,1.13,-2.57,-0.089,3.66
2019-08-15,3.435,3.414,3.445,3.397,3560564,1220974240.0,1.42,1.13,0.038,3.0
2019-08-16,3.436,3.419,3.438,3.413,2590452,888487248.0,0.73,0.15,0.005,2.18
2019-08-19,3.394,3.402,3.419,3.393,3627066,1234951728.0,0.76,-0.5,-0.017,3.06
2019-08-20,3.394,3.388,3.394,3.382,4170123,1412644384.0,0.35,-0.41,-0.014,3.51
2019-08-21,3.399,3.391,3.403,3.388,3460917,1176275600.0,0.44,0.09,0.003,2.92
2019-08-22,3.395,3.401,3.403,3.395,1417583,481929120.0,0.24,0.29,0.01,1.19
2019-08-23,3.399,3.398,3.4,3.392,2153517,731569424.0,0.24,-0.09,-0.003,1.81
2019-08-26,3.521,3.52,3.534,3.51,3181503,1121957296.0,0.71,3.59,0.122,2.68
2019-08-27,3.511,3.522,3.526,3.501,2369481,832017520.0,0.71,0.06,0.002,2.0
2019-08-28,3.543,3.524,3.543,3.513,2342937,826649856.0,0.85,0.06,0.002,1.97
2019-08-29,3.53,3.565,3.566,3.529,2889056,1024193296.0,1.05,1.16,0.041,2.43
2019-08-30,3.503,3.508,3.523,3.495,3614918,1267506256.0,0.79,-1.6,-0.057,3.05
2019-09-02,3.502,3.496,3.505,3.492,2828988,989947600.0,0.37,-0.34,-0.012,2.38
2019-09-03,3.51,3.511,3.517,3.5,2185239,766862704.0,0.49,0.43,0.015,1.84
2019-09-04,3.557,3.524,3.56,3.522,3057998,1082531664.0,1.08,0.37,0.013,2.58
2019-09-05,3.542,3.539,3.544,3.525,1990251,702496368.0,0.54,0.43,0.015,1.68
2019-09-06,3.464,3.429,3.476,3.424,3964145,1372699104.0,1.47,-3.11,-0.11,3.34
2019-09-09,3.436,3.442,3.448,3.431,3112844,1071034400.0,0.5,0.38,0.013,2.62
2019-09-10,3.382,3.389,3.392,3.371,2907560,984874416.0,0.61,-1.54,-0.053,2.45
2019-09-11,3.397,3.404,3.408,3.396,3509387,1193155488.0,0.35,0.44,0.015,2.96
2019-09-12,3.395,3.404,3.404,3.393,1980233,672530656.0,0.32,0.0,0.0,1.67
2019-09-16,3.414,3.407,3.414,3.397,2929052,997866288.0,0.5,0.09,0.003,2.47
2019-09-17,3.405,3.394,3.405,3.392,2203246,749026064.0,0.38,-0.38,-0.013,1.86
2019-09-18,3.407,3.407,3.413,3.404,2762845,941669456.0,0.27,0.38,0.013,2.33
2019-09-19,3.387,3.401,3.403,3.385,2382828,808880656.0,0.53,-0.18,-0.006,2.01
2019-09-20,3.407,3.412,3.416,3.406,1926417,657109840.0,0.29,0.32,0.011,1.62
2019-09-23,3.437,3.441,3.461,3.437,3478062,1200413072.0,0.7,0.85,0.029,2.93
2019-09-24,3.463,3.46,3.466,3.454,3603326,1247184176.0,0.35,0.55,0.019,3.04
2019-09-25,3.48,3.48,3.482,3.473,2260734,786273936.0,0.26,0.58,0.02,1.9
2019-09-26,3.444,3.434,3.449,3.429,3036871,1044848720.0,0.57,-1.32,-0.046,2.56
2019-09-27,3.426,3.404,3.435,3.4,1627485,557748464.0,1.02,-0.87,-0.03,1.37
2019-09-30,3.4,3.396,3.403,3.386,1436800,488130768.0,0.5,-0.24,-0.008,1.21
2019-10-08,3.402,3.39,3.405,3.385,1579319,535814096.0,0.59,-0.18,-0.006,1.33
2019-10-09,3.435,3.44,3.441,3.434,2348398,807219152.0,0.21,1.47,0.05,1.98
2019-10-10,3.44,3.422,3.445,3.413,2289080,784621648.0,0.93,-0.52,-0.018,1.93
2019-10-11,3.391,3.405,3.406,3.389,1427088,484458496.0,0.5,-0.5,-0.017,1.2
2019-10-14,3.367,3.356,3.367,3.345,2486541,834301328.0,0.65,-1.44,-0.049,2.1
2019-10-15,3.363,3.363,3.377,3.361,2714361,914494208.0,0.48,0.21,0.007,2.29
2019-10-16,3.356,3.35,3.359,3.345,2879789,966296992.0,0.42,-0.39,-0.013,2.43
2019-10-17,3.366,3.374,3.377,3.365,2937073,989209680.0,0.36,0.72,0.024,2.47
2019-10-18,3.367,3.371,3.373,3.365,3308039,1114361264.0,0.24,-0.09,-0.003,2.79
2019-10-21,3.362,3.369,3.372,3.361,1856547,624574240.0,0.33,-0.06,-0.002,1.56
2019-10-22,3.349,3.356,3.359,3.349,2754276,924393296.0,0.3,-0.39,-0.013,2.32
2019-10-23,3.363,3.371,3.372,3.361,2954572,994659360.0,0.33,0.45,0.015,2.49
2019-10-24,3.367,3.364,3.369,3.363,3526899,1187228992.0,0.18,-0.21,-0.007,2.97
2019-10-25,3.388,3.398,3.4,3.387,4918331,1669143536.0,0.39,1.01,0.034,4.14
2019-10-28,3.394,3.395,3.396,3.388,2614598,887041200.0,0.24,-0.09,-0.003,2.2
2019-10-29,3.364,3.36,3.365,3.356,1925625,647298176.0,0.27,-1.03,-0.035,1.62
2019-10-30,3.357,3.356,3.362,3.353,1754278,588922864.0,0.27,-0.12,-0.004,1.48
2019-10-31,3.365,3.363,3.369,3.362,2049581,689859504.0,0.21,0.21,0.007,1.73
2019-11-01,3.396,3.387,3.398,3.3,2762600,936435872.0,2.91,0.71,0.024,2.33
2019-11-04,3.391,3.383,3.392,3.381,2129310,721047136.0,0.32,-0.12,-0.004,1.79
2019-11-05,3.374,3.362,3.376,3.359,2108592,710774992.0,0.5,-0.62,-0.021,1.78
2019-11-06,3.32,3.313,3.32,3.306,3459771,1145951088.0,0.42,-1.46,-0.049,2.92
2019-11-07,3.329,3.331,3.335,3.325,2844477,947465008.0,0.3,0.54,0.018,2.4
2019-11-08,3.253,3.269,3.271,3.25,2925576,954392848.0,0.63,-1.86,-0.062,2.47
2019-11-11,3.26,3.266,3.267,3.255,2743008,894066848.0,0.37,-0.09,-0.003,2.31
2019-11-12,3.25,3.233,3.25,3.228,2453906,795877744.0,0.67,-1.01,-0.033,2.07
2019-11-13,3.259,3.267,3.27,3.257,3338575,1089149424.0,0.4,1.05,0.034,2.81
2019-11-14,3.266,3.276,3.277,3.265,2694705,881099584.0,0.37,0.28,0.009,2.27
2019-11-15,3.274,3.268,3.276,3.265,1860439,608492896.0,0.34,-0.24,-0.008,1.57
2019-11-18,3.271,3.269,3.276,3.268,3491584,1142309792.0,0.24,0.03,0.001,2.94
2019-11-19,3.292,3.29,3.294,3.283,3079345,1012471696.0,0.34,0.64,0.021,2.59
2019-11-20,3.297,3.301,3.303,3.296,4672989,1541602288.0,0.21,0.33,0.011,3.94
2019-11-21,3.303,3.294,3.31,3.292,3075222,1014787104.0,0.55,-0.21,-0.007,2.59
2019-11-22,3.278,3.287,3.288,3.273,2342399,768092240.0,0.46,-0.21,-0.007,1.97
2019-11-25,3.269,3.264,3.278,3.262,3711957,1213980928.0,0.49,-0.7,-0.023,3.13
2019-11-26,3.254,3.263,3.264,3.247,2782982,905890752.0,0.52,-0.03,-0.001,2.35
2019-11-27,3.27,3.268,3.271,3.264,1608520,525599072.0,0.21,0.15,0.005,1.36
2019-11-28,3.264,3.261,3.266,3.26,1536701,501549232.0,0.18,-0.21,-0.007,1.29
2019-11-29,3.264,3.265,3.271,3.264,3722594,1216519712.0,0.21,0.12,0.004,3.14
2019-12-02,3.271,3.269,3.272,3.268,1922692,628682816.0,0.12,0.12,0.004,1.62
2019-12-03,3.278,3.277,3.283,3.274,2799898,918041552.0,0.28,0.24,0.008,2.36
2019-12-04,3.326,3.337,3.338,3.325,3684205,1227092688.0,0.4,1.83,0.06,3.1
2019-12-05,3.317,3.321,3.322,3.316,1821314,604453424.0,0.18,-0.48,-0.016,1.53
2019-12-06,3.315,3.297,3.316,3.296,3086978,1022096352.0,0.6,-0.72,-0.024,2.6
2019-12-09,3.272,3.275,3.279,3.27,4032803,1320433280.0,0.27,-0.67,-0.022,3.4
2019-12-10,3.278,3.28,3.283,3.276,2013436,660214496.0,0.21,0.15,0.005,1.7
2019-12-11,3.283,3.282,3.288,3.282,2631640,864254608.0,0.18,0.06,0.002,2.22
2019-12-12,3.303,3.3,3.313,3.3,2779066,918837136.0,0.4,0.55,0.018,2.34
2019-12-13,3.26,3.261,3.268,3.259,2633206,859212736.0,0.27,-1.18,-0.039,2.22
2019-12-16,3.282,3.294,3.297,3.281,2482437,815893888.0,0.49,1.01,0.033,2.09
2019-12-17,3.292,3.292,3.294,3.289,3849938,1267237376.0,0.15,-0.06,-0.002,3.24
2019-12-18,3.293,3.295,3.297,3.291,3839593,1264642288.0,0.18,0.09,0.003,3.24
2019-12-19,3.291,3.292,3.299,3.291,3599613,1185916384.0,0.24,-0.09,-0.003,3.03
2019-12-20,3.296,3.302,3.303,3.295,3110803,1026173200.0,0.24,0.3,0.01,2.62
2019-12-23,3.301,3.313,3.315,3.3,3441279,1137762336.0,0.45,0.33,0.011,2.9
2019-12-24,3.318,3.331,3.333,3.317,3821421,1271260912.0,0.48,0.54,0.018,3.22
2019-12-25,3.348,3.352,3.354,3.344,3029031,1015114848.0,0.3,0.63,0.021,2.55
2019-12-26,3.353,3.353,3.357,3.345,3352185,1123859296.0,0.36,0.03,0.001,2.82
2019-12-27,3.364,3.363,3.382,3.36,4425961,1492936080.0,0.66,0.3,0.01,3.73
2019-12-30,3.372,3.361,3.374,3.361,3846849,1295585184.0,0.39,-0.06,-0.002,3.24
2019-12-31,3.375,3.384,3.386,3.373,4026327,1360969184.0,0.39,0.68,0.023,3.39
2020-01-02,3.371,3.37,3.377,3.368,3818438,1287583744.0,0.27,-0.41,-0.014,3.22
2020-01-03,3.392,3.422,3.428,3.39,3679150,1254881696.0,1.13,1.54,0.052,3.1
2020-01-06,3.496,3.497,3.51,3.493,4607805,1613494880.0,0.5,2.19,0.075,3.88
2020-01-07,3.472,3.466,3.475,3.447,3610570,1249704640.0,0.8,-0.89,-0.031,3.04
2020-01-08,3.547,3.531,3.56,3.511,5462982,1926679984.0,1.41,1.88,0.065,4.6
2020-01-09,3.44,3.408,3.451,3.397,4458190,1534083856.0,1.53,-3.48,-0.123,3.76
2020-01-10,3.413,3.418,3.425,3.413,2720508,930565152.0,0.35,0.29,0.01,2.29
2020-01-13,3.423,3.418,3.435,3.413,4304742,1474214160.0,0.64,0.0,0.0,3.63
2020-01-14,3.368,3.374,3.376,3.363,4245021,1430424560.0,0.38,-1.29,-0.044,3.58
2020-01-15,3.398,3.403,3.414,3.395,4208754,1434372560.0,0.56,0.86,0.029,3.55
2020-01-16,3.413,3.406,3.42,3.403,4914062,1677270656.0,0.5,0.09,0.003,4.14
2020-01-17,3.402,3.404,3.41,3.4,3332207,1134252864.0,0.29,-0.06,-0.002,2.81
2020-01-20,3.407,3.405,3.41,3.403,4300936,1465106192.0,0.21,0.03,0.001,3.62
2020-01-21,3.425,3.437,3.449,3.424,5093903,1751478816.0,0.73,0.94,0.032,4.29
2020-01-22,3.409,3.407,3.419,3.401,3599605,1227541568.0,0.52,-0.87,-0.03,3.03
2020-01-23,3.428,3.43,3.437,3.421,2561210,878069424.0,0.47,0.68,0.023,2.16
2020-02-03,3.51,3.52,3.527,3.51,3510865,1235172496.0,0.5,2.62,0.09,2.96
2020-02-04,3.509,3.492,3.512,3.488,3354436,1174676000.0,0.68,-0.8,-0.028,2.83
2020-02-05,3.459,3.469,3.476,3.453,3919754,1357974672.0,0.66,-0.66,-0.023,3.3
2020-02-06,3.448,3.452,3.454,3.439,3561826,1228019968.0,0.43,-0.49,-0.017,3.0
2020-02-07,3.48,3.468,3.482,3.463,2154367,748690016.0,0.55,0.46,0.016,1.82
2020-02-10,3.491,3.481,3.497,3.479,3398724,1184823776.0,0.52,0.37,0.013,2.86
2020-02-11,3.479,3.472,3.482,3.47,2724622,946956448.0,0.34,-0.26,-0.009,2.3
2020-02-12,3.466,3.465,3.47,3.459,3719462,1289068432.0,0.32,-0.2,-0.007,3.13
2020-02-13,3.474,3.49,3.493,3.474,3195844,1113158240.0,0.55,0.72,0.025,2.69
2020-02-14,3.495,3.494,3.498,3.486,1981475,692100240.0,0.34,0.11,0.004,1.67
2020-02-17,3.509,3.505,3.511,3.502,2969656,1041005920.0,0.26,0.31,0.011,2.5
2020-02-18,3.514,3.522,3.523,3.514,4114441,1447726128.0,0.26,0.49,0.017,3.47
2020-02-19,3.563,3.562,3.569,3.555,4071301,1450226368.0,0.4,1.14,0.04,3.43
2020-02-20,3.568,3.574,3.595,3.568,3440325,1232251936.0,0.76,0.34,0.012,2.9
2020-02-21,3.611,3.646,3.648,3.611,4474054,1624586048.0,1.04,2.01,0.072,3.77
2020-02-24,3.728,3.725,3.73,3.707,5965415,2216601408.0,0.63,2.17,0.079,5.03
2020-02-25,3.679,3.648,3.703,3.64,9155551,3373649136.0,1.69,-2.07,-0.077,7.71
2020-02-26,3.667,3.668,3.678,3.632,7777393,2849456640.0,1.26,0.55,0.02,6.55
2020-02-27,3.665,3.669,3.69,3.665,6056712,2225988928.0,0.68,0.03,0.001,5.1
2020-02-28,3.652,3.623,3.66,3.605,5007922,1823033600.0,1.5,-1.25,-0.046,4.22
2020-03-02,3.549,3.542,3.556,3.516,6044725,2138388880.0,1.1,-2.24,-0.081,5.09
2020-03-03,3.532,3.536,3.542,3.53,4407032,1558011440.0,0.34,-0.17,-0.006,3.71
2020-03-04,3.608,3.612,3.628,3.607,5367900,1940724992.0,0.59,2.15,0.076,4.52
2020-03-05,3.603,3.611,3.612,3.6,3805619,1371411920.0,0.33,-0.03,-0.001,3.21
2020-03-06,3.677,3.686,3.705,3.672,5135924,1892257664.0,0.91,2.08,0.075,4.33
2020-03-09,3.716,3.659,3.728,3.317,7116914,2624195456.0,11.15,-0.73,-0.027,6.0
2020-03-10,3.647,3.612,3.656,3.593,5356164,1945663136.0,1.72,-1.28,-0.047,4.51
2020-03-11,3.621,3.648,3.649,3.621,5821220,2115649904.0,0.78,1.0,0.036,4.91
2020-03-12,3.622,3.608,3.625,3.597,4599535,1658973376.0,0.77,-1.1,-0.04,3.88
2020-03-13,3.472,3.502,3.519,3.437,5978226,2076825936.0,2.27,-2.94,-0.106,5.04
2020-03-16,3.4,3.414,3.436,3.382,5875412,2005647216.0,1.54,-2.51,-0.088,4.95
2020-03-17,3.315,3.255,3.316,3.25,6334000,2080993360.0,1.93,-4.66,-0.159,5.34
2020-03-18,3.38,3.326,3.39,3.306,7957593,2675879184.0,2.58,2.18,0.071,6.71
2020-03-19,3.295,3.312,3.318,3.253,6403390,2104808496.0,1.95,-0.42,-0.014,5.4
2020-03-20,3.317,3.346,3.361,3.305,4924920,1636123616.0,1.69,1.03,0.034,4.15
2020-03-23,3.325,3.337,3.355,3.324,4810771,1607791184.0,0.93,-0.27,-0.009,4.05
2020-03-24,3.55,3.523,3.554,3.489,5805658,2042565440.0,1.95,5.57,0.186,4.89
2020-03-25,3.601,3.581,3.61,3.573,6295552,2261848704.0,1.05,1.65,0.058,5.3
2020-03-26,3.568,3.572,3.594,3.567,5289191,1892239696.0,0.75,-0.25,-0.009,4.46
2020-03-27,3.605,3.612,3.621,3.599,4771574,1722024448.0,0.62,1.12,0.04,4.02
2020-03-30,3.597,3.583,3.601,3.577,4517560,1622066720.0,0.66,-0.8,-0.029,3.81
2020-03-31,3.583,3.586,3.59,3.581,4865417,1744376816.0,0.25,0.08,0.003,4.1
2020-04-01,3.505,3.528,3.537,3.503,4194710,1475067664.0,0.95,-1.62,-0.058,3.53
2020-04-02,3.526,3.543,3.55,3.524,3322601,1173648160.0,0.74,0.43,0.015,2.8
2020-04-03,3.582,3.575,3.599,3.568,2850081,1020595888.0,0.87,0.9,0.032,2.4
2020-04-07,3.686,3.676,3.691,3.671,4207953,1549853232.0,0.56,2.83,0.101,3.55
2020-04-08,3.643,3.641,3.654,3.639,4134609,1508410144.0,0.41,-0.95,-0.035,3.48
2020-04-09,3.642,3.65,3.651,3.64,3320763,1209831728.0,0.3,0.25,0.009,2.8
2020-04-10,3.681,3.671,3.687,3.664,4498658,1654369088.0,0.63,0.58,0.021,3.79
2020-04-13,3.675,3.67,3.676,3.655,3649598,1336618256.0,0.57,-0.03,-0.001,3.08
2020-04-14,3.698,3.712,3.736,3.685,4392421,1631108096.0,1.39,1.14,0.042,3.7
2020-04-15,3.713,3.702,3.729,3.7,4867996,1810918112.0,0.78,-0.27,-0.01,4.1
2020-04-16,3.702,3.73,3.743,3.7,4510342,1673766832.0,1.16,0.76,0.028,3.8
2020-04-17,3.69,3.669,3.696,3.643,4261864,1567021088.0,1.42,-1.64,-0.061,3.59
2020-04-20,3.634,3.651,3.661,3.633,3924339,1431885120.0,0.76,-0.49,-0.018,3.31
2020-04-21,3.674,3.684,3.687,3.671,6462629,2376551488.0,0.44,0.9,0.033,5.45
2020-04-22,3.686,3.674,3.69,3.665,4075968,1500164784.0,0.68,-0.27,-0.01,3.43
2020-04-23,3.735,3.739,3.748,3.73,4001888,1496887216.0,0.49,1.77,0.065,3.37
2020-04-24,3.741,3.769,3.775,3.739,3552750,1332629888.0,0.96,0.8,0.03,2.99
2020-04-27,3.763,3.741,3.763,3.739,3459235,1298209376.0,0.64,-0.74,-0.028,2.91
2020-04-28,3.717,3.714,3.721,3.694,4955369,1837664208.0,0.72,-0.72,-0.027,4.18
2020-04-29,3.729,3.733,3.741,3.728,5448626,2034589552.0,0.35,0.51,0.019,4.59
2020-04-30,3.728,3.746,3.751,3.723,2826046,1054720720.0,0.75,0.35,0.013,2.38
2020-05-06,3.748,3.741,3.75,3.734,3242891,1213685968.0,0.43,-0.13,-0.005,2.73
2020-05-07,3.732,3.723,3.74,3.721,4821881,1800144608.0,0.51,-0.48,-0.018,4.06
2020-05-08,3.775,3.769,3.779,3.767,4441580,1675371088.0,0.32,1.24,0.046,3.74
2020-05-11,3.751,3.754,3.76,3.747,4550917,1708650080.0,0.34,-0.4,-0.015,3.83
2020-05-12,3.741,3.746,3.754,3.74,3865223,1448423824.0,0.37,-0.21,-0.008,3.26
2020-05-13,3.755,3.757,3.759,3.749,4029647,1512529088.0,0.27,0.29,0.011,3.4
2020-05-14,3.772,3.781,3.782,3.771,4156941,1569134512.0,0.29,0.64,0.024,3.5
2020-05-15,3.818,3.834,3.842,3.814,3100704,1185265328.0,0.74,1.4,0.053,2.61
2020-05-18,3.9,3.927,3.939,3.899,4718848,1851676384.0,1.04,2.43,0.093,3.98
2020-05-19,3.868,3.865,3.886,3.852,5508572,2134866480.0,0.87,-1.58,-0.062,4.64
2020-05-20,3.908,3.906,3.916,3.9,5428692,2120784480.0,0.41,1.06,0.041,4.57
2020-05-21,3.89,3.87,3.894,3.867,4533163,1759790400.0,0.69,-0.92,-0.036,3.82
2020-05-22,3.846,3.865,3.868,3.834,4689656,1805390176.0,0.88,-0.13,-0.005,3.95
2020-05-25,3.855,3.858,3.868,3.851,4011168,1548443088.0,0.44,-0.18,-0.007,3.38
2020-05-26,3.873,3.876,3.887,3.871,3186016,1235692688.0,0.41,0.47,0.018,2.68
2020-05-27,3.845,3.835,3.847,3.83,4043431,1552648208.0,0.44,-1.06,-0.041,3.41
2020-05-28,3.85,3.863,3.871,3.846,3823228,1475225024.0,0.65,0.73,0.028,3.22
2020-05-29,3.857,3.864,3.869,3.854,4186026,1616722464.0,0.39,0.03,0.001,3.53
2020-06-01,3.881,3.895,3.906,3.881,4790721,1864794592.0,0.65,0.8,0.031,4.04
2020-06-02,3.885,3.888,3.896,3.883,4995947,1943263120.0,0.33,-0.18,-0.007,4.21
2020-06-03,3.852,3.853,3.866,3.848,4513401,1741442096.0,0.46,-0.9,-0.035,3.8
2020-06-04,3.815,3.82,3.834,3.813,5378537,2057303488.0,0.55,-0.86,-0.033,4.53
2020-06-05,3.845,3.817,3.847,3.813,4231757,1620975072.0,0.89,-0.08,-0.003,3.57
2020-06-08,3.774,3.783,3.788,3.771,4693825,1772433024.0,0.45,-0.89,-0.034,3.96
2020-06-09,3.793,3.782,3.796,3.778,3024042,1144718336.0,0.48,-0.03,-0.001,2.55
2020-06-10,3.823,3.821,3.825,3.818,2998049,1145479168.0,0.19,1.03,0.039,2.53
2020-06-11,3.844,3.855,3.856,3.841,4926423,1895236864.0,0.39,0.89,0.034,4.15
2020-06-12,3.85,3.854,3.856,3.841,5973088,2297666448.0,0.39,-0.03,-0.001,5.03
2020-06-15,3.86,3.844,3.866,3.833,4550920,1752661376.0,0.86,-0.26,-0.01,3.83
2020-06-16,3.842,3.84,3.852,3.829,6181278,2375174128.0,0.6,-0.1,-0.004,5.21
2020-06-17,3.842,3.842,3.848,3.837,4431910,1702822224.0,0.29,0.05,0.002,3.73
2020-06-18,3.847,3.836,3.847,3.834,5023258,1929758064.0,0.34,-0.16,-0.006,4.23
2020-06-19,3.837,3.844,3.849,3.837,6348112,2439085424.0,0.31,0.21,0.008,5.35
2020-06-22,3.891,3.886,3.901,3.885,6907265,2688456176.0,0.42,1.09,0.042,5.82
2020-06-23,3.896,3.882,3.896,3.877,5972152,2321588080.0,0.49,-0.1,-0.004,5.03
2020-06-24,3.913,3.91,3.915,3.904,4660702,1821625360.0,0.28,0.72,0.028,3.93
2020-06-29,3.917,3.91,3.917,3.907,3906067,1527990064.0,0.26,0.0,0.0,3.29
2020-06-30,3.909,3.914,3.915,3.906,6261148,2448171936.0,0.23,0.1,0.004,5.28
2020-07-01,3.93,3.939,3.942,3.926,5016933,1973363648.0,0.41,0.64,0.025,4.23
2020-07-02,3.901,3.903,3.908,3.898,4809736,1877390736.0,0.25,-0.91,-0.036,4.05
2020-07-03,3.917,3.915,3.919,3.907,4655264,1822549744.0,0.31,0.31,0.012,3.92
2020-07-06,3.912,3.902,3.915,3.898,5472568,2137196432.0,0.43,-0.33,-0.013,4.61
2020-07-07,3.909,3.911,3.913,3.904,9546247,3731357392.0,0.23,0.23,0.009,8.04
2020-07-08,3.929,3.928,3.932,3.925,7243902,2845814816.0,0.18,0.43,0.017,6.1
2020-07-09,3.947,3.954,3.959,3.945,8950319,3538580432.0,0.36,0.66,0.026,7.54
2020-07-10,3.936,3.926,3.943,3.924,4764302,1875713040.0,0.48,-0.71,-0.028,4.01
2020-07-13,3.938,3.939,3.947,3.937,5805603,2287739232.0,0.25,0.33,0.013,4.89
2020-07-14,3.928,3.935,3.94,3.928,6821053,2683461184.0,0.3,-0.1,-0.004,5.75
2020-07-15,3.948,3.94,3.956,3.939,8055157,3177991248.0,0.43,0.13,0.005,6.79
2020-07-16,3.939,3.927,3.946,3.926,4882196,1923197856.0,0.51,-0.33,-0.013,4.11
2020-07-17,3.905,3.904,3.905,3.892,5173086,2017444400.0,0.33,-0.59,-0.023,4.36
2020-07-20,3.916,3.925,3.926,3.916,6161894,2415266624.0,0.26,0.54,0.021,5.19
2020-07-21,3.941,3.951,3.957,3.933,6554176,2581762848.0,0.61,0.66,0.026,5.52
2020-07-22,4.063,4.043,4.065,4.03,6035476,2438544672.0,0.89,2.33,0.092,5.09
2020-07-23,4.056,4.066,4.069,4.051,4955403,2010546704.0,0.45,0.57,0.023,4.18
2020-07-24,4.084,4.109,4.111,4.083,5704010,2337096288.0,0.69,1.06,0.043,4.81
2020-07-27,4.165,4.203,4.253,4.162,8623640,3627208576.0,2.21,2.29,0.094,7.27
2020-07-28,4.29,4.198,4.29,4.167,6790150,2879228112.0,2.93,-0.12,-0.005,5.72
2020-07-29,4.222,4.206,4.222,4.199,6257124,2632338688.0,0.55,0.19,0.008,5.27
2020-07-30,4.215,4.174,4.218,4.157,5262939,2212740096.0,1.45,-0.76,-0.032,4.43
2020-07-31,4.181,4.216,4.22,4.172,8771142,3672255008.0,1.15,1.01,0.042,7.39
2020-08-03,4.212,4.2,4.216,4.198,5343770,2248812672.0,0.43,-0.38,-0.016,4.5
2020-08-04,4.213,4.206,4.217,4.201,5836120,2458616640.0,0.38,0.14,0.006,4.92
2020-08-05,4.299,4.32,4.327,4.274,4413314,1895603440.0,1.26,2.71,0.114,3.72
2020-08-06,4.333,4.353,4.359,4.329,5797680,2517207312.0,0.69,0.76,0.033,4.89
2020-08-07,4.402,4.378,4.415,4.315,4688888,2061162048.0,2.3,0.57,0.025,3.95
2020-08-10,4.335,4.349,4.357,4.334,3452340,1499208432.0,0.53,-0.66,-0.029,2.91
2020-08-11,4.323,4.253,4.335,4.234,5657916,2433925088.0,2.32,-2.21,-0.096,4.77
2020-08-12,4.037,3.989,4.037,3.958,4184448,1665711152.0,1.86,-6.21,-0.264,3.53
2020-08-13,4.068,4.054,4.07,4.04,6174835,2504865072.0,0.75,1.63,0.065,5.2
2020-08-14,4.142,4.088,4.149,4.075,5361125,2215225264.0,1.83,0.84,0.034,4.52
2020-08-17,4.092,4.129,4.133,4.086,4846468,1992328656.0,1.15,1.0,0.041,4.08
2020-08-18,4.202,4.225,4.234,4.202,5079402,2141720544.0,0.78,2.33,0.096,4.28
2020-08-19,4.217,4.177,4.217,4.173,4877594,2047621360.0,1.04,-1.14,-0.048,4.11
2020-08-20,4.065,4.088,4.108,4.048,5626622,2299308240.0,1.44,-2.13,-0.089,4.74
2020-08-21,4.09,4.092,4.101,4.074,5201514,2127180208.0,0.66,0.1,0.004,4.38
2020-08-24,4.043,4.057,4.067,4.041,3973894,1611101952.0,0.64,-0.86,-0.035,3.35
2020-08-25,4.064,4.065,4.076,4.056,4460889,1814616912.0,0.49,0.2,0.008,3.76
2020-08-26,4.063,4.06,4.075,4.056,3568767,1450306256.0,0.47,-0.12,-0.005,3.01
2020-08-27,4.103,4.109,4.11,4.097,5788788,2375190672.0,0.32,1.21,0.049,4.88
2020-08-28,4.082,4.109,4.115,4.081,3504912,1436103216.0,0.83,0.0,0.0,2.95
2020-08-31,4.138,4.123,4.144,4.119,3992551,1651248016.0,0.61,0.34,0.014,3.36
2020-09-01,4.149,4.169,4.177,4.149,5049006,2103009936.0,0.68,1.12,0.046,4.25
2020-09-02,4.135,4.125,4.136,4.12,4341222,1791382352.0,0.38,-1.06,-0.044,3.66
2020-09-03,4.085,4.053,4.104,4.045,4382407,1787997520.0,1.43,-1.75,-0.072,3.69
2020-09-04,4.062,4.065,4.079,4.053,3177919,1292721952.0,0.64,0.3,0.012,2.68
2020-09-07,4.079,4.063,4.087,4.056,4123056,1680162064.0,0.76,-0.05,-0.002,3.47
2020-09-08,4.06,4.066,4.076,4.05,4355126,1767792112.0,0.64,0.07,0.003,3.67
2020-09-09,4.061,4.068,4.081,4.058,2756252,1121123632.0,0.57,0.05,0.002,2.32
2020-09-10,4.105,4.096,4.108,4.091,3714040,1523254496.0,0.42,0.69,0.028,3.13
2020-09-11,4.098,4.087,4.103,4.071,4331531,1769898688.0,0.78,-0.22,-0.009,3.65
2020-09-14,4.088,4.086,4.099,4.084,3862124,1580548336.0,0.37,-0.02,-0.001,3.25
2020-09-15,4.098,4.1,4.112,4.092,6049893,2482483376.0,0.49,0.34,0.014,5.1
2020-09-16,4.077,4.088,4.093,4.075,3150329,1286399280.0,0.44,-0.29,-0.012,2.65
2020-09-17,4.077,4.06,4.08,4.05,5398181,2191535200.0,0.73,-0.68,-0.028,4.55
2020-09-18,4.067,4.078,4.079,4.064,3730543,1518793728.0,0.37,0.44,0.018,3.14
2020-09-21,4.085,4.078,4.09,4.075,2694802,1100108736.0,0.37,0.0,0.0,2.27
2020-09-22,3.978,3.985,4.004,3.967,3860138,1539461648.0,0.91,-2.28,-0.093,3.25
2020-09-23,3.98,3.925,3.989,3.911,3682100,1457738896.0,1.96,-1.51,-0.06,3.1
2020-09-24,3.92,3.881,3.924,3.869,3594900,1402666720.0,1.4,-1.12,-0.044,3.03
2020-09-25,3.902,3.928,3.93,3.897,4718700,1845240928.0,0.85,1.21,0.047,3.98
2020-09-28,3.922,3.919,3.925,3.914,3583615,1404661648.0,0.28,-0.23,-0.009,3.02
2020-09-29,3.968,3.972,3.975,3.95,2394328,950252272.0,0.64,1.35,0.053,2.02
2020-09-30,3.985,3.974,3.989,3.966,2790002,1110412464.0,0.58,0.05,0.002,2.35
2020-10-09,3.962,3.971,3.986,3.959,2476497,984504736.0,0.68,-0.08,-0.003,2.09
2020-10-12,4.019,4.014,4.03,4.013,3248738,1307228928.0,0.43,1.08,0.043,2.74
2020-10-13,4.012,4.003,4.019,3.995,2622278,1050152624.0,0.6,-0.27,-0.011,2.21
2020-10-14,3.93,3.958,3.958,3.927,3960590,1562271056.0,0.77,-1.12,-0.045,3.34
2020-10-15,3.948,3.953,3.96,3.938,3511650,1387034384.0,0.56,-0.13,-0.005,2.96
2020-10-16,3.972,3.965,3.977,3.962,3084774,1224776336.0,0.38,0.3,0.012,2.6
2020-10-19,3.954,3.968,3.974,3.944,4326252,1711313936.0,0.76,0.08,0.003,3.65
2020-10-20,3.954,3.952,3.955,3.938,3474552,1372011216.0,0.43,-0.4,-0.016,2.93
2020-10-21,3.972,3.966,3.979,3.963,3063671,1216953584.0,0.4,0.35,0.014,2.58
2020-10-22,3.975,3.97,3.975,3.956,4370759,1732815888.0,0.48,0.1,0.004,3.68
2020-10-23,3.953,3.956,3.957,3.947,3133374,1238522032.0,0.25,-0.35,-0.014,2.64
2020-10-26,3.947,3.938,3.947,3.926,3078908,1212541296.0,0.53,-0.46,-0.018,2.59
2020-10-27,3.968,3.972,3.976,3.966,3188021,1266323424.0,0.25,0.86,0.034,2.69
2020-10-28,3.974,3.974,3.985,3.969,2282934,908036528.0,0.4,0.05,0.002,1.92
2020-10-29,3.913,3.92,3.933,3.91,3948200,1548256272.0,0.58,-1.36,-0.054,3.33
2020-10-30,3.906,3.897,3.908,3.885,2363285,921456432.0,0.59,-0.59,-0.023,1.99
2020-11-02,3.914,3.93,3.936,3.914,2477960,972412864.0,0.56,0.85,0.033,2.09
2020-11-03,3.94,3.949,3.955,3.939,5905693,2331227600.0,0.41,0.48,0.019,4.98
2020-11-04,3.97,3.967,3.976,3.955,4321601,1714671920.0,0.53,0.46,0.018,3.64
2020-11-05,3.951,3.965,3.966,3.95,2970789,1176200704.0,0.4,-0.05,-0.002,2.5
2020-11-06,4.002,4.001,4.013,3.99,4067355,1628712304.0,0.58,0.91,0.036,3.43
2020-11-09,4.014,3.99,4.016,3.987,4009527,1607100208.0,0.72,-0.27,-0.011,3.38
2020-11-10,3.854,3.889,3.894,3.85,4105799,1588928816.0,1.1,-2.53,-0.101,3.46
2020-11-11,3.884,3.881,3.884,3.866,3229295,1250667968.0,0.46,-0.21,-0.008,2.72
2020-11-12,3.865,3.873,3.879,3.862,6587738,2551356832.0,0.44,-0.21,-0.008,5.55
2020-11-13,3.887,3.89,3.892,3.886,2665695,1036880208.0,0.15,0.44,0.017,2.25
2020-11-16,3.905,3.888,3.91,3.885,2915872,1137282704.0,0.64,-0.05,-0.002,2.46
2020-11-17,3.887,3.881,3.891,3.876,4038099,1568741584.0,0.39,-0.18,-0.007,3.4
2020-11-18,3.861,3.856,3.865,3.849,2875499,1109294096.0,0.41,-0.64,-0.025,2.42
2020-11-19,3.852,3.837,3.853,3.828,2844818,1093145552.0,0.65,-0.49,-0.019,2.4
2020-11-20,3.843,3.843,3.849,3.837,2883618,1108008080.0,0.31,0.16,0.006,2.43
2020-11-23,3.851,3.851,3.855,3.841,2711427,1043150416.0,0.36,0.21,0.008,2.28
2020-11-24,3.772,3.755,3.774,3.746,4018333,1509340304.0,0.73,-2.49,-0.096,3.39
2020-11-25,3.725,3.714,3.727,3.705,4462716,1658031712.0,0.59,-1.09,-0.041,3.76
2020-11-26,3.717,3.718,3.72,3.704,3556844,1320656112.0,0.43,0.11,0.004,3.0
2020-11-27,3.716,3.72,3.722,3.711,2369940,880638288.0,0.3,0.05,0.002,2.0
2020-11-30,3.656,3.628,3.656,3.604,4779561,1733729840.0,1.4,-2.47,-0.092,4.03
2020-12-01,3.64,3.653,3.661,3.638,3356918,1224877712.0,0.63,0.69,0.025,2.83
2020-12-02,3.7,3.707,3.71,3.695,3976888,1473097776.0,0.41,1.48,0.054,3.35
2020-12-03,3.729,3.748,3.754,3.722,4041604,1511482160.0,0.86,1.11,0.041,3.41
2020-12-04,3.752,3.754,3.764,3.743,3352357,1258005584.0,0.56,0.16,0.006,2.82
2020-12-07,3.738,3.745,3.752,3.736,3492869,1308210848.0,0.43,-0.24,-0.009,2.94
2020-12-08,3.795,3.8,3.809,3.79,3706864,1408387088.0,0.51,1.47,0.055,3.12
2020-12-09,3.798,3.778,3.802,3.771,2898684,1098278336.0,0.82,-0.58,-0.022,2.44
2020-12-10,3.746,3.74,3.755,3.738,4969989,1862662032.0,0.45,-1.01,-0.038,4.19
2020-12-11,3.744,3.739,3.749,3.731,3587364,1342644448.0,0.48,-0.03,-0.001,3.02
2020-12-14,3.742,3.74,3.747,3.734,3644958,1363769792.0,0.35,0.03,0.001,3.07
2020-12-15,3.734,3.769,3.77,3.731,1854371,695589856.0,1.04,0.78,0.029,1.56
2020-12-16,3.782,3.793,3.801,3.778,1972300,747731424.0,0.61,0.64,0.024,1.66
2020-12-17,3.799,3.812,3.818,3.797,4038344,1536954592.0,0.55,0.5,0.019,3.4
2020-12-18,3.824,3.838,3.849,3.824,3665771,1406286176.0,0.66,0.68,0.026,3.09
2020-12-21,3.878,3.879,3.897,3.871,5544400,2152744448.0,0.68,1.07,0.041,4.67
2020-12-22,3.84,3.825,3.852,3.82,4028877,1548357712.0,0.82,-1.39,-0.054,3.39
2020-12-23,3.822,3.818,3.826,3.811,3930321,1501470208.0,0.39,-0.18,-0.007,3.31
2020-12-24,3.844,3.832,3.847,3.83,3484935,1338024304.0,0.45,0.37,0.014,2.94
2020-12-25,3.834,3.853,3.856,3.833,3363887,1293013856.0,0.6,0.55,0.021,2.83
2020-12-28,3.875,3.858,3.887,3.827,4387464,1700536384.0,1.56,0.13,0.005,3.7
2020-12-29,3.852,3.837,3.856,3.834,3763412,1447182432.0,0.57,-0.54,-0.021,3.17
2020-12-30,3.837,3.832,3.845,3.828,1640102,629434512.0,0.44,-0.13,-0.005,1.38
2020-12-31,3.867,3.85,3.868,3.838,2802242,1079847296.0,0.78,0.47,0.018,2.36
2021-01-04,3.897,3.902,3.909,3.894,3550731,1384874112.0,0.39,1.35,0.052,2.99
2021-01-05,3.923,3.92,3.93,3.914,4155911,1630368944.0,0.41,0.46,0.018,3.5
2021-01-06,3.931,3.931,3.939,3.922,4595315,1806842656.0,0.43,0.28,0.011,3.87
2021-01-07,3.889,3.903,3.904,3.875,4302338,1671592528.0,0.74,-0.71,-0.028,3.63
2021-01-08,3.89,3.878,3.894,3.876,2721332,1057337392.0,0.46,-0.64,-0.025,2.29
2021-01-11,3.73,3.777,3.782,3.715,3749076,1407572016.0,1.73,-2.6,-0.101,3.16
2021-01-12,3.769,3.805,3.808,3.767,3690513,1398000384.0,1.09,0.74,0.028,3.11
2021-01-13,3.803,3.797,3.815,3.79,3781376,1438637840.0,0.66,-0.21,-0.008,3.19
2021-01-14,3.796,3.772,3.796,3.752,3217713,1215030480.0,1.16,-0.66,-0.025,2.71
2021-01-15,3.792,3.785,3.798,3.775,1818354,689339104.0,0.61,0.34,0.013,1.53
2021-01-18,3.741,3.775,3.783,3.739,4706111,1768802096.0,1.16,-0.26,-0.01,3.97
2021-01-19,3.793,3.779,3.793,3.772,3101890,1172521344.0,0.56,0.11,0.004,2.61
2021-01-20,3.79,3.789,3.795,3.78,3345620,1267024864.0,0.4,0.26,0.01,2.82
2021-01-21,3.813,3.825,3.828,3.81,2478225,946259824.0,0.48,0.95,0.036,2.09
2021-01-22,3.811,3.806,3.815,3.798,2392158,910922960.0,0.44,-0.5,-0.019,2.02
2021-01-25,3.807,3.788,3.808,3.785,3803776,1445368432.0,0.6,-0.47,-0.018,3.21
2021-01-26,3.796,3.799,3.811,3.792,2916524,1108918528.0,0.5,0.29,0.011,2.46
2021-01-27,3.777,3.779,3.782,3.762,2652938,1000651680.0,0.53,-0.53,-0.02,2.24
2021-01-28,3.767,3.761,3.771,3.759,2992751,1127119152.0,0.32,-0.48,-0.018,2.52
2021-01-29,3.763,3.778,3.784,3.763,3698260,1392942800.0,0.56,0.45,0.017,3.12
2021-02-01,3.778,3.82,3.828,3.77,3525016,1340715968.0,1.54,1.11,0.042,2.97
2021-02-02,3.815,3.789,3.821,3.786,2618254,996792736.0,0.92,-0.81,-0.031,2.21
2021-02-03,3.755,3.75,3.765,3.745,3863748,1451000016.0,0.53,-1.03,-0.039,3.26
2021-02-04,3.746,3.723,3.746,3.699,3022186,1123940384.0,1.25,-0.72,-0.027,2.55
2021-02-05,3.68,3.681,3.686,3.673,1681345,618561984.0,0.35,-1.13,-0.042,1.42
2021-02-08,3.708,3.712,3.715,3.698,1920246,711805152.0,0.46,0.84,0.031,1.62
2021-02-09,3.742,3.752,3.759,3.741,1934632,726035168.0,0.48,1.08,0.04,1.63
2021-02-10,3.742,3.756,3.762,3.738,1609927,603820768.0,0.64,0.11,0.004,1.36
2021-02-18,3.645,3.65,3.653,3.636,3387785,1234795888.0,0.45,-2.82,-0.106,2.85
2021-02-19,3.629,3.634,3.645,3.616,3620584,1313616528.0,0.79,-0.44,-0.016,3.05
2021-02-22,3.664,3.675,3.685,3.654,3378595,1238640240.0,0.85,1.13,0.041,2.85
2021-02-23,3.704,3.713,3.727,3.704,3505323,1303146352.0,0.63,1.03,0.038,2.95
2021-02-24,3.709,3.705,3.714,3.7,3625481,1343808304.0,0.38,-0.22,-0.008,3.05
2021-02-25,3.684,3.67,3.686,3.664,2583823,950092240.0,0.59,-0.94,-0.035,2.18
2021-02-26,3.65,3.613,3.65,3.606,3579412,1300498656.0,1.2,-1.55,-0.057,3.02
2021-03-01,3.572,3.595,3.6,3.571,3588631,1286583456.0,0.8,-0.5,-0.018,3.02
2021-03-02,3.54,3.536,3.546,3.503,4334148,1526297776.0,1.2,-1.64,-0.059,3.65
2021-03-03,3.554,3.549,3.572,3.545,2401289,853055968.0,0.76,0.37,0.013,2.02
2021-03-04,3.518,3.514,3.521,3.504,4091028,1437289856.0,0.48,-0.99,-0.035,3.45
2021-03-05,3.467,3.482,3.486,3.463,3134664,1088348000.0,0.65,-0.91,-0.032,2.64
2021-03-08,3.523,3.519,3.533,3.517,3452128,1217141120.0,0.46,1.06,0.037,2.91
2021-03-09,3.489,3.506,3.509,3.481,4142120,1445989216.0,0.8,-0.37,-0.013,3.49
2021-03-10,3.547,3.542,3.551,3.533,4274728,1513418800.0,0.51,1.03,0.036,3.6
2021-03-11,3.559,3.573,3.584,3.557,5500418,1964267568.0,0.76,0.88,0.031,4.63
2021-03-12,3.553,3.524,3.554,3.52,3099882,1096930304.0,0.95,-1.37,-0.049,2.61
2021-03-15,3.573,3.556,3.578,3.554,3904340,1392081728.0,0.68,0.91,0.032,3.29
2021-03-16,3.572,3.562,3.578,3.562,3684234,1315369264.0,0.45,0.17,0.006,3.1
2021-03-17,3.57,3.577,3.581,3.57,2825103,1010342656.0,0.31,0.42,0.015,2.38
2021-03-18,3.612,3.604,3.615,3.599,2474471,892387216.0,0.45,0.75,0.027,2.09
2021-03-19,3.569,3.589,3.599,3.565,1719394,614984384.0,0.94,-0.42,-0.015,1.45
2021-03-22,3.581,3.57,3.594,3.566,2648570,948515216.0,0.78,-0.53,-0.019,2.23
2021-03-23,3.571,3.585,3.588,3.57,2835201,1014708512.0,0.5,0.42,0.015,2.39
2021-03-24,3.567,3.578,3.587,3.567,5271712,1887042624.0,0.56,-0.2,-0.007,4.44
2021-03-25,3.588,3.589,3.603,3.584,2796350,1004255648.0,0.53,0.31,0.011,2.36
2021-03-26,3.581,3.579,3.584,3.567,4972762,1779141360.0,0.47,-0.28,-0.01,4.19
2021-03-29,3.58,3.579,3.589,3.576,6454615,2312764672.0,0.36,0.0,0.0,5.44
2021-03-30,3.558,3.536,3.558,3.535,3083160,1093295104.0,0.64,-1.2,-0.043,2.6
2021-03-31,3.501,3.495,3.502,3.48,3642663,1271331376.0,0.62,-1.16,-0.041,3.07
2021-04-01,3.538,3.565,3.571,3.538,3982555,1415114864.0,0.94,2.0,0.07,3.36
2021-04-02,3.603,3.612,3.615,3.601,5973456,2155954496.0,0.39,1.32,0.047,5.03
2021-04-06,3.607,3.591,3.608,3.589,4229709,1523497408.0,0.53,-0.58,-0.021,3.56
2021-04-07,3.602,3.607,3.609,3.595,3963765,1426930880.0,0.39,0.45,0.016,3.34
2021-04-08,3.596,3.614,3.624,3.595,3618155,1305090048.0,0.8,0.19,0.007,3.05
2021-04-09,3.641,3.631,3.65,3.627,3145810,1144248480.0,0.64,0.47,0.017,2.65
2021-04-12,3.615,3.612,3.616,3.597,3988125,1438493280.0,0.52,-0.52,-0.019,3.36
2021-04-13,3.58,3.575,3.598,3.574,2710512,972256992.0,0.66,-1.02,-0.037,2.28
2021-04-14,3.614,3.615,3.617,3.603,2861037,1033461712.0,0.39,1.12,0.04,2.41
2021-04-15,3.598,3.612,3.614,3.588,4734159,1704804784.0,0.72,-0.08,-0.003,3.99
2021-04-16,3.645,3.643,3.652,3.64,2577202,939622720.0,0.33,0.86,0.031,2.17
2021-04-19,3.671,3.67,3.676,3.666,2831465,1039667312.0,0.27,0.74,0.027,2.39
2021-04-20,3.645,3.635,3.647,3.63,3477819,1265314560.0,0.46,-0.95,-0.035,2.93
2021-04-21,3.657,3.673,3.675,3.657,3902391,1430525040.0,0.5,1.05,0.038,3.29
2021-04-22,3.683,3.676,3.692,3.669,2184334,804256032.0,0.63,0.08,0.003,1.84
2021-04-23,3.672,3.668,3.676,3.663,2552029,936769760.0,0.35,-0.22,-0.008,2.15
2021-04-26,3.651,3.649,3.661,3.644,2768540,1011748944.0,0.46,-0.52,-0.019,2.33
2021-04-27,3.654,3.653,3.657,3.641,2121018,774231712.0,0.44,0.11,0.004,1.79
2021-04-28,3.636,3.632,3.641,3.627,3666126,1332881680.0,0.38,-0.57,-0.021,3.09
2021-04-29,3.664,3.643,3.672,3.64,3700078,1354794400.0,0.88,0.3,0.011,3.12
2021-04-30,3.623,3.625,3.63,3.611,2578392,932650624.0,0.52,-0.49,-0.018,2.17
2021-05-06,3.664,3.676,3.685,3.662,3361017,1233893280.0,0.63,1.41,0.051,2.83
2021-05-07,3.716,3.717,3.724,3.708,4324616,1606628480.0,0.44,1.12,0.041,3.64
2021-05-10,3.724,3.73,3.74,3.72,3787666,1412093328.0,0.54,0.35,0.013,3.19
2021-05-11,3.731,3.725,3.734,3.724,2970974,1108051632.0,0.27,-0.13,-0.005,2.5
2021-05-12,3.725,3.732,3.734,3.713,3353632,1247957600.0,0.56,0.19,0.007,2.83
2021-05-13,3.719,3.717,3.722,3.707,2610150,969646816.0,0.4,-0.4,-0.015,2.2
2021-05-14,3.719,3.739,3.742,3.712,3780717,1406686736.0,0.81,0.59,0.022,3.19
2021-05-17,3.781,3.777,3.788,3.772,3243024,1225562256.0,0.43,1.02,0.038,2.73
2021-05-18,3.803,3.802,3.817,3.799,3741551,1424897696.0,0.48,0.66,0.025,3.15
2021-05-19,3.795,3.812,3.812,3.789,3796598,1441935744.0,0.6,0.26,0.01,3.2
2021-05-20,3.806,3.811,3.827,3.794,3240582,1236567824.0,0.87,-0.03,-0.001,2.73
2021-05-21,3.811,3.816,3.823,3.806,2863260,1092236032.0,0.45,0.13,0.005,2.41
2021-05-24,3.836,3.828,3.844,3.826,3379132,1296490112.0,0.47,0.31,0.012,2.85
2021-05-25,3.79,3.812,3.817,3.79,2505071,952184320.0,0.71,-0.42,-0.016,2.11
2021-05-26,3.857,3.852,3.865,3.842,2967587,1144307920.0,0.6,1.05,0.04,2.5
2021-05-27,3.823,3.829,3.838,3.821,3546564,1357628544.0,0.44,-0.6,-0.023,2.99
2021-05-28,3.825,3.8,3.825,3.798,4376722,1668583776.0,0.71,-0.76,-0.029,3.69
2021-05-31,3.836,3.828,3.842,3.826,3697072,1417762816.0,0.42,0.74,0.028,3.12
2021-06-01,3.839,3.853,3.855,3.838,2488645,957227120.0,0.44,0.65,0.025,2.1
2021-06-02,3.828,3.793,3.83,3.781,3493216,1332071376.0,1.27,-1.56,-0.06,2.94
2021-06-03,3.802,3.774,3.818,3.766,2854996,1085064400.0,1.37,-0.5,-0.019,2.41
2021-06-04,3.715,3.732,3.747,3.674,3264544,1208354592.0,1.93,-1.11,-0.042,2.75
2021-06-07,3.759,3.757,3.77,3.754,4232712,1592064528.0,0.43,0.67,0.025,3.57
2021-06-08,3.799,3.778,3.801,3.771,4505073,1704479280.0,0.8,0.56,0.021,3.8
2021-06-09,3.778,3.775,3.786,3.771,3406648,1286885040.0,0.4,-0.08,-0.003,2.87
2021-06-10,3.767,3.764,3.781,3.758,3575756,1346631520.0,0.61,-0.29,-0.011,3.01
2021-06-11,3.795,3.795,3.802,3.792,2645912,1004906048.0,0.27,0.82,0.031,2.23
2021-06-15,3.72,3.73,3.738,3.705,3426367,1275122112.0,0.87,-1.71,-0.065,2.89
2021-06-16,3.718,3.729,3.734,3.71,3302413,1228981104.0,0.64,-0.03,-0.001,2.78
2021-06-17,3.673,3.667,3.683,3.655,3189933,1171494560.0,0.75,-1.66,-0.062,2.69
2021-06-18,3.625,3.625,3.634,3.622,5291659,1920013872.0,0.33,-1.15,-0.042,4.46
2021-06-21,3.615,3.628,3.631,3.604,3848263,1392157776.0,0.74,0.08,0.003,3.24
2021-06-22,3.642,3.641,3.652,3.631,3067579,1117121216.0,0.58,0.36,0.013,2.58
2021-06-23,3.64,3.645,3.648,3.637,3776514,1375792288.0,0.3,0.11,0.004,3.18
2021-06-24,3.632,3.628,3.636,3.625,4705784,1708404592.0,0.3,-0.47,-0.017,3.97
2021-06-25,3.623,3.624,3.632,3.621,3830137,1388710896.0,0.3,-0.11,-0.004,3.23
2021-06-28,3.618,3.629,3.639,3.609,3578910,1296370208.0,0.83,0.14,0.005,3.02
2021-06-29,3.619,3.616,3.625,3.614,2561897,927030416.0,0.3,-0.36,-0.013,2.16
2021-06-30,3.596,3.584,3.596,3.579,3493265,1253235104.0,0.47,-0.88,-0.032,2.94
2021-07-01,3.61,3.629,3.635,3.608,2284667,827915856.0,0.75,1.26,0.045,1.93
2021-07-02,3.64,3.632,3.64,3.631,2946377,1071138880.0,0.25,0.08,0.003,2.48
2021-07-05,3.651,3.645,3.654,3.635,3378266,1231073040.0,0.52,0.36,0.013,2.85
2021-07-06,3.651,3.679,3.679,3.651,6248899,2289813424.0,0.77,0.93,0.034,5.27
2021-07-07,3.676,3.676,3.68,3.665,6169856,2265853360.0,0.41,-0.08,-0.003,5.2
2021-07-08,3.68,3.67,3.68,3.664,5741656,2106907248.0,0.44,-0.16,-0.006,4.84
2021-07-09,3.684,3.68,3.696,3.674,4311406,1589719664.0,0.6,0.27,0.01,3.63
2021-07-12,3.691,3.674,3.693,3.669,3028995,1114509376.0,0.65,-0.16,-0.006,2.55
2021-07-13,3.684,3.689,3.694,3.679,5223691,1926948080.0,0.41,0.41,0.015,4.4
2021-07-14,3.683,3.692,3.7,3.683,4759238,1758328656.0,0.46,0.08,0.003,4.01
2021-07-15,3.715,3.721,3.723,3.71,3570523,1326843712.0,0.35,0.79,0.029,3.01
2021-07-16,3.72,3.711,3.724,3.708,4039666,1501665360.0,0.43,-0.27,-0.01,3.4
2021-07-19,3.7,3.679,3.702,3.677,3647699,1347180080.0,0.67,-0.86,-0.032,3.07
2021-07-20,3.705,3.709,3.714,3.705,4282681,1588785808.0,0.24,0.82,0.03,3.61
2021-07-21,3.685,3.695,3.696,3.679,3692427,1361224944.0,0.46,-0.38,-0.014,3.11
2021-07-22,3.667,3.667,3.67,3.66,3963981,1452979168.0,0.27,-0.76,-0.028,3.34
2021-07-23,3.675,3.684,3.686,3.672,3257541,1198169648.0,0.38,0.46,0.017,2.74
2021-07-26,3.681,3.693,3.697,3.681,3553060,1311213552.0,0.43,0.24,0.009,2.99
2021-07-27,3.675,3.662,3.675,3.657,3036687,1112774944.0,0.49,-0.84,-0.031,2.56
2021-07-28,3.695,3.698,3.707,3.693,4515707,1671302752.0,0.38,0.98,0.036,3.81
2021-07-29,3.714,3.708,3.716,3.702,2211736,820147760.0,0.38,0.27,0.01,1.86
2021-07-30,3.721,3.72,3.73,3.711,4166877,1549951760.0,0.51,0.32,0.012,3.51
2021-08-02,3.685,3.68,3.689,3.676,3820180,1407341104.0,0.35,-1.08,-0.04,3.22
2021-08-03,3.682,3.681,3.693,3.678,3010147,1109552592.0,0.41,0.03,0.001,2.54
2021-08-04,3.682,3.689,3.697,3.682,5145988,1899518640.0,0.41,0.22,0.008,4.34
2021-08-05,3.689,3.685,3.691,3.682,4128895,1522168864.0,0.24,-0.11,-0.004,3.48
2021-08-06,3.666,3.663,3.669,3.661,4381596,1606062048.0,0.22,-0.6,-0.022,3.69
2021-08-09,3.555,3.568,3.573,3.544,4858304,1729498576.0,0.79,-2.59,-0.095,4.09
2021-08-10,3.557,3.552,3.557,3.545,6274829,2228324336.0,0.34,-0.45,-0.016,5.29
2021-08-11,3.542,3.548,3.554,3.541,3312846,1175094768.0,0.37,-0.11,-0.004,2.79
2021-08-12,3.575,3.58,3.586,3.571,4803003,1717961152.0,0.42,0.9,0.032,4.05
2021-08-13,3.589,3.591,3.595,3.584,4017214,1441677248.0,0.31,0.31,0.011,3.39
2021-08-16,3.635,3.621,3.638,3.62,5383695,1953769920.0,0.5,0.84,0.03,4.54
2021-08-17,3.645,3.658,3.662,3.641,4538963,1655925264.0,0.58,1.02,0.037,3.82
2021-08-18,3.658,3.66,3.663,3.653,5651974,2067509552.0,0.27,0.05,0.002,4.76
2021-08-19,3.653,3.648,3.653,3.63,4918206,1791040688.0,0.63,-0.33,-0.012,4.14
2021-08-20,3.652,3.659,3.662,3.649,7588493,2774159472.0,0.36,0.3,0.011,6.39
2021-08-23,3.636,3.652,3.66,3.63,4487400,1638677664.0,0.82,-0.19,-0.007,3.78
2021-08-24,3.677,3.679,3.687,3.676,4528786,1666908096.0,0.3,0.74,0.027,3.82
2021-08-25,3.672,3.658,3.672,3.657,3487705,1277274592.0,0.41,-0.57,-0.021,2.94
2021-08-26,3.656,3.645,3.656,3.644,6747673,2463395264.0,0.33,-0.36,-0.013,5.69
2021-08-27,3.665,3.682,3.688,3.664,4765848,1751829008.0,0.66,1.02,0.037,4.02
2021-08-30,3.706,3.691,3.709,3.689,6226319,2302467072.0,0.54,0.24,0.009,5.25
2021-08-31,3.689,3.69,3.697,3.687,4707904,1737776624.0,0.27,-0.03,-0.001,3.97
2021-09-01,3.69,3.69,3.693,3.68,3986216,1469525072.0,0.35,0.0,0.0,3.36
2021-09-02,3.689,3.687,3.691,3.681,3051166,1124702000.0,0.27,-0.08,-0.003,2.57
2021-09-03,3.679,3.687,3.692,3.676,3668602,1351912272.0,0.43,0.0,0.0,3.09
2021-09-06,3.71,3.708,3.715,3.707,3487714,1294418416.0,0.22,0.57,0.021,2.94
2021-09-07,3.711,3.696,3.713,3.689,2920540,1081060096.0,0.65,-0.32,-0.012,2.46
2021-09-08,3.659,3.653,3.668,3.65,4383356,1603468336.0,0.49,-1.16,-0.043,3.69
2021-09-09,3.638,3.639,3.642,3.634,2026174,737107552.0,0.22,-0.38,-0.014,1.71
2021-09-10,3.647,3.66,3.662,3.647,2911735,1064288432.0,0.41,0.58,0.021,2.45
2021-09-13,3.64,3.642,3.649,3.631,3199747,1165052144.0,0.49,-0.49,-0.018,2.7
2021-09-14,3.641,3.646,3.649,3.641,2005564,731140240.0,0.22,0.11,0.004,1.69
2021-09-15,3.664,3.659,3.67,3.658,2350853,861822128.0,0.33,0.36,0.013,1.98
2021-09-16,3.639,3.628,3.647,3.621,2678601,974333280.0,0.71,-0.85,-0.031,2.26
2021-09-17,3.596,3.592,3.596,3.578,2966455,1063201680.0,0.5,-0.99,-0.036,2.5
2021-09-22,3.632,3.64,3.642,3.631,2321831,844625936.0,0.31,1.34,0.048,1.96
2021-09-23,3.612,3.605,3.613,3.601,3864339,1393921120.0,0.33,-0.96,-0.035,3.26
2021-09-24,3.578,3.586,3.588,3.573,1861530,666504848.0,0.42,-0.53,-0.019,1.57
2021-09-27,3.59,3.59,3.602,3.59,2902082,1043751376.0,0.33,0.11,0.004,2.45
2021-09-28,3.58,3.562,3.585,3.559,2017800,721863808.0,0.72,-0.78,-0.028,1.7
2021-09-29,3.555,3.557,3.562,3.551,1873178,666402720.0,0.31,-0.14,-0.005,1.58
2021-09-30,3.55,3.543,3.556,3.542,1809528,642361808.0,0.39,-0.39,-0.014,1.52
2021-10-08,3.58,3.587,3.591,3.58,2228459,799387456.0,0.31,1.24,0.044,1.88
2021-10-11,3.587,3.573,3.589,3.57,2084137,746336368.0,0.53,-0.39,-0.014,1.76
2021-10-12,3.58,3.591,3.596,3.58,1749948,628021248.0,0.45,0.5,0.018,1.47
2021-10-13,3.591,3.59,3.594,3.583,2075878,744943232.0,0.31,-0.03,-0.001,1.75
2021-10-14,3.633,3.636,3.641,3.628,3243852,1179323296.0,0.36,1.28,0.046,2.73
2021-10-15,3.641,3.629,3.645,3.626,1804242,656188592.0,0.52,-0.19,-0.007,1.52
2021-10-18,3.591,3.58,3.596,3.574,2809420,1007851008.0,0.61,-1.35,-0.049,2.37
2021-10-19,3.584,3.594,3.594,3.581,1502826,539081472.0,0.36,0.39,0.014,1.27
2021-10-20,3.574,3.584,3.585,3.57,2218370,793487760.0,0.42,-0.28,-0.01,1.87
2021-10-21,3.596,3.601,3.607,3.596,2363260,851260080.0,0.31,0.47,0.017,1.99
2021-10-22,3.601,3.615,3.617,3.599,2525117,910261840.0,0.5,0.39,0.014,2.13
2021-10-25,3.606,3.606,3.616,3.603,3481430,1256765280.0,0.36,-0.25,-0.009,2.93
2021-10-26,3.63,3.621,3.63,3.618,2793581,1011781744.0,0.33,0.42,0.015,2.35
2021-10-27,3.596,3.594,3.596,3.58,2562994,919525744.0,0.44,-0.75,-0.027,2.16
2021-10-28,3.61,3.629,3.631,3.609,2873154,1040715296.0,0.61,0.97,0.035,2.42
2021-10-29,3.623,3.609,3.623,3.608,3198840,1156059248.0,0.41,-0.55,-0.02,2.7
2021-11-01,3.594,3.594,3.604,3.592,2381863,857363712.0,0.33,-0.42,-0.015,2.01
2021-11-02,3.605,3.617,3.623,3.605,3221805,1164529696.0,0.5,0.64,0.023,2.71
2021-11-03,3.6,3.589,3.602,3.586,3042794,1092648576.0,0.44,-0.77,-0.028,2.56
2021-11-04,3.581,3.575,3.586,3.571,2258878,808648032.0,0.42,-0.39,-0.014,1.9
2021-11-05,3.616,3.624,3.626,3.616,3192764,1155982720.0,0.28,1.37,0.049,2.69
2021-11-08,3.673,3.66,3.673,3.656,2526805,926583344.0,0.47,0.99,0.036,2.13
2021-11-09,3.675,3.671,3.676,3.662,3452597,1266624976.0,0.38,0.3,0.011,2.91
2021-11-10,3.675,3.669,3.679,3.663,2427812,891887680.0,0.44,-0.05,-0.002,2.05
2021-11-11,3.716,3.721,3.732,3.707,3133118,1165515328.0,0.68,1.42,0.052,2.64
2021-11-12,3.73,3.722,3.732,3.72,2887380,1075628864.0,0.32,0.03,0.001,2.43
2021-11-15,3.729,3.716,3.73,3.709,2282392,848513296.0,0.56,-0.16,-0.006,1.92
2021-11-16,3.734,3.732,3.741,3.729,2872124,1072405216.0,0.32,0.43,0.016,2.42
2021-11-17,3.717,3.72,3.723,3.711,3129736,1163278864.0,0.32,-0.32,-0.012,2.64
2021-11-18,3.74,3.735,3.745,3.735,3273732,1224640144.0,0.27,0.4,0.015,2.76
2021-11-19,3.734,3.73,3.739,3.727,2350218,877801328.0,0.32,-0.13,-0.005,1.98
2021-11-22,3.706,3.696,3.711,3.694,3875656,1436679312.0,0.46,-0.91,-0.034,3.27
2021-11-23,3.651,3.632,3.651,3.63,4074128,1482337248.0,0.57,-1.73,-0.064,3.43
2021-11-24,3.615,3.613,3.621,3.606,3678652,1328951968.0,0.41,-0.52,-0.019,3.1
2021-11-25,3.614,3.611,3.616,3.609,3345104,1208136928.0,0.19,-0.06,-0.002,2.82
2021-11-26,3.613,3.628,3.631,3.61,3540898,1280335680.0,0.58,0.47,0.017,2.98
2021-11-29,3.618,3.614,3.62,3.61,3228558,1166983200.0,0.28,-0.39,-0.014,2.72
2021-11-30,3.592,3.605,3.608,3.586,3299094,1186563776.0,0.61,-0.25,-0.009,2.78
2021-12-01,3.572,3.591,3.599,3.564,4057051,1451130560.0,0.97,-0.39,-0.014,3.42
2021-12-02,3.582,3.575,3.582,3.569,3521357,1259215952.0,0.36,-0.45,-0.016,2.97
2021-12-03,3.562,3.566,3.573,3.56,2498919,891271376.0,0.36,-0.25,-0.009,2.11
2021-12-06,3.586,3.592,3.596,3.585,2366702,849851104.0,0.31,0.73,0.026,1.99
2021-12-07,3.583,3.584,3.585,3.579,2748416,984390800.0,0.17,-0.22,-0.008,2.32
2021-12-08,3.587,3.589,3.595,3.587,1864720,669566800.0,0.22,0.14,0.005,1.57
2021-12-09,3.578,3.575,3.58,3.571,2266604,810432336.0,0.25,-0.39,-0.014,1.91
2021-12-10,3.581,3.565,3.584,3.56,2727780,974999088.0,0.67,-0.28,-0.01,2.3
2021-12-13,3.586,3.585,3.593,3.582,2737756,982251744.0,0.31,0.56,0.02,2.31
2021-12-14,3.592,3.588,3.593,3.586,3049867,1094635904.0,0.2,0.08,0.003,2.57
2021-12-15,3.562,3.552,3.563,3.55,2399835,853686624.0,0.36,-1.0,-0.036,2.02
2021-12-16,3.573,3.584,3.585,3.573,2026611,725746560.0,0.34,0.9,0.032,1.71
2021-12-17,3.615,3.629,3.632,3.614,2985706,1081658800.0,0.5,1.26,0.045,2.52
2021-12-20,3.623,3.624,3.627,3.619,2667260,966529232.0,0.22,-0.14,-0.005,2.25
2021-12-21,3.602,3.599,3.605,3.595,2263900,815435712.0,0.28,-0.69,-0.025,1.91
2021-12-22,3.596,3.591,3.599,3.59,1762215,633529664.0,0.25,-0.22,-0.008,1.48
2021-12-23,3.62,3.627,3.632,3.62,1921079,696918672.0,0.33,1.0,0.036,1.62
2021-12-24,3.636,3.633,3.64,3.629,1929101,701001552.0,0.3,0.17,0.006,1.63
2021-12-27,3.636,3.63,3.636,3.628,1775218,644955888.0,0.22,-0.08,-0.003,1.5
2021-12-28,3.63,3.642,3.642,3.628,1614023,586428640.0,0.39,0.33,0.012,1.36
2021-12-29,3.619,3.625,3.629,3.618,1781135,645735248.0,0.3,-0.47,-0.017,1.5
2021-12-30,3.618,3.606,3.621,3.604,3544736,1281464608.0,0.47,-0.52,-0.019,2.99
2021-12-31,3.647,3.643,3.648,3.639,2752901,1003120304.0,0.25,1.03,0.037,2.32
2022-01-04,3.618,3.62,3.623,3.615,1630676,590220400.0,0.22,-0.63,-0.023,1.37
2022-01-05,3.632,3.635,3.643,3.632,1435671,522483392.0,0.3,0.41,0.015,1.21
2022-01-06,3.627,3.614,3.631,3.607,1620473,587181968.0,0.66,-0.58,-0.021,1.37
2022-01-07,3.598,3.592,3.601,3.59,1206214,433876448.0,0.3,-0.61,-0.022,1.02
2022-01-10,3.6,3.599,3.607,3.599,1392848,501908320.0,0.22,0.19,0.007,1.17
2022-01-11,3.626,3.629,3.633,3.623,1241477,450348752.0,0.28,0.83,0.03,1.05
2022-01-12,3.649,3.646,3.65,3.644,1223011,445934832.0,0.17,0.47,0.017,1.03
2022-01-13,3.651,3.654,3.658,3.649,1339971,489518928.0,0.25,0.22,0.008,1.13
2022-01-14,3.647,3.65,3.656,3.646,989954,361495696.0,0.27,-0.11,-0.004,0.83
2022-01-17,3.635,3.635,3.636,3.626,1492438,542157344.0,0.27,-0.41,-0.015,1.26
2022-01-18,3.641,3.629,3.641,3.625,1334729,484804480.0,0.44,-0.17,-0.006,1.12
2022-01-19,3.627,3.625,3.628,3.62,1629652,590819648.0,0.22,-0.11,-0.004,1.37
2022-01-20,3.678,3.674,3.682,3.668,1773274,651579168.0,0.39,1.35,0.049,1.49
2022-01-21,3.669,3.672,3.677,3.667,1942829,713400272.0,0.27,-0.05,-0.002,1.64
2022-01-24,3.66,3.662,3.665,3.655,2177554,797020640.0,0.27,-0.27,-0.01,1.83
2022-01-25,3.669,3.671,3.674,3.666,2048523,751695584.0,0.22,0.25,0.009,1.73
2022-01-26,3.675,3.674,3.68,3.674,1318951,485025216.0,0.16,0.08,0.003,1.11
2022-01-27,3.622,3.606,3.624,3.604,1652633,597667936.0,0.54,-1.85,-0.068,1.39
2022-01-28,3.592,3.594,3.596,3.591,989042,355395840.0,0.14,-0.33,-0.012,0.83
2022-02-07,3.62,3.62,3.623,3.612,1166372,422007424.0,0.31,0.72,0.026,0.98
2022-02-08,3.639,3.641,3.648,3.637,1619888,589998912.0,0.3,0.58,0.021,1.36
2022-02-09,3.653,3.658,3.659,3.652,1517993,554867136.0,0.19,0.47,0.017,1.28
2022-02-10,3.668,3.665,3.67,3.664,836700,306826816.0,0.16,0.19,0.007,0.71
2022-02-11,3.654,3.645,3.654,3.642,1686171,615148784.0,0.33,-0.55,-0.02,1.42
2022-02-14,3.714,3.705,3.718,3.701,1856703,688854304.0,0.47,1.65,0.06,1.56
2022-02-15,3.73,3.742,3.746,3.73,2323026,868673712.0,0.43,1.0,0.037,1.96
2022-02-16,3.694,3.692,3.694,3.682,2251825,830411168.0,0.32,-1.34,-0.05,1.9
2022-02-17,3.712,3.726,3.732,3.712,2851444,1060980272.0,0.54,0.92,0.034,2.4
2022-02-18,3.771,3.76,3.771,3.752,2450700,921248672.0,0.51,0.91,0.034,2.07
2022-02-21,3.763,3.754,3.768,3.752,2150872,808751616.0,0.43,-0.16,-0.006,1.81
2022-02-22,3.792,3.801,3.805,3.789,2414226,916863536.0,0.43,1.25,0.047,2.03
2022-02-23,3.783,3.772,3.783,3.767,2984169,1125846992.0,0.42,-0.76,-0.029,2.51
2022-02-24,3.795,3.853,3.866,3.794,3642235,1394901600.0,1.91,2.15,0.081,3.07
2022-02-25,3.8,3.807,3.809,3.766,2343367,889595872.0,1.12,-1.19,-0.046,1.97
2022-02-28,3.798,3.787,3.8,3.783,1591466,603401296.0,0.45,-0.53,-0.02,1.34
2022-03-01,3.777,3.786,3.788,3.771,2321150,877013792.0,0.45,-0.03,-0.001,1.96
2022-03-02,3.826,3.837,3.845,3.825,3207056,1229829584.0,0.53,1.35,0.051,2.7
2022-03-03,3.83,3.827,3.831,3.817,3146084,1203611888.0,0.36,-0.26,-0.01,2.65
2022-03-04,3.85,3.841,3.853,3.832,2831830,1088923504.0,0.55,0.37,0.014,2.39
2022-03-07,3.937,3.926,3.956,3.913,3418224,1346645680.0,1.12,2.21,0.085,2.88
2022-03-08,3.927,4.015,4.019,3.917,3864797,1524311568.0,2.6,2.27,0.089,3.26
2022-03-09,4.046,4.061,4.077,4.036,3672586,1490473584.0,1.02,1.15,0.046,3.09
2022-03-10,3.89,3.931,3.941,3.89,3140227,1230706256.0,1.26,-3.2,-0.13,2.65
2022-03-11,3.945,3.937,3.961,3.928,1817799,717367568.0,0.84,0.15,0.006,1.53
2022-03-14,3.921,3.917,3.932,3.913,1884263,739341120.0,0.48,-0.51,-0.02,1.59
2022-03-15,3.878,3.832,3.878,3.822,2566180,988903520.0,1.43,-2.17,-0.085,2.16
2022-03-16,3.824,3.796,3.825,3.792,2974817,1133492048.0,0.86,-0.94,-0.036,2.51
2022-03-17,3.83,3.845,3.85,3.829,2114112,812283936.0,0.55,1.29,0.049,1.78
2022-03-18,3.86,3.851,3.866,3.842,1165144,448801152.0,0.62,0.16,0.006,0.98
2022-03-21,3.839,3.841,3.852,3.834,1710042,657492064.0,0.47,-0.26,-0.01,1.44
2022-03-22,3.854,3.866,3.874,3.852,2232657,863009024.0,0.57,0.65,0.025,1.88
2022-03-23,3.841,3.835,3.85,3.832,3748458,1440047520.0,0.47,-0.8,-0.031,3.16
2022-03-24,3.885,3.88,3.889,3.876,1808560,702307840.0,0.34,1.17,0.045,1.52
2022-03-25,3.912,3.907,3.919,3.902,2358749,922453248.0,0.44,0.7,0.027,1.99
2022-03-28,3.906,3.872,3.907,3.868,2377846,923654960.0,1.0,-0.9,-0.035,2.0
2022-03-29,3.86,3.849,3.86,3.844,2499570,962864160.0,0.41,-0.59,-0.023,2.11
2022-03-30,3.84,3.839,3.846,3.835,1931772,742055504.0,0.29,-0.26,-0.01,1.63
2022-03-31,3.843,3.833,3.843,3.818,1760165,674986944.0,0.65,-0.16,-0.006,1.48
2022-04-01,3.85,3.853,3.863,3.85,1635855,630965152.0,0.34,0.52,0.02,1.38
2022-04-06,3.842,3.836,3.85,3.834,1662257,638630816.0,0.42,-0.44,-0.017,1.4
2022-04-07,3.838,3.843,3.846,3.834,1680920,645420784.0,0.31,0.18,0.007,1.42
2022-04-08,3.858,3.852,3.861,3.848,1739329,670661888.0,0.34,0.23,0.009,1.47
2022-04-11,3.885,3.886,3.892,3.88,1962754,762718064.0,0.31,0.88,0.034,1.65
2022-04-12,3.901,3.908,3.915,3.9,2198342,859327664.0,0.39,0.57,0.022,1.85
2022-04-13,3.914,3.926,3.931,3.914,1843444,723496736.0,0.44,0.46,0.018,1.55
2022-04-14,3.94,3.931,3.944,3.927,1759015,692445520.0,0.43,0.13,0.005,1.48
2022-04-15,3.938,3.944,3.949,3.938,1510363,595736480.0,0.28,0.33,0.013,1.27
2022-04-18,3.963,3.967,3.969,3.955,1379617,546450384.0,0.35,0.58,0.023,1.16
2022-04-19,3.939,3.936,3.945,3.932,1041238,410136096.0,0.33,-0.78,-0.031,0.88
2022-04-20,3.897,3.886,3.901,3.88,1731601,674023312.0,0.53,-1.27,-0.05,1.46
2022-04-21,3.921,3.937,3.939,3.918,1735645,681937232.0,0.54,1.31,0.051,1.46
2022-04-22,3.941,3.951,3.954,3.939,2537709,1000970320.0,0.38,0.36,0.014,2.14
2022-04-25,3.924,3.924,3.941,3.914,3711258,1457212320.0,0.68,-0.68,-0.027,3.13
2022-04-26,3.896,3.89,3.9,3.877,2545651,990222256.0,0.59,-0.87,-0.034,2.15
2022-04-27,3.899,3.892,3.902,3.889,3305413,1287676768.0,0.33,0.05,0.002,2.79
2022-04-28,3.871,3.89,3.891,3.864,2802400,1085273232.0,0.69,-0.05,-0.002,2.36
2022-04-29,3.937,3.942,3.955,3.93,2399953,946981008.0,0.64,1.34,0.052,2.02
2022-05-05,3.926,3.929,3.935,3.921,1923144,755654256.0,0.36,-0.33,-0.013,1.62
2022-05-06,3.9,3.922,3.927,3.898,2100592,823344688.0,0.74,-0.18,-0.007,1.77
2022-05-09,3.942,3.939,3.945,3.937,1584909,624445504.0,0.2,0.43,0.017,1.34
2022-05-10,3.919,3.91,3.924,3.908,1790233,700705472.0,0.41,-0.74,-0.029,1.51
2022-05-11,3.873,3.89,3.893,3.869,2015524,781925392.0,0.61,-0.51,-0.02,1.7
2022-05-12,3.919,3.928,3.934,3.919,1868900,733700800.0,0.39,0.98,0.038,1.57
2022-05-13,3.886,3.888,3.896,3.881,1841645,716399104.0,0.38,-1.02,-0.04,1.55
2022-05-16,3.877,3.851,3.88,3.845,2003483,772800192.0,0.9,-0.95,-0.037,1.69
2022-05-17,3.872,3.877,3.882,3.868,2109311,817720256.0,0.36,0.68,0.026,1.78
2022-05-18,3.841,3.836,3.844,3.834,1913040,734322832.0,0.26,-1.06,-0.041,1.61
2022-05-19,3.852,3.85,3.858,3.849,1583534,610140240.0,0.23,0.36,0.014,1.33
2022-05-20,3.87,3.872,3.88,3.87,1810470,701382432.0,0.26,0.57,0.022,1.53
2022-05-23,3.875,3.875,3.891,3.872,1612975,626272896.0,0.49,0.08,0.003,1.36
2022-05-24,3.872,3.882,3.885,3.869,1556900,603302256.0,0.41,0.18,0.007,1.31
2022-05-25,3.892,3.887,3.897,3.886,1193098,464405520.0,0.28,0.13,0.005,1.01
2022-05-26,3.888,3.901,3.902,3.888,1294152,504294176.0,0.36,0.36,0.014,1.09
2022-05-27,3.913,3.917,3.918,3.91,1747199,683884640.0,0.21,0.41,0.016,1.47
2022-05-30,3.893,3.885,3.893,3.884,2185205,849343232.0,0.23,-0.82,-0.032,1.84
2022-05-31,3.873,3.877,3.877,3.867,1358813,526300816.0,0.26,-0.21,-0.008,1.14
2022-06-01,3.846,3.852,3.857,3.846,1189639,458219248.0,0.28,-0.64,-0.025,1.0
2022-06-02,3.876,3.877,3.884,3.873,1347818,522724704.0,0.29,0.65,0.025,1.14
2022-06-06,3.867,3.869,3.875,3.863,1177239,455615760.0,0.31,-0.21,-0.008,0.99
2022-06-07,3.85,3.854,3.856,3.848,1505085,579922080.0,0.21,-0.39,-0.015,1.27
2022-06-08,3.87,3.872,3.874,3.868,1284562,497175664.0,0.16,0.47,0.018,1.08
2022-06-09,3.891,3.881,3.895,3.877,1801254,699855504.0,0.46,0.23,0.009,1.52
2022-06-10,3.87,3.865,3.879,3.863,1888744,731082240.0,0.41,-0.41,-0.016,1.59
2022-06-13,3.94,3.926,3.942,3.924,3172750,1246798512.0,0.47,1.58,0.061,2.67
2022-06-14,3.865,3.855,3.866,3.85,2558502,986933472.0,0.41,-1.81,-0.071,2.16
2022-06-15,3.832,3.834,3.838,3.827,4300535,1647936928.0,0.29,-0.54,-0.021,3.62
2022-06-16,3.843,3.846,3.851,3.841,1915174,736533344.0,0.26,0.31,0.012,1.61
2022-06-17,3.869,3.874,3.877,3.868,1894966,733751312.0,0.23,0.73,0.028,1.6
2022-06-20,3.868,3.858,3.869,3.856,1839260,710292288.0,0.34,-0.41,-0.016,1.55
2022-06-21,3.859,3.852,3.86,3.85,1686999,650693392.0,0.26,-0.16,-0.006,1.42
2022-06-22,3.847,3.849,3.853,3.845,1611282,620251408.0,0.21,-0.08,-0.003,1.36
2022-06-23,3.859,3.854,3.861,3.851,1359358,524129088.0,0.26,0.13,0.005,1.15
2022-06-24,3.822,3.827,3.834,3.821,1713976,656360016.0,0.34,-0.7,-0.027,1.44
2022-06-27,3.842,3.853,3.854,3.841,1451015,558673568.0,0.34,0.68,0.026,1.22
2022-06-28,3.835,3.832,3.838,3.83,2382353,913466944.0,0.21,-0.55,-0.021,2.01
2022-06-29,3.83,3.821,3.835,3.82,2448460,937301472.0,0.39,-0.29,-0.011,2.06
2022-06-30,3.827,3.818,3.828,3.813,1522171,581324080.0,0.39,-0.08,-0.003,1.28
2022-07-01,3.798,3.784,3.799,3.779,2643395,1002000352.0,0.52,-0.89,-0.034,2.23
2022-07-04,3.794,3.801,3.81,3.793,1792168,680982672.0,0.45,0.45,0.017,1.51
2022-07-05,3.799,3.797,3.802,3.795,1571481,596996208.0,0.18,-0.11,-0.004,1.32
2022-07-06,3.733,3.725,3.733,3.714,1797208,669359600.0,0.5,-1.9,-0.072,1.51
2022-07-07,3.68,3.676,3.68,3.663,2164598,794797008.0,0.46,-1.32,-0.049,1.82
2022-07-08,3.67,3.669,3.672,3.663,2934026,1075873584.0,0.24,-0.19,-0.007,2.47
2022-07-11,3.665,3.669,3.672,3.662,1242992,455953456.0,0.27,0.0,0.0,1.05
2022-07-12,3.654,3.668,3.692,3.653,1931396,708040170.0,1.06,-0.03,-0.001,1.63
2022-07-13,3.654,3.646,3.66,3.642,2138413,780651218.0,0.49,-0.6,-0.022,1.8
2022-07-14,3.659,3.647,3.663,3.646,1642496,600571616.0,0.47,0.03,0.001,1.38
2022-07-15,3.635,3.622,3.639,3.615,1841457,668711996.0,0.66,-0.69,-0.025,1.55
2022-07-18,3.636,3.635,3.641,3.631,1928586,701435234.0,0.28,0.36,0.013,1.63
2022-07-19,3.623,3.627,3.631,3.619,1602331,580981995.0,0.33,-0.22,-0.008,1.35
2022-07-20,3.628,3.628,3.637,3.626,1319006,478943895.0,0.3,0.03,0.001,1.11
2022-07-21,3.605,3.599,3.607,3.596,2143745,772389526.0,0.3,-0.8,-0.029,1.81
2022-07-22,3.647,3.65,3.652,3.642,1331385,485574126.0,0.28,1.42,0.051,1.12
2022-07-25,3.656,3.663,3.668,3.654,1449639,530843923.0,0.38,0.36,0.013,1.22
2022-07-26,3.663,3.668,3.67,3.66,1385644,507706264.0,0.27,0.14,0.005,1.17
2022-07-27,3.66,3.659,3.662,3.654,1369571,501065043.0,0.22,-0.25,-0.009,1.15
2022-07-28,3.691,3.697,3.698,3.679,2533158,934185395.0,0.52,1.04,0.038,2.13
2022-07-29,3.724,3.749,3.753,3.721,1912018,714203179.0,0.87,1.41,0.052,1.61
2022-08-01,3.747,3.743,3.752,3.736,2033930,761373879.0,0.43,-0.16,-0.006,1.71
2022-08-02,3.79,3.773,3.791,3.769,3157224,1192801548.0,0.59,0.8,0.03,2.66
2022-08-03,3.741,3.759,3.76,3.733,2261602,847491711.0,0.72,-0.37,-0.014,1.91
2022-08-04,3.752,3.76,3.768,3.75,2102099,789779391.0,0.48,0.03,0.001,1.77
2022-08-05,3.789,3.79,3.794,3.785,1585386,600781852.0,0.24,0.8,0.03,1.34
2022-08-08,3.761,3.769,3.772,3.761,1377130,518815793.0,0.29,-0.55,-0.021,1.16
2022-08-09,3.786,3.786,3.792,3.784,1077167,408057468.0,0.21,0.45,0.017,0.91
2022-08-10,3.797,3.794,3.808,3.793,1438636,546752786.0,0.4,0.21,0.008,1.21
2022-08-11,3.784,3.777,3.786,3.772,1462164,552607061.0,0.37,-0.45,-0.017,1.23
2022-08-12,3.783,3.795,3.796,3.782,1045515,395970252.0,0.37,0.48,0.018,0.88
2022-08-15,3.806,3.799,3.812,3.798,2962054,1127626640.0,0.37,0.11,0.004,2.5
2022-08-16,3.789,3.796,3.797,3.786,2689646,1020570638.0,0.29,-0.08,-0.003,2.27
2022-08-17,3.783,3.779,3.79,3.778,2509234,949524984.0,0.32,-0.45,-0.017,2.11
2022-08-18,3.762,3.761,3.767,3.759,1097438,412890947.0,0.21,-0.48,-0.018,0.92
2022-08-19,3.756,3.761,3.762,3.753,1262420,474480701.0,0.24,0.0,0.0,1.06
2022-08-22,3.753,3.753,3.757,3.75,984786,369696268.0,0.19,-0.21,-0.008,0.83
2022-08-23,3.76,3.763,3.768,3.757,917859,345238519.0,0.29,0.27,0.01,0.77
2022-08-24,3.774,3.787,3.801,3.773,1449768,548011658.0,0.74,0.64,0.024,1.22
2022-08-25,3.795,3.797,3.8,3.793,1606223,609697400.0,0.18,0.26,0.01,1.35
2022-08-26,3.795,3.798,3.801,3.787,1767408,670130630.0,0.37,0.03,0.001,1.49
2022-08-29,3.755,3.767,3.77,3.755,1560369,587583183.0,0.39,-0.82,-0.031,1.31
2022-08-30,3.784,3.783,3.795,3.782,1431436,542323421.0,0.35,0.42,0.016,1.21
2022-08-31,3.769,3.758,3.769,3.757,1423138,535409590.0,0.32,-0.66,-0.025,1.2
2022-09-01,3.737,3.73,3.739,3.724,1623157,605663173.0,0.4,-0.75,-0.028,1.37
2022-09-02,3.72,3.726,3.729,3.717,1792257,667006393.0,0.32,-0.11,-0.004,1.51
2022-09-05,3.75,3.765,3.77,3.749,1880724,707051694.0,0.56,1.05,0.039,1.58
2022-09-06,3.776,3.784,3.786,3.771,1549420,585441847.0,0.4,0.5,0.019,1.31
2022-09-07,3.754,3.759,3.765,3.751,2109657,792719506.0,0.37,-0.66,-0.025,1.78
2022-09-08,3.786,3.79,3.792,3.782,3136984,1188024146.0,0.27,0.82,0.031,2.64
2022-09-09,3.78,3.785,3.786,3.777,2626403,993434847.0,0.24,-0.13,-0.005,2.21
2022-09-13,3.782,3.787,3.792,3.781,2609433,987535921.0,0.29,0.05,0.002,2.2
2022-09-14,3.766,3.76,3.767,3.757,2792386,1050294440.0,0.26,-0.71,-0.027,2.35
2022-09-15,3.752,3.744,3.757,3.742,2168867,813545716.0,0.4,-0.43,-0.016,1.83
2022-09-16,3.728,3.728,3.738,3.726,2527207,943067961.0,0.32,-0.43,-0.016,2.13
2022-09-19,3.738,3.741,3.748,3.736,2132585,797722957.0,0.32,0.35,0.013,1.8
2022-09-20,3.759,3.754,3.762,3.75,2294001,861292347.0,0.32,0.35,0.013,1.93
2022-09-21,3.75,3.759,3.766,3.745,2041233,765835702.0,0.56,0.13,0.005,1.72
2022-09-22,3.752,3.753,3.757,3.75,1989538,746582079.0,0.19,-0.16,-0.006,1.68
2022-09-23,3.769,3.77,3.774,3.767,2348530,885326283.0,0.19,0.45,0.017,1.98
2022-09-26,3.738,3.736,3.743,3.729,2223950,831004420.0,0.37,-0.9,-0.034,1.87
2022-09-27,3.732,3.746,3.746,3.73,1670627,624669747.0,0.43,0.27,0.01,1.41
2022-09-28,3.743,3.751,3.757,3.743,2276189,854289822.0,0.37,0.13,0.005,1.92
2022-09-29,3.779,3.78,3.785,3.765,2504538,946394475.0,0.53,0.77,0.029,2.11
2022-09-30,3.781,3.783,3.786,3.775,2178347,823691239.0,0.29,0.08,0.003,1.84
2022-10-10,3.833,3.81,3.836,3.808,2374539,907727304.0,0.74,0.71,0.027,2.0
2022-10-11,3.804,3.802,3.809,3.801,2720122,1034999655.0,0.21,-0.21,-0.008,2.29
2022-10-12,3.802,3.812,3.812,3.798,2023731,770109420.0,0.37,0.26,0.01,1.71
2022-10-13,3.814,3.817,3.818,3.813,1782662,680207601.0,0.13,0.13,0.005,1.5
2022-10-14,3.804,3.813,3.816,3.8,2304258,877507714.0,0.42,-0.1,-0.004,1.94
2022-10-17,3.8,3.792,3.801,3.789,1839205,697922881.0,0.31,-0.55,-0.021,1.55
2022-10-18,3.796,3.802,3.812,3.795,2123175,807160717.0,0.45,0.26,0.01,1.79
2022-10-19,3.799,3.793,3.805,3.791,2429931,923635446.0,0.37,-0.24,-0.009,2.05
2022-10-20,3.775,3.775,3.787,3.773,2927831,1106287598.0,0.37,-0.47,-0.018,2.47
2022-10-21,3.779,3.771,3.784,3.766,2712649,1023928751.0,0.48,-0.11,-0.004,2.29
2022-10-24,3.815,3.82,3.823,3.812,2677132,1022118293.0,0.29,1.3,0.049,2.26
2022-10-25,3.832,3.827,3.834,3.827,2819994,1080066123.0,0.18,0.18,0.007,2.38
2022-10-26,3.827,3.824,3.831,3.823,3142259,1202773295.0,0.21,-0.08,-0.003,2.65
2022-10-27,3.814,3.817,3.822,3.809,4520846,1724780662.0,0.34,-0.18,-0.007,3.81
2022-10-28,3.822,3.82,3.829,3.818,5349031,2046052046.0,0.29,0.08,0.003,4.51
2022-10-31,3.807,3.807,3.809,3.797,3402004,1294057272.0,0.31,-0.34,-0.013,2.87
2022-11-01,3.808,3.81,3.814,3.8,3612840,1376137542.0,0.37,0.08,0.003,3.04
2022-11-02,3.816,3.817,3.831,3.816,3976234,1518567384.0,0.39,0.18,0.007,3.35
2022-11-03,3.807,3.805,3.812,3.805,3936139,1498865220.0,0.18,-0.31,-0.012,3.32
2022-11-04,3.805,3.804,3.81,3.801,3592024,1366887158.0,0.24,-0.03,-0.001,3.03
2022-11-07,3.834,3.832,3.838,3.826,4499140,1723707397.0,0.32,0.74,0.028,3.79
2022-11-08,3.834,3.839,3.846,3.832,4631576,1779457951.0,0.37,0.18,0.007,3.9
2022-11-09,3.903,3.945,3.985,3.903,4175751,1637157221.0,2.14,2.76,0.106,3.52
2022-11-10,3.937,3.925,3.937,3.918,3912117,1536278713.0,0.48,-0.51,-0.02,3.3
2022-11-11,3.977,3.952,3.981,3.95,3912963,1553388366.0,0.79,0.69,0.027,3.3
2022-11-14,3.948,3.913,3.948,3.912,3459017,1358824147.0,0.91,-0.99,-0.039,2.91
2022-11-15,3.927,3.933,3.94,3.927,3160568,1243779606.0,0.33,0.51,0.02,2.66
2022-11-16,3.944,3.954,3.959,3.944,3661837,1447049009.0,0.38,0.53,0.021,3.09
2022-11-17,3.954,3.958,3.965,3.95,3082248,1219591111.0,0.38,0.1,0.004,2.6
2022-11-18,3.953,3.952,3.964,3.949,3333086,1318537482.0,0.38,-0.15,-0.006,2.81
2022-11-21,3.929,3.936,3.937,3.921,3239313,1274007701.0,0.4,-0.4,-0.016,2.73
2022-11-22,3.936,3.932,3.94,3.928,3135089,1232947472.0,0.3,-0.1,-0.004,2.64
2022-11-23,3.93,3.932,3.933,3.927,2802763,1101650545.0,0.15,0.0,0.0,2.36
2022-11-24,3.955,3.947,3.958,3.947,3653396,1444179584.0,0.28,0.38,0.015,3.08
2022-11-25,3.96,3.959,3.966,3.955,3016361,1195000701.0,0.28,0.3,0.012,2.54
2022-11-28,3.974,3.962,3.977,3.958,2479366,983066415.0,0.48,0.08,0.003,2.09
2022-11-29,3.95,3.951,3.959,3.946,2867953,1133596759.0,0.33,-0.28,-0.011,2.42
2022-11-30,3.945,3.944,3.947,3.938,3336461,1315549571.0,0.23,-0.18,-0.007,2.81
2022-12-01,3.945,3.956,3.958,3.939,2810141,1109203744.0,0.48,0.3,0.012,2.37
2022-12-02,3.976,3.979,3.982,3.972,2463748,979958404.0,0.25,0.58,0.023,2.08
2022-12-05,3.968,3.94,3.969,3.938,2306051,911600549.0,0.78,-0.98,-0.039,1.94
2022-12-06,3.905,3.898,3.906,3.894,3102956,1210251288.0,0.3,-1.07,-0.042,2.61
2022-12-07,3.9,3.898,3.902,3.894,1704250,664393619.0,0.21,0.0,0.0,1.44
2022-12-08,3.907,3.91,3.913,3.904,2248015,878765834.0,0.23,0.31,0.012,1.89
2022-12-09,3.918,3.924,3.931,3.917,1522798,597512038.0,0.36,0.36,0.014,1.28
2022-12-12,3.933,3.921,3.934,3.918,1679307,659318253.0,0.41,-0.08,-0.003,1.42
2022-12-13,3.919,3.924,3.925,3.917,1362185,534135948.0,0.2,0.08,0.003,1.15
2022-12-14,3.965,3.963,3.968,3.956,2682576,1062618978.0,0.31,0.99,0.039,2.26
2022-12-15,3.943,3.933,3.948,3.926,1608510,632382275.0,0.56,-0.76,-0.03,1.36
2022-12-16,3.91,3.915,3.917,3.904,1353519,529121028.0,0.33,-0.46,-0.018,1.14
2022-12-19,3.933,3.942,3.95,3.932,1367081,538965204.0,0.46,0.69,0.027,1.15
2022-12-20,3.936,3.943,3.946,3.93,1811344,713171102.0,0.41,0.03,0.001,1.53
2022-12-21,3.991,3.981,3.991,3.973,1685828,671186285.0,0.46,0.96,0.038,1.42
2022-12-22,3.987,3.981,3.992,3.978,1485906,592297837.0,0.35,0.0,0.0,1.25
2022-12-23,3.952,3.948,3.957,3.942,1856560,732903603.0,0.38,-0.83,-0.033,1.56
2022-12-26,3.95,3.953,3.957,3.95,2430203,960345233.0,0.18,0.13,0.005,2.05
2022-12-27,3.951,3.963,3.964,3.945,1736663,686705270.0,0.48,0.25,0.01,1.46
2022-12-28,3.978,3.966,3.985,3.964,1565250,622152522.0,0.53,0.08,0.003,1.32
2022-12-29,3.97,3.96,3.974,3.96,1237085,490936957.0,0.35,-0.15,-0.006,1.04
2022-12-30,3.97,3.986,3.987,3.97,1357129,539947546.0,0.43,0.66,0.026,1.14
2023-01-03,3.983,3.987,3.987,3.972,1553974,618722102.0,0.38,0.03,0.001,1.31
2023-01-04,4.0,4.002,4.006,3.998,1641489,656972571.0,0.2,0.38,0.015,1.38
2023-01-05,4.016,4.001,4.024,3.999,2032366,815712507.0,0.62,-0.02,-0.001,1.71
2023-01-06,3.97,3.972,3.978,3.969,1770235,703421406.0,0.22,-0.72,-0.029,1.49
2023-01-09,4.016,4.015,4.022,4.014,2146123,862273144.0,0.2,1.08,0.043,1.81
2023-01-10,4.003,4.013,4.015,4.003,1618607,648856765.0,0.3,-0.05,-0.002,1.36
2023-01-11,4.017,4.025,4.027,4.013,1942679,780670518.0,0.35,0.3,0.012,1.64
2023-01-12,4.013,4.019,4.023,4.008,2193260,881238449.0,0.37,-0.15,-0.006,1.85
2023-01-13,4.024,4.027,4.029,4.022,1360516,547805631.0,0.17,0.2,0.008,1.15
2023-01-16,4.058,4.05,4.068,4.047,2027292,822812774.0,0.52,0.57,0.023,1.71
2023-01-17,4.07,4.066,4.073,4.062,1761608,716584799.0,0.27,0.4,0.016,1.48
2023-01-18,4.07,4.056,4.073,4.044,1631589,662708919.0,0.71,-0.25,-0.01,1.37
2023-01-19,4.051,4.068,4.072,4.051,1263505,513311285.0,0.52,0.3,0.012,1.06
2023-01-20,4.1,4.101,4.112,4.09,1505260,617324548.0,0.54,0.81,0.033,1.27
2023-01-30,4.09,4.096,4.099,4.083,2395664,979751736.0,0.39,-0.12,-0.005,2.02
2023-01-31,4.087,4.069,4.091,4.065,1868891,763275873.0,0.63,-0.66,-0.027,1.57
2023-02-01,4.084,4.091,4.094,4.084,1507587,616583968.0,0.25,0.54,0.022,1.27
2023-02-02,4.124,4.125,4.13,4.122,1671823,689717945.0,0.2,0.83,0.034,1.41
2023-02-03,4.079,4.071,4.079,4.068,1352888,551141130.0,0.27,-1.31,-0.054,1.14
2023-02-06,4.021,4.018,4.03,4.012,1937851,778713453.0,0.44,-1.3,-0.053,1.63
2023-02-07,4.01,4.01,4.018,4.009,1563596,627177885.0,0.22,-0.2,-0.008,1.32
2023-02-08,4.01,4.01,4.014,4.007,1064615,426939198.0,0.17,0.0,0.0,0.9
2023-02-09,4.01,4.019,4.021,4.008,1653830,664295300.0,0.32,0.22,0.009,1.39
2023-02-10,3.997,3.993,3.997,3.985,2045134,816166433.0,0.3,-0.65,-0.026,1.72
2023-02-13,4.03,4.018,4.031,4.005,1870268,750539712.0,0.65,0.63,0.025,1.58
2023-02-14,3.999,4.015,4.017,3.998,1379018,552222541.0,0.47,-0.07,-0.003,1.16
2023-02-15,4.017,4.002,4.023,3.999,1638482,657293038.0,0.6,-0.32,-0.013,1.38
2023-02-16,3.995,4.001,4.003,3.995,1465163,586003984.0,0.2,-0.02,-0.001,1.23
2023-02-17,3.999,3.992,4.001,3.988,1960601,783034882.0,0.32,-0.22,-0.009,1.65
2023-02-20,4.008,4.01,4.015,4.008,1615057,647993709.0,0.18,0.45,0.018,1.36
2023-02-21,4.01,4.005,4.013,4.004,1735104,695607435.0,0.22,-0.12,-0.005,1.46
2023-02-22,4.011,4.017,4.018,4.011,1326886,532824295.0,0.17,0.3,0.012,1.12
2023-02-23,4.007,4.008,4.009,4.003,1373316,550202560.0,0.15,-0.22,-0.009,1.16
2023-02-24,4.013,4.021,4.025,4.013,1788165,718671778.0,0.3,0.32,0.013,1.51
2023-02-27,4.02,4.01,4.02,4.009,1688177,677567593.0,0.27,-0.27,-0.011,1.42
2023-02-28,4.017,4.015,4.02,4.013,1296438,520780043.0,0.17,0.12,0.005,1.09
2023-03-01,4.029,4.029,4.031,4.024,1975701,795595333.0,0.17,0.35,0.014,1.66
2023-03-02,4.02,4.026,4.027,4.017,2039634,820264186.0,0.25,-0.07,-0.003,1.72
2023-03-03,4.038,4.044,4.045,4.035,1733391,700113604.0,0.25,0.45,0.018,1.46
2023-03-06,4.063,4.071,4.074,4.063,1782536,725459396.0,0.27,0.67,0.027,1.5
2023-03-07,4.072,4.076,4.079,4.068,2425241,988711669.0,0.27,0.12,0.005,2.04
2023-03-08,4.032,4.033,4.037,4.029,1818144,733466707.0,0.2,-1.05,-0.043,1.53
2023-03-09,4.032,4.033,4.038,4.031,1554996,627389868.0,0.17,0.0,0.0,1.31
2023-03-10,4.059,4.061,4.062,4.051,2490498,1010584223.0,0.27,0.69,0.028,2.1
2023-03-13,4.106,4.089,4.118,4.088,2759247,1131586472.0,0.74,0.69,0.028,2.33
2023-03-14,4.125,4.142,4.143,4.123,2360360,975517442.0,0.49,1.3,0.053,1.99
2023-03-15,4.14,4.139,4.142,4.132,2112961,874179479.0,0.24,-0.07,-0.003,1.78
2023-03-16,4.168,4.174,4.184,4.16,3211268,1339712190.0,0.58,0.85,0.035,2.71
2023-03-17,4.178,4.198,4.201,4.175,2935018,1229020089.0,0.62,0.57,0.024,2.47
2023-03-20,4.269,4.327,4.335,4.268,3967459,1706168214.0,1.6,3.07,0.129,3.34
2023-03-21,4.32,4.286,4.32,4.283,2540763,1093232536.0,0.86,-0.95,-0.041,2.14
2023-03-22,4.226,4.223,4.228,4.211,2652720,1118985082.0,0.4,-1.47,-0.063,2.24
2023-03-23,4.259,4.253,4.261,4.245,3159811,1345023943.0,0.38,0.71,0.03,2.66
2023-03-24,4.28,4.275,4.286,4.265,2800002,1198618986.0,0.49,0.52,0.022,2.36
2023-03-27,4.267,4.246,4.267,4.244,1813976,771831604.0,0.54,-0.68,-0.029,1.53
2023-03-28,4.233,4.225,4.238,4.221,2204840,932767179.0,0.4,-0.49,-0.021,1.86
2023-03-29,4.248,4.24,4.257,4.238,2556880,1086140524.0,0.45,0.36,0.015,2.15
2023-03-30,4.241,4.248,4.251,4.237,2929775,1242687102.0,0.33,0.19,0.008,2.47
2023-03-31,4.262,4.281,4.282,4.258,2672387,1140121120.0,0.56,0.78,0.033,2.25
2023-04-03,4.27,4.221,4.27,4.213,1666835,704108268.0,1.33,-1.4,-0.06,1.4
2023-04-04,4.26,4.269,4.273,4.256,1499790,639848383.0,0.4,1.14,0.048,1.26
2023-04-06,4.329,4.33,4.337,4.321,1959129,848045764.0,0.37,1.43,0.061,1.65
2023-04-07,4.324,4.328,4.329,4.322,2179542,942729123.0,0.16,-0.05,-0.002,1.84
2023-04-10,4.301,4.287,4.302,4.276,1296929,555880549.0,0.6,-0.95,-0.041,1.09
2023-04-11,4.283,4.311,4.311,4.283,1325364,570009956.0,0.65,0.56,0.024,1.12
2023-04-12,4.327,4.341,4.358,4.327,1617576,702812158.0,0.72,0.7,0.03,1.36
2023-04-13,4.335,4.346,4.348,4.333,913320,396331379.0,0.35,0.12,0.005,0.77
2023-04-14,4.382,4.366,4.383,4.354,1428803,624494974.0,0.67,0.46,0.02,1.2
2023-04-17,4.297,4.324,4.328,4.28,1541803,664877976.0,1.1,-0.96,-0.042,1.3
2023-04-18,4.301,4.305,4.307,4.292,933600,401625590.0,0.35,-0.44,-0.019,0.79
2023-04-19,4.314,4.297,4.319,4.292,1277889,550822088.0,0.63,-0.19,-0.008,1.08
2023-04-20,4.298,4.308,4.312,4.294,1347437,579849707.0,0.42,0.26,0.011,1.14
2023-04-21,4.313,4.288,4.319,4.28,1383814,595846832.0,0.91,-0.46,-0.02,1.17
2023-04-24,4.29,4.277,4.29,4.276,2409575,1031947455.0,0.33,-0.26,-0.011,2.03
2023-04-25,4.31,4.316,4.318,4.305,1332210,574340441.0,0.3,0.91,0.039,1.12
2023-04-26,4.328,4.323,4.334,4.316,1594788,689477077.0,0.42,0.16,0.007,1.34
2023-04-27,4.322,4.333,4.334,4.318,1677551,725727863.0,0.37,0.23,0.01,1.41
2023-04-28,4.3,4.298,4.309,4.292,1657865,713294627.0,0.39,-0.81,-0.035,1.4
2023-05-04,4.41,4.395,4.412,4.388,1695906,745933036.0,0.56,2.26,0.097,1.43
2023-05-05,4.416,4.415,4.426,4.412,1305668,576787500.0,0.32,0.46,0.02,1.1
2023-05-08,4.358,4.368,4.368,4.352,1542978,672889439.0,0.36,-1.06,-0.047,1.3
2023-05-09,4.371,4.377,4.388,4.369,1401394,613402815.0,0.43,0.21,0.009,1.18
2023-05-10,4.393,4.398,4.399,4.387,1129638,496234536.0,0.27,0.48,0.021,0.95
2023-05-11,4.403,4.394,4.408,4.393,1236379,544225111.0,0.34,-0.09,-0.004,1.04
2023-05-12,4.38,4.365,4.38,4.354,1580687,690257188.0,0.59,-0.66,-0.029,1.33
2023-05-15,4.382,4.382,4.393,4.379,1707571,749178622.0,0.32,0.39,0.017,1.44
2023-05-16,4.385,4.369,4.389,4.361,1621136,710376616.0,0.64,-0.3,-0.013,1.37
2023-05-17,4.352,4.353,4.357,4.347,1461091,635930495.0,0.23,-0.37,-0.016,1.23
2023-05-18,4.347,4.345,4.35,4.342,1790484,778129980.0,0.18,-0.18,-0.008,1.51
2023-05-19,4.327,4.33,4.332,4.32,1835249,794192974.0,0.28,-0.35,-0.015,1.55
2023-05-22,4.351,4.347,4.357,4.341,1441925,627292770.0,0.37,0.39,0.017,1.22
2023-05-23,4.339,4.33,4.34,4.327,1117741,484085481.0,0.3,-0.39,-0.017,0.94
2023-05-24,4.363,4.352,4.365,4.351,1500937,654534362.0,0.32,0.51,0.022,1.26
2023-05-25,4.327,4.335,4.342,4.326,1254946,543545743.0,0.37,-0.39,-0.017,1.06
2023-05-26,4.317,4.31,4.317,4.305,933816,402611048.0,0.28,-0.58,-0.025,0.79
2023-05-29,4.31,4.314,4.315,4.306,1316252,567148383.0,0.21,0.09,0.004,1.11
2023-05-30,4.31,4.3,4.316,4.295,1301528,560272664.0,0.49,-0.32,-0.014,1.1
2023-05-31,4.341,4.365,4.368,4.339,2648699,1153394617.0,0.67,1.51,0.065,2.23
2023-06-01,4.373,4.362,4.373,4.358,1130594,493160403.0,0.34,-0.07,-0.003,0.95
2023-06-02,4.382,4.375,4.386,4.37,1189437,521012337.0,0.37,0.3,0.013,1.0
2023-06-05,4.33,4.324,4.332,4.321,1310870,566916825.0,0.25,-1.17,-0.051,1.1
2023-06-06,4.357,4.357,4.362,4.354,1416825,617560049.0,0.19,0.76,0.033,1.19
2023-06-07,4.368,4.363,4.372,4.361,1085582,474221504.0,0.25,0.14,0.006,0.91
2023-06-08,4.341,4.338,4.347,4.333,1344291,583558130.0,0.32,-0.57,-0.025,1.13
2023-06-09,4.366,4.375,4.377,4.366,1167539,510467246.0,0.25,0.85,0.037,0.98
2023-06-12,4.368,4.378,4.379,4.363,1346918,588555122.0,0.37,0.07,0.003,1.13
2023-06-13,4.383,4.388,4.392,4.38,944530,414143580.0,0.27,0.23,0.01,0.8
2023-06-14,4.362,4.363,4.369,4.36,1040453,453867440.0,0.21,-0.57,-0.025,0.88
2023-06-15,4.348,4.329,4.348,4.328,1373437,595942059.0,0.46,-0.78,-0.034,1.16
2023-06-16,4.36,4.359,4.37,4.358,1354487,591085182.0,0.28,0.69,0.03,1.14
2023-06-19,4.365,4.366,4.37,4.361,1373054,599495770.0,0.21,0.16,0.007,1.16
2023-06-20,4.368,4.374,4.376,4.359,1607613,702493521.0,0.39,0.18,0.008,1.35
2023-06-21,4.36,4.356,4.363,4.349,1336542,582304845.0,0.32,-0.41,-0.018,1.13
2023-06-26,4.353,4.354,4.356,4.346,2399501,1043902100.0,0.23,-0.05,-0.002,2.02
2023-06-27,4.358,4.35,4.363,4.345,2522402,1099039569.0,0.41,-0.09,-0.004,2.13
2023-06-28,4.33,4.335,4.338,4.329,1668706,723136812.0,0.21,-0.34,-0.015,1.41
2023-06-29,4.335,4.343,4.346,4.335,1634575,709574357.0,0.25,0.18,0.008,1.38
2023-06-30,4.35,4.349,4.36,4.348,1038184,452017279.0,0.28,0.14,0.006,0.87
2023-07-03,4.364,4.358,4.366,4.353,1146066,499529302.0,0.3,0.21,0.009,0.97
2023-07-04,4.358,4.364,4.368,4.358,654545,285672324.0,0.23,0.14,0.006,0.55
2023-07-05,4.366,4.367,4.369,4.363,849741,371024605.0,0.14,0.07,0.003,0.72
2023-07-06,4.365,4.365,4.369,4.361,774747,338157734.0,0.18,-0.05,-0.002,0.65
2023-07-07,4.345,4.359,4.361,4.345,698896,304253302.0,0.37,-0.14,-0.006,0.59
2023-07-10,4.367,4.37,4.374,4.365,664090,290164158.0,0.21,0.25,0.011,0.56
2023-07-11,4.37,4.374,4.378,4.361,847132,369998554.0,0.39,0.09,0.004,0.71
2023-07-12,4.375,4.371,4.38,4.368,1479949,647618921.0,0.27,-0.07,-0.003,1.25
2023-07-13,4.407,4.408,4.413,4.396,2367062,1042531107.0,0.39,0.85,0.037,1.99
2023-07-14,4.399,4.388,4.402,4.383,1001557,439943189.0,0.43,-0.45,-0.02,0.84
2023-07-17,4.394,4.406,4.41,4.394,622135,273951378.0,0.36,0.41,0.018,0.52
2023-07-18,4.41,4.422,4.422,4.408,772205,340991608.0,0.32,0.36,0.016,0.65
2023-07-19,4.463,4.473,4.482,4.461,1189588,531869219.0,0.47,1.15,0.051,1.0
2023-07-20,4.477,4.47,4.478,4.461,3057702,1366343180.0,0.38,-0.07,-0.003,2.58
2023-07-21,4.443,4.453,4.465,4.442,1210775,538819984.0,0.51,-0.38,-0.017,1.02
2023-07-24,4.45,4.442,4.45,4.436,676310,300274079.0,0.31,-0.25,-0.011,0.57
2023-07-25,4.426,4.42,4.43,4.418,870437,385130005.0,0.27,-0.5,-0.022,0.73
2023-07-26,4.425,4.439,4.44,4.425,1172544,519943953.0,0.34,0.43,0.019,0.99
2023-07-27,4.439,4.448,4.453,4.436,931634,414271319.0,0.38,0.2,0.009,0.79
2023-07-28,4.421,4.404,4.421,4.402,1870393,824808903.0,0.43,-0.99,-0.044,1.58
2023-07-31,4.408,4.409,4.412,4.401,873968,385102817.0,0.25,0.11,0.005,0.74
2023-08-01,4.423,4.426,4.43,4.423,697486,308803878.0,0.16,0.39,0.017,0.59
2023-08-02,4.414,4.425,4.427,4.412,593346,262269933.0,0.34,-0.02,-0.001,0.5
2023-08-03,4.41,4.406,4.41,4.404,1192692,525594065.0,0.14,-0.43,-0.019,1.0
2023-08-04,4.389,4.401,4.405,4.389,1192367,524494894.0,0.36,-0.11,-0.005,1.0
2023-08-07,4.416,4.41,4.422,4.406,715514,315817836.0,0.36,0.2,0.009,0.6
2023-08-08,4.41,4.414,4.418,4.409,611914,270151824.0,0.2,0.09,0.004,0.52
2023-08-09,4.412,4.411,4.415,4.406,483047,213091447.0,0.2,-0.07,-0.003,0.41
2023-08-10,4.395,4.396,4.398,4.393,1099216,483145544.0,0.11,-0.34,-0.015,0.93
2023-08-11,4.401,4.415,4.416,4.401,835444,368288291.0,0.34,0.43,0.019,0.7
2023-08-14,4.415,4.421,4.424,4.413,852505,376813387.0,0.25,0.14,0.006,0.72
2023-08-15,4.421,4.431,4.433,4.415,1114209,492750861.0,0.41,0.23,0.01,0.94
2023-08-16,4.433,4.433,4.443,4.431,1153409,511517433.0,0.27,0.05,0.002,0.97
2023-08-17,4.422,4.429,4.438,4.419,1167134,516907773.0,0.43,-0.09,-0.004,0.98
2023-08-18,4.417,4.421,4.426,4.415,1018843,450434281.0,0.25,-0.18,-0.008,0.86
2023-08-21,4.422,4.438,4.442,4.422,1052598,466910326.0,0.45,0.38,0.017,0.89
2023-08-22,4.434,4.431,4.434,4.425,1046872,463708796.0,0.2,-0.16,-0.007,0.88
2023-08-23,4.44,4.452,4.455,4.438,1197943,532655607.0,0.38,0.47,0.021,1.01
2023-08-24,4.461,4.464,4.467,4.458,1850275,825818941.0,0.2,0.27,0.012,1.56
2023-08-25,4.452,4.448,4.458,4.447,1745032,777236317.0,0.25,-0.36,-0.016,1.47
2023-08-28,4.438,4.45,4.453,4.43,1323128,588151002.0,0.52,0.04,0.002,1.11
2023-08-29,4.459,4.462,4.469,4.458,880214,392898090.0,0.25,0.27,0.012,0.74
2023-08-30,4.477,4.477,4.484,4.472,2043059,915002017.0,0.27,0.34,0.015,1.72
2023-08-31,4.488,4.494,4.495,4.488,890051,399743249.0,0.16,0.38,0.017,0.75
2023-09-01,4.472,4.489,4.492,4.472,1137975,510306260.0,0.45,-0.11,-0.005,0.96
2023-09-04,4.491,4.506,4.516,4.491,1176209,530326940.0,0.56,0.38,0.017,0.99
2023-09-05,4.501,4.508,4.516,4.498,1440947,649844568.0,0.4,0.04,0.002,1.21
2023-09-06,4.504,4.505,4.513,4.504,1217337,548963967.0,0.2,-0.07,-0.003,1.03
2023-09-07,4.505,4.504,4.511,4.503,604055,272221466.0,0.18,-0.02,-0.001,0.51
2023-09-08,4.531,4.536,4.537,4.529,1761309,798426368.0,0.18,0.71,0.032,1.48
2023-09-11,4.534,4.545,4.554,4.53,2385891,1083250172.0,0.53,0.2,0.009,2.01
2023-09-12,4.542,4.546,4.547,4.537,1408487,639805307.0,0.22,0.02,0.001,1.19
2023-09-13,4.546,4.557,4.566,4.545,1963164,893922502.0,0.46,0.24,0.011,1.65
2023-09-14,4.566,4.592,4.606,4.566,2476391,1135944403.0,0.88,0.77,0.035,2.09
2023-09-15,4.636,4.548,4.638,4.52,3283248,1512884386.0,2.57,-0.96,-0.044,2.77
2023-09-18,4.545,4.524,4.545,4.515,3509965,1591214055.0,0.66,-0.53,-0.024,2.96
2023-09-19,4.536,4.559,4.563,4.536,1825575,831106224.0,0.6,0.77,0.035,1.54
2023-09-20,4.574,4.594,4.596,4.573,2268622,1041249369.0,0.5,0.77,0.035,1.91
2023-09-21,4.594,4.58,4.602,4.579,1585918,728128695.0,0.5,-0.3,-0.014,1.34
2023-09-22,4.587,4.561,4.597,4.548,2036046,929395231.0,1.07,-0.41,-0.019,1.72
2023-09-25,4.555,4.581,4.584,4.554,1852341,847690640.0,0.66,0.44,0.02,1.56
2023-09-26,4.58,4.578,4.59,4.574,1095671,501952626.0,0.35,-0.07,-0.003,0.92
2023-09-27,4.565,4.511,4.573,4.501,1888958,858009442.0,1.57,-1.46,-0.067,1.59
2023-09-28,4.463,4.436,4.477,4.4,2856375,1271213358.0,1.71,-1.66,-0.075,2.41
2023-10-09,4.4,4.405,4.409,4.391,1913610,841402820.0,0.41,-0.7,-0.031,1.61
2023-10-10,4.4,4.348,4.4,4.343,2343047,1022230615.0,1.29,-1.29,-0.057,1.97
2023-10-11,4.352,4.355,4.356,4.343,1146066,498371533.0,0.3,0.16,0.007,0.97
2023-10-12,4.368,4.39,4.391,4.368,1565064,685313353.0,0.53,0.8,0.035,1.32
2023-10-13,4.385,4.405,4.407,4.381,1447800,636482029.0,0.59,0.34,0.015,1.22
2023-10-16,4.479,4.46,4.48,4.459,1500286,670811749.0,0.48,1.25,0.055,1.26
2023-10-17,4.476,4.48,4.481,4.468,1094740,489833778.0,0.29,0.45,0.02,0.92
2023-10-18,4.5,4.523,4.524,4.5,1381627,624189637.0,0.54,0.96,0.043,1.16
2023-10-19,4.549,4.547,4.551,4.538,1231199,559552901.0,0.29,0.53,0.024,1.04
2023-10-20,4.591,4.597,4.605,4.591,1491818,685966344.0,0.31,1.1,0.05,1.26
2023-10-23,4.57,4.572,4.591,4.568,2186384,1001449185.0,0.5,-0.54,-0.025,1.84
2023-10-24,4.574,4.575,4.578,4.565,1630766,745625946.0,0.28,0.07,0.003,1.37
2023-10-25,4.568,4.557,4.574,4.556,1895141,865069058.0,0.39,-0.39,-0.018,1.6
2023-10-26,4.584,4.59,4.59,4.581,1355634,621452574.0,0.2,0.72,0.033,1.14
2023-10-27,4.59,4.599,4.605,4.585,1650797,758513718.0,0.44,0.2,0.009,1.39
2023-10-30,4.635,4.609,4.642,4.606,1615587,747781248.0,0.78,0.22,0.01,1.36
2023-10-31,4.617,4.62,4.623,4.611,1259773,581577165.0,0.26,0.24,0.011,1.06
2023-11-01,4.596,4.603,4.607,4.595,1003798,461815255.0,0.26,-0.37,-0.017,0.85
2023-11-02,4.617,4.613,4.617,4.605,858569,395793607.0,0.26,0.22,0.01,0.72
2023-11-03,4.605,4.61,4.612,4.598,981187,452154832.0,0.3,-0.07,-0.003,0.83
2023-11-06,4.607,4.587,4.614,4.581,1895397,870835728.0,0.72,-0.5,-0.023,1.6
2023-11-07,4.573,4.569,4.579,4.567,1500225,686119803.0,0.26,-0.39,-0.018,1.26
2023-11-08,4.561,4.551,4.561,4.543,1520526,691928818.0,0.39,-0.39,-0.018,1.28
2023-11-09,4.534,4.521,4.535,4.518,3325925,1504347399.0,0.37,-0.66,-0.03,2.8
2023-11-10,4.543,4.554,4.555,4.54,1040608,473311631.0,0.33,0.73,0.033,0.88
2023-11-13,4.523,4.538,4.539,4.522,1068623,484253193.0,0.37,-0.35,-0.016,0.9
2023-11-14,4.55,4.558,4.56,4.543,1301857,592560802.0,0.37,0.44,0.02,1.1
2023-11-15,4.563,4.577,4.58,4.563,1556913,711862245.0,0.37,0.42,0.019,1.31
2023-11-16,4.566,4.559,4.569,4.554,1255004,572080439.0,0.33,-0.39,-0.018,1.06
2023-11-17,4.578,4.572,4.582,4.571,1997136,914117354.0,0.24,0.29,0.013,1.68
2023-11-20,4.547,4.522,4.555,4.521,1122687,509203288.0,0.74,-1.09,-0.05,0.95
2023-11-21,4.516,4.516,4.52,4.511,758092,342299668.0,0.2,-0.13,-0.006,0.64
2023-11-22,4.523,4.499,4.527,4.492,1640670,740029671.0,0.78,-0.38,-0.017,1.38
2023-11-23,4.498,4.495,4.499,4.488,871487,391566606.0,0.24,-0.09,-0.004,0.73
2023-11-24,4.494,4.499,4.5,4.49,807491,363029386.0,0.22,0.09,0.004,0.68
2023-11-27,4.531,4.546,4.549,4.531,1510568,686011713.0,0.4,1.04,0.047,1.27
2023-11-28,4.553,4.56,4.564,4.552,1175390,535651750.0,0.26,0.31,0.014,0.99
2023-11-29,4.6,4.591,4.609,4.59,1482738,681932423.0,0.42,0.68,0.031,1.25
2023-11-30,4.596,4.589,4.6,4.586,1376378,631765338.0,0.3,-0.04,-0.002,1.16
2023-12-01,4.589,4.589,4.597,4.582,1258480,577198947.0,0.33,0.0,0.0,1.06
2023-12-04,4.668,4.643,4.675,4.638,2066796,962951472.0,0.81,1.18,0.054,1.74
2023-12-05,4.58,4.58,4.589,4.574,1488803,681880775.0,0.32,-1.36,-0.063,1.25
2023-12-06,4.575,4.578,4.579,4.563,1469918,671853784.0,0.35,-0.04,-0.002,1.24
2023-12-07,4.585,4.584,4.588,4.577,1035174,474446807.0,0.24,0.13,0.006,0.87
2023-12-08,4.586,4.591,4.594,4.585,968719,444757680.0,0.2,0.15,0.007,0.82
2023-12-11,4.547,4.557,4.586,4.546,1171410,533675528.0,0.87,-0.74,-0.034,0.99
2023-12-12,4.543,4.539,4.544,4.521,1487131,673525083.0,0.5,-0.39,-0.018,1.25
2023-12-13,4.533,4.529,4.542,4.524,1061914,481332103.0,0.4,-0.22,-0.01,0.89
2023-12-14,4.59,4.598,4.612,4.587,1443396,662857093.0,0.55,1.52,0.069,1.22
2023-12-15,4.59,4.59,4.594,4.585,823934,378183681.0,0.2,-0.17,-0.008,0.69
2023-12-18,4.575,4.576,4.585,4.571,1957261,895913704.0,0.31,-0.31,-0.014,1.65
2023-12-19,4.584,4.589,4.59,4.584,1233614,565941612.0,0.13,0.28,0.013,1.04
2023-12-20,4.596,4.604,4.612,4.596,1750011,805409847.0,0.35,0.33,0.015,1.47
2023-12-21,4.595,4.605,4.609,4.595,1606797,739896764.0,0.3,0.02,0.001,1.35
2023-12-22,4.626,4.627,4.641,4.623,2508378,1162642749.0,0.39,0.48,0.022,2.11
2023-12-25,4.631,4.634,4.643,4.628,2250882,1043077108.0,0.32,0.15,0.007,1.9
2023-12-26,4.638,4.647,4.648,4.634,1549550,719202114.0,0.3,0.28,0.013,1.31
2023-12-27,4.65,4.66,4.664,4.649,1802493,839221108.0,0.32,0.28,0.013,1.52
2023-12-28,4.681,4.662,4.687,4.658,2469294,1153791117.0,0.62,0.04,0.002,2.08
2023-12-29,4.638,4.648,4.649,4.626,2703765,1253860939.0,0.49,-0.3,-0.014,2.28
2024-01-02,4.643,4.666,4.667,4.643,2062784,960225975.0,0.52,0.39,0.018,1.74
2024-01-03,4.658,4.663,4.666,4.655,1111962,518357486.0,0.24,-0.06,-0.003,0.94
2024-01-04,4.64,4.651,4.656,4.633,1149663,533852090.0,0.49,-0.26,-0.012,0.97
2024-01-05,4.659,4.664,4.665,4.656,1267497,590737806.0,0.19,0.28,0.013,1.07
2024-01-08,4.663,4.65,4.667,4.646,1161639,540661255.0,0.45,-0.3,-0.014,0.98
2024-01-09,4.651,4.649,4.654,4.642,848128,394312134.0,0.26,-0.02,-0.001,0.71
2024-01-10,4.647,4.631,4.653,4.628,1615040,749385754.0,0.54,-0.39,-0.018,1.36
2024-01-11,4.632,4.631,4.637,4.627,976424,452266238.0,0.22,0.0,0.0,0.82
2024-01-12,4.637,4.646,4.648,4.633,1103102,511759981.0,0.32,0.32,0.015,0.93
2024-01-15,4.664,4.673,4.676,4.664,964553,450431600.0,0.26,0.58,0.027,0.81
2024-01-16,4.674,4.677,4.68,4.668,832432,388910853.0,0.26,0.09,0.004,0.7
2024-01-17,4.661,4.631,4.662,4.628,1055515,490679653.0,0.73,-0.98,-0.046,0.89
2024-01-18,4.624,4.616,4.627,4.613,1250719,577742396.0,0.3,-0.32,-0.015,1.05
2024-01-19,4.636,4.643,4.643,4.635,870581,403801393.0,0.17,0.58,0.027,0.73
2024-01-22,4.646,4.625,4.652,4.624,906883,420913409.0,0.6,-0.39,-0.018,0.76
2024-01-23,4.623,4.632,4.632,4.609,1042699,481919618.0,0.5,0.15,0.007,0.88
2024-01-24,4.63,4.626,4.63,4.624,673747,311724352.0,0.13,-0.13,-0.006,0.57
2024-01-25,4.607,4.605,4.612,4.602,1102489,507829370.0,0.22,-0.45,-0.021,0.93
2024-01-26,4.623,4.625,4.627,4.618,756760,349705130.0,0.2,0.43,0.02,0.64
2024-01-29,4.636,4.634,4.638,4.632,803554,372477165.0,0.13,0.19,0.009,0.68
2024-01-30,4.641,4.647,4.652,4.638,879719,408610802.0,0.3,0.28,0.013,0.74
2024-01-31,4.654,4.653,4.656,4.648,1367351,636137568.0,0.17,0.13,0.006,1.15
2024-02-01,4.652,4.668,4.67,4.652,1195280,557221065.0,0.39,0.32,0.015,1.01
2024-02-02,4.671,4.679,4.679,4.671,939806,439432364.0,0.17,0.24,0.011,0.79
2024-02-05,4.659,4.643,4.666,4.638,1448549,673685719.0,0.6,-0.77,-0.036,1.22
2024-02-06,4.641,4.633,4.642,4.633,857482,397643970.0,0.19,-0.22,-0.01,0.72
2024-02-07,4.649,4.642,4.651,4.639,1182408,549202951.0,0.26,0.19,0.009,1.0
2024-02-08,4.655,4.662,4.663,4.653,923975,430376513.0,0.22,0.43,0.02,0.78
2024-02-19,4.638,4.644,4.645,4.626,1302395,603682077.0,0.41,-0.39,-0.018,1.1
2024-02-20,4.645,4.642,4.647,4.637,537232,249301335.0,0.22,-0.04,-0.002,0.45
2024-02-21,4.648,4.642,4.65,4.641,830906,386052661.0,0.19,0.0,0.0,0.7
2024-02-22,4.639,4.639,4.641,4.633,1036637,480694902.0,0.17,-0.06,-0.003,0.87
2024-02-23,4.639,4.63,4.641,4.626,1007119,466861191.0,0.32,-0.19,-0.009,0.85
2024-02-26,4.647,4.651,4.652,4.647,691384,321470465.0,0.11,0.45,0.021,0.58
2024-02-27,4.647,4.646,4.651,4.646,589874,274150148.0,0.11,-0.11,-0.005,0.5
2024-02-28,4.647,4.645,4.648,4.642,638726,296713616.0,0.13,-0.02,-0.001,0.54
2024-02-29,4.65,4.647,4.652,4.645,664134,308641430.0,0.15,0.04,0.002,0.56
2024-03-01,4.659,4.667,4.668,4.659,869293,405378152.0,0.19,0.43,0.02,0.73
2024-03-04,4.726,4.725,4.733,4.72,1121867,530228646.0,0.28,1.24,0.058,0.95
2024-03-05,4.782,4.789,4.79,4.773,1520853,727161417.0,0.36,1.35,0.064,1.28
2024-03-06,4.804,4.824,4.824,4.803,1313545,631872576.0,0.44,0.73,0.035,1.11
2024-03-07,4.848,4.885,4.896,4.845,1716553,835868603.0,1.06,1.26,0.061,1.45
2024-03-08,4.885,4.881,4.885,4.865,1050007,511853589.0,0.41,-0.08,-0.004,0.88
2024-03-11,4.912,4.899,4.921,4.894,1380299,677319004.0,0.55,0.37,0.018,1.16
2024-03-12,4.901,4.879,4.906,4.875,1477876,722925045.0,0.63,-0.41,-0.02,1.25
2024-03-13,4.861,4.87,4.871,4.86,971193,472284885.0,0.23,-0.18,-0.009,0.82
2024-03-14,4.896,4.877,4.901,4.873,1143476,559146124.0,0.57,0.14,0.007,0.96
2024-03-15,4.879,4.899,4.9,4.876,800613,391228979.0,0.49,0.45,0.022,0.67
2024-03-18,4.879,4.86,4.879,4.857,970311,472000428.0,0.45,-0.8,-0.039,0.82
2024-03-19,4.877,4.87,4.884,4.863,722725,352324616.0,0.43,0.21,0.01,0.61
2024-03-20,4.878,4.88,4.882,4.877,487890,238059038.0,0.1,0.21,0.01,0.41
2024-03-21,4.97,4.978,4.979,4.961,1003699,498739003.0,0.37,2.01,0.098,0.85
2024-03-22,4.943,4.946,4.959,4.931,976804,482921343.0,0.56,-0.64,-0.032,0.82
2024-03-25,4.964,4.956,4.987,4.954,1165334,578841539.0,0.67,0.2,0.01,0.98
2024-03-26,4.959,4.966,4.97,4.956,970528,481682820.0,0.28,0.2,0.01,0.82
2024-03-27,4.977,4.99,4.992,4.977,1200666,598537647.0,0.3,0.48,0.024,1.01
2024-03-28,5.0,5.029,5.031,4.997,1276030,639140316.0,0.68,0.78,0.039,1.08
2024-03-29,5.1,5.126,5.137,5.085,2097015,1072971466.0,1.03,1.93,0.097,1.77
2024-04-01,5.175,5.155,5.2,5.145,1960394,1010883023.0,1.07,0.57,0.029,1.65
2024-04-02,5.137,5.159,5.163,5.13,1521359,782916589.0,0.64,0.08,0.004,1.28
2024-04-03,5.204,5.231,5.238,5.204,2199878,1149376150.0,0.66,1.4,0.072,1.85
2024-04-08,5.289,5.354,5.427,5.289,4694739,2516202029.0,2.64,2.35,0.123,3.96
2024-04-09,5.383,5.369,5.396,5.365,2340934,1259104562.0,0.58,0.28,0.015,1.97
2024-04-10,5.38,5.388,5.405,5.375,2025717,1091553982.0,0.56,0.35,0.019,1.71
2024-04-11,5.37,5.348,5.379,5.34,2428650,1302119014.0,0.72,-0.74,-0.04,2.05
2024-04-12,5.456,5.504,5.506,5.455,2747128,1504648256.0,0.95,2.92,0.156,2.31
2024-04-15,5.39,5.417,5.435,5.39,3214255,1742057340.0,0.82,-1.58,-0.087,2.71
2024-04-16,5.471,5.452,5.496,5.438,3356552,1836558831.0,1.07,0.65,0.035,2.83
2024-04-17,5.469,5.461,5.477,5.441,2381284,1300363996.0,0.66,0.17,0.009,2.01
2024-04-18,5.421,5.445,5.447,5.4,2284805,1238671787.0,0.86,-0.29,-0.016,1.93
2024-04-19,5.464,5.471,5.547,5.444,4431506,2434190306.0,1.89,0.48,0.026,3.73
2024-04-22,5.447,5.364,5.45,5.357,3196573,1727493380.0,1.7,-1.96,-0.107,2.69
2024-04-23,5.325,5.232,5.33,5.223,5095873,2676701679.0,1.99,-2.46,-0.132,4.29
2024-04-24,5.281,5.287,5.301,5.263,3452005,1823643155.0,0.73,1.05,0.055,2.91
2024-04-25,5.275,5.288,5.29,5.25,2832036,1494237455.0,0.76,0.02,0.001,2.39
2024-04-26,5.29,5.329,5.334,5.29,2595143,1378526672.0,0.83,0.78,0.041,2.19
2024-04-29,5.299,5.294,5.31,5.288,2265815,1200650630.0,0.41,-0.66,-0.035,1.91
2024-04-30,5.296,5.286,5.3,5.271,1920943,1015518866.0,0.55,-0.15,-0.008,1.62
2024-05-06,5.224,5.254,5.255,5.217,1766624,925928338.0,0.72,-0.61,-0.032,1.49
2024-05-07,5.278,5.268,5.286,5.261,1880533,990811477.0,0.48,0.27,0.014,1.58
2024-05-08,5.258,5.261,5.279,5.24,2357123,1239904404.0,0.74,-0.13,-0.007,1.99
2024-05-09,5.252,5.25,5.265,5.242,2163457,1136483149.0,0.44,-0.21,-0.011,1.82
2024-05-10,5.33,5.369,5.371,5.314,3037136,1620849700.0,1.09,2.27,0.119,2.56
2024-05-13,5.34,5.337,5.358,5.33,2809580,1501938254.0,0.52,-0.6,-0.032,2.37
2024-05-14,5.33,5.329,5.347,5.316,2649568,1413160940.0,0.58,-0.15,-0.008,2.23
2024-05-15,5.36,5.37,5.375,5.358,2157842,1158027386.0,0.32,0.77,0.041,1.82
2024-05-16,5.445,5.417,5.45,5.415,2585079,1402789732.0,0.65,0.88,0.047,2.18
2024-05-17,5.406,5.416,5.418,5.397,2336818,1263239949.0,0.39,-0.02,-0.001,1.97
2024-05-20,5.519,5.55,5.586,5.519,4070430,2258322876.0,1.24,2.47,0.134,3.43
2024-05-21,5.549,5.481,5.549,5.471,3495102,1922435102.0,1.41,-1.24,-0.069,2.95
2024-05-22,5.5,5.492,5.514,5.48,1887946,1037492410.0,0.62,0.2,0.011,1.59
2024-05-23,5.38,5.366,5.386,5.341,3144944,1689047274.0,0.82,-2.29,-0.126,2.65
2024-05-24,5.287,5.319,5.321,5.287,2277706,1208676476.0,0.63,-0.88,-0.047,1.92
2024-05-27,5.323,5.338,5.353,5.323,2179564,1163800944.0,0.56,0.36,0.019,1.84
2024-05-28,5.367,5.334,5.374,5.333,2159096,1157245338.0,0.77,-0.07,-0.004,1.82
2024-05-29,5.368,5.37,5.384,5.359,2432939,1306488061.0,0.47,0.67,0.036,2.05
2024-05-30,5.33,5.317,5.335,5.295,2361366,1255068736.0,0.74,-0.99,-0.053,1.99
2024-05-31,5.334,5.343,5.343,5.318,1597626,852282461.0,0.47,0.49,0.026,1.35
2024-06-03,5.319,5.296,5.319,5.274,2198757,1164819444.0,0.84,-0.88,-0.047,1.85
2024-06-04,5.34,5.346,5.355,5.333,2009475,1074023297.0,0.42,0.94,0.05,1.69
2024-06-05,5.306,5.324,5.338,5.302,2036654,1083539020.0,0.67,-0.41,-0.022,1.72
2024-06-06,5.396,5.398,5.421,5.387,2347283,1268379883.0,0.64,1.39,0.074,1.98
2024-06-07,5.413,5.399,5.421,5.386,2569719,1388297622.0,0.65,0.02,0.001,2.17
2024-06-11,5.25,5.237,5.259,5.224,3264085,1709839897.0,0.65,-3.0,-0.162,2.75
2024-06-12,5.253,5.267,5.271,5.253,1724985,907690635.0,0.34,0.57,0.03,1.45
2024-06-13,5.261,5.269,5.27,5.246,1802420,948050505.0,0.46,0.04,0.002,1.52
2024-06-14,5.249,5.271,5.273,5.243,1889985,993324523.0,0.57,0.04,0.002,1.59
2024-06-17,5.302,5.279,5.306,5.275,1690694,894139289.0,0.59,0.15,0.008,1.42
2024-06-18,5.283,5.284,5.296,5.282,1711600,905345426.0,0.27,0.09,0.005,1.44
2024-06-19,5.301,5.305,5.306,5.296,1973012,1046190170.0,0.19,0.4,0.021,1.66
2024-06-20,5.313,5.351,5.354,5.313,2822644,1506017557.0,0.77,0.87,0.046,2.38
2024-06-21,5.383,5.376,5.393,5.374,2994478,1611437614.0,0.36,0.47,0.025,2.52
2024-06-24,5.3,5.29,5.311,5.284,4959867,2625687712.0,0.5,-1.6,-0.086,4.18
2024-06-25,5.3,5.302,5.303,5.292,2849134,1509273578.0,0.21,0.23,0.012,2.4
2024-06-26,5.287,5.271,5.287,5.253,3337006,1758334548.0,0.64,-0.58,-0.031,2.81
2024-06-27,5.236,5.242,5.245,5.231,2674882,1401342548.0,0.27,-0.55,-0.029,2.25
2024-06-28,5.283,5.297,5.299,5.277,2758656,1458430077.0,0.42,1.05,0.055,2.32
2024-07-01,5.297,5.299,5.303,5.281,1512313,801004633.0,0.42,0.04,0.002,1.27
2024-07-02,5.311,5.306,5.317,5.302,1563664,830122651.0,0.28,0.13,0.007,1.32
2024-07-03,5.31,5.34,5.342,5.304,2049719,1090280419.0,0.72,0.64,0.034,1.73
2024-07-04,5.381,5.365,5.386,5.354,1988890,1068750176.0,0.6,0.47,0.025,1.68
2024-07-05,5.365,5.381,5.382,5.363,2410574,1295785258.0,0.35,0.3,0.016,2.03
2024-07-08,5.427,5.384,5.43,5.382,2655439,1435959703.0,0.89,0.06,0.003,2.24
2024-07-09,5.365,5.362,5.372,5.36,2528560,1356850578.0,0.22,-0.41,-0.022,2.13
2024-07-10,5.374,5.397,5.399,5.373,1794956,966124726.0,0.48,0.65,0.035,1.51
2024-07-11,5.397,5.417,5.422,5.393,2562810,1386798931.0,0.54,0.37,0.02,2.16
2024-07-12,5.464,5.446,5.467,5.442,2196048,1198324247.0,0.46,0.54,0.029,1.85
2024-07-15,5.452,5.442,5.467,5.441,2132755,1163977241.0,0.48,-0.07,-0.004,1.8
2024-07-16,5.484,5.505,5.507,5.483,2370895,1303552035.0,0.44,1.16,0.063,2.0
2024-07-17,5.599,5.576,5.615,5.553,3687441,2061048522.0,1.13,1.29,0.071,3.11
2024-07-18,5.555,5.573,5.574,5.543,2554424,1419583184.0,0.56,-0.05,-0.003,2.15
2024-07-19,5.458,5.425,5.471,5.406,3314023,1805186288.0,1.17,-2.66,-0.148,2.79
2024-07-22,5.427,5.421,5.441,5.417,2586753,1404186176.0,0.44,-0.07,-0.004,2.18
2024-07-23,5.43,5.394,5.44,5.382,2374834,1284411213.0,1.07,-0.5,-0.027,2.0
2024-07-24,5.429,5.465,5.466,5.424,2455965,1338315996.0,0.78,1.32,0.071,2.07
2024-07-25,5.388,5.327,5.388,5.32,3793147,2026997952.0,1.24,-2.53,-0.138,3.2
2024-07-26,5.312,5.35,5.367,5.311,2451770,1310424241.0,1.05,0.43,0.023,2.07
2024-07-29,5.395,5.387,5.399,5.378,1816319,978598543.0,0.39,0.69,0.037,1.53
2024-07-30,5.379,5.394,5.395,5.357,1624334,873324669.0,0.71,0.13,0.007,1.37
2024-07-31,5.41,5.436,5.455,5.405,2463792,1338306085.0,0.93,0.78,0.042,2.08
2024-08-01,5.501,5.48,5.505,5.457,1997922,1095266141.0,0.88,0.81,0.044,1.68
2024-08-02,5.475,5.505,5.506,5.471,3355712,1843472524.0,0.64,0.46,0.025,2.83
2024-08-05,5.39,5.366,5.416,5.343,4896321,2634877831.0,1.33,-2.52,-0.139,4.13
2024-08-06,5.35,5.327,5.362,5.305,2934869,1566719099.0,1.06,-0.73,-0.039,2.47
2024-08-07,5.307,5.352,5.355,5.306,1952998,1042230264.0,0.92,0.47,0.025,1.65
2024-08-08,5.345,5.349,5.355,5.328,1431536,764231589.0,0.5,-0.06,-0.003,1.21
2024-08-09,5.406,5.396,5.414,5.379,1807812,976321769.0,0.65,0.88,0.047,1.52
2024-08-12,5.41,5.437,5.438,5.4,1313929,711951732.0,0.7,0.76,0.041,1.11
2024-08-13,5.476,5.474,5.492,5.466,2110708,1156382992.0,0.48,0.68,0.037,1.78
2024-08-14,5.473,5.456,5.474,5.427,3015716,1642554081.0,0.86,-0.33,-0.018,2.54
2024-08-15,5.431,5.443,5.45,5.429,2847128,1548205035.0,0.38,-0.24,-0.013,2.4
2024-08-16,5.465,5.453,5.466,5.441,2643497,1441631449.0,0.46,0.18,0.01,2.23
2024-08-19,5.502,5.513,5.527,5.493,2691170,1482328281.0,0.62,1.1,0.06,2.27
2024-08-20,5.512,5.513,5.519,5.5,2924114,1610462974.0,0.34,0.0,0.0,2.46
2024-08-21,5.514,5.537,5.549,5.512,2518755,1393689574.0,0.67,0.44,0.024,2.12
2024-08-22,5.535,5.523,5.536,5.508,1917315,1058296022.0,0.51,-0.25,-0.014,1.62
2024-08-23,5.504,5.504,5.513,5.493,1350030,742746901.0,0.36,-0.34,-0.019,1.14
2024-08-26,5.526,5.538,5.539,5.52,1438301,795075710.0,0.35,0.62,0.034,1.21
2024-08-27,5.528,5.534,5.542,5.515,1494040,825725926.0,0.49,-0.07,-0.004,1.26
2024-08-28,5.545,5.528,5.548,5.518,1521641,842135211.0,0.54,-0.11,-0.006,1.28
2024-08-29,5.539,5.535,5.548,5.534,1726464,956916085.0,0.25,0.13,0.007,1.45
2024-08-30,5.528,5.522,5.543,5.51,2139259,1181252478.0,0.6,-0.23,-0.013,1.8
2024-09-02,5.505,5.491,5.505,5.477,1696703,931403491.0,0.51,-0.56,-0.031,1.43
2024-09-03,5.486,5.501,5.504,5.482,1367565,751555381.0,0.4,0.18,0.01,1.15
2024-09-04,5.479,5.463,5.492,5.461,1308662,717486288.0,0.56,-0.69,-0.038,1.1
2024-09-05,5.483,5.502,5.504,5.477,1302138,714702194.0,0.49,0.71,0.039,1.1
2024-09-06,5.51,5.517,5.526,5.507,1512680,834530734.0,0.35,0.27,0.015,1.27
2024-09-09,5.485,5.477,5.5,5.468,1672809,917894050.0,0.58,-0.73,-0.04,1.41
2024-09-10,5.512,5.513,5.517,5.505,1037638,571869792.0,0.22,0.66,0.036,0.87
2024-09-11,5.536,5.542,5.545,5.526,1293446,715908389.0,0.34,0.53,0.029,1.09
2024-09-12,5.528,5.531,5.537,5.52,1428733,789870166.0,0.31,-0.2,-0.011,1.2
2024-09-13,5.613,5.611,5.623,5.604,2184940,1226767203.0,0.34,1.45,0.08,1.84
2024-09-18,5.621,5.609,5.626,5.602,2925414,1641767847.0,0.43,-0.04,-0.002,2.47
2024-09-19,5.591,5.6,5.611,5.578,2540863,1421667469.0,0.59,-0.16,-0.009,2.14
2024-09-20,5.619,5.663,5.665,5.618,1713524,965779592.0,0.84,1.13,0.063,1.44
2024-09-23,5.685,5.711,5.725,5.684,2380928,1358788606.0,0.72,0.85,0.048,2.01
2024-09-24,5.723,5.697,5.732,5.689,3231087,1846457275.0,0.75,-0.25,-0.014,2.72
2024-09-25,5.724,5.74,5.771,5.724,2806564,1612395551.0,0.82,0.75,0.043,2.36
2024-09-26,5.76,5.751,5.765,5.74,3061378,1761005963.0,0.44,0.19,0.011,2.58
2024-09-27,5.751,5.708,5.764,5.698,1662631,955602893.0,1.15,-0.75,-0.043,1.4
2024-09-30,5.644,5.707,5.717,5.63,3992244,2274923666.0,1.52,-0.02,-0.001,3.36
2024-10-08,5.682,5.714,5.757,5.681,4465460,2558034942.0,1.33,0.12,0.007,3.76
2024-10-09,5.67,5.64,5.679,5.636,3691504,2090099308.0,0.75,-1.3,-0.074,3.11
2024-10-10,5.647,5.676,5.678,5.642,1902586,1076484414.0,0.64,0.64,0.036,1.6
2024-10-11,5.715,5.739,5.758,5.715,2579209,1480522918.0,0.76,1.11,0.063,2.17
2024-10-14,5.77,5.799,5.806,5.751,3164053,1826801439.0,0.96,1.05,0.06,2.67
2024-10-15,5.776,5.799,5.802,5.773,2712116,1570468649.0,0.5,0.0,0.0,2.29
2024-10-16,5.853,5.884,5.886,5.837,4401832,2579194921.0,0.84,1.47,0.085,3.71
2024-10-17,5.891,5.905,5.912,5.887,3566037,2103708098.0,0.42,0.36,0.021,3.0
2024-10-18,5.961,5.945,5.984,5.91,5704443,3399065573.0,1.25,0.68,0.04,4.81
2024-10-21,5.995,6.02,6.021,5.978,3822244,2292332474.0,0.72,1.26,0.075,3.22
2024-10-22,6.018,6.018,6.027,6.004,2670721,1606508429.0,0.38,-0.03,-0.002,2.25
2024-10-23,6.042,6.056,6.058,6.02,3546700,2142131777.0,0.63,0.63,0.038,2.99
2024-10-24,6.0,5.995,6.005,5.958,3509821,2100218580.0,0.78,-1.01,-0.061,2.96
2024-10-25,5.994,5.998,5.999,5.982,2800089,1677550239.0,0.28,0.05,0.003,2.36
2024-10-28,5.986,6.017,6.03,5.985,2905284,1745516363.0,0.75,0.32,0.019,2.45
2024-10-29,6.036,6.068,6.069,6.036,3164390,1916983481.0,0.55,0.85,0.051,2.67
2024-10-30,6.111,6.14,6.146,6.104,3881150,2377859854.0,0.69,1.19,0.072,3.27
2024-10-31,6.14,6.103,6.14,6.102,3637245,2226528542.0,0.62,-0.6,-0.037,3.06
2024-11-01,6.017,6.051,6.068,6.017,3157902,1909288303.0,0.84,-0.85,-0.052,2.66
2024-11-04,6.011,6.006,6.023,5.988,3206472,1925632565.0,0.58,-0.74,-0.045,2.7
2024-11-05,6.003,6.006,6.008,5.967,3465225,2075830791.0,0.68,0.0,0.0,2.92
2024-11-06,6.028,5.994,6.062,5.973,5310282,3204265274.0,1.48,-0.2,-0.012,4.47
2024-11-07,5.865,5.86,5.881,5.857,4971911,2917410168.0,0.4,-2.24,-0.134,4.19
2024-11-08,5.925,5.898,5.936,5.888,5441984,3215881384.0,0.82,0.65,0.038,4.59
2024-11-11,5.901,5.905,5.91,5.889,2938955,1733556780.0,0.36,0.12,0.007,2.48
2024-11-12,5.83,5.807,5.841,5.8,3613932,2103738415.0,0.69,-1.66,-0.098,3.05
2024-11-13,5.805,5.796,5.814,5.795,2945700,1709706841.0,0.33,-0.19,-0.011,2.48
2024-11-14,5.724,5.68,5.73,5.669,4360110,2487543373.0,1.05,-2.0,-0.116,3.67
2024-11-15,5.711,5.683,5.712,5.667,4101363,2335976281.0,0.79,0.05,0.003,3.46
2024-11-18,5.748,5.758,5.773,5.738,3807962,2192024051.0,0.62,1.32,0.075,3.21
2024-11-19,5.811,5.858,5.86,5.809,4128956,2409857463.0,0.89,1.74,0.1,3.48
2024-11-20,5.9,5.857,5.9,5.855,3933263,2312028150.0,0.77,-0.02,-0.001,3.31
2024-11-21,5.914,5.933,5.934,5.909,3471025,2054829695.0,0.43,1.3,0.076,2.92
2024-11-22,5.968,6.01,6.011,5.967,4794501,2871840491.0,0.74,1.3,0.077,4.04
2024-11-25,6.009,5.916,6.013,5.893,7735648,4610155728.0,2.0,-1.56,-0.094,6.52
2024-11-26,5.835,5.844,5.856,5.825,3675693,2147982061.0,0.52,-1.22,-0.072,3.1
2024-11-27,5.86,5.899,5.904,5.856,3544560,2084747692.0,0.82,0.94,0.055,2.99
2024-11-28,5.831,5.869,5.877,5.823,3513385,2055069612.0,0.92,-0.51,-0.03,2.96
2024-11-29,5.879,5.923,5.927,5.878,3726694,2200782924.0,0.83,0.92,0.054,3.14
2024-12-02,5.85,5.872,5.885,5.848,3002256,1762546380.0,0.62,-0.86,-0.051,2.53
2024-12-03,5.917,5.931,5.942,5.911,2904022,1719827619.0,0.53,1.0,0.059,2.45
2024-12-04,5.915,5.929,5.938,5.913,2169824,1286380652.0,0.42,-0.03,-0.002,1.83
2024-12-05,5.937,5.927,5.943,5.923,2238436,1327983845.0,0.34,-0.03,-0.002,1.89
2024-12-06,5.866,5.903,5.91,5.861,2917620,1716909606.0,0.83,-0.4,-0.024,2.46
2024-12-09,5.941,5.936,5.946,5.925,2406329,1428404072.0,0.36,0.56,0.033,2.03
2024-12-10,5.97,5.961,5.972,5.949,3022870,1801985985.0,0.39,0.42,0.025,2.55
2024-12-11,6.028,6.011,6.03,5.977,3684896,2214470926.0,0.89,0.84,0.05,3.1
2024-12-12,6.038,6.052,6.054,6.025,2850292,1720927816.0,0.48,0.68,0.041,2.4
2024-12-13,6.016,6.001,6.018,5.991,2686424,1613292063.0,0.45,-0.84,-0.051,2.26
2024-12-16,5.945,5.947,5.95,5.933,2513897,1493426609.0,0.28,-0.9,-0.054,2.12
2024-12-17,5.957,5.94,5.97,5.936,2538572,1511849582.0,0.57,-0.12,-0.007,2.14
2024-12-18,5.942,5.932,5.948,5.929,1835436,1089480648.0,0.32,-0.13,-0.008,1.55
2024-12-19,5.867,5.885,5.906,5.867,3622339,2131258499.0,0.66,-0.79,-0.047,3.05
2024-12-20,5.877,5.892,5.894,5.866,2433829,1430034217.0,0.48,0.12,0.007,2.05
2024-12-23,5.919,5.951,5.953,5.918,2797678,1661172171.0,0.59,1.0,0.059,2.36
2024-12-24,5.928,5.921,5.931,5.916,2279641,1350515009.0,0.25,-0.5,-0.03,1.92
2024-12-25,5.932,5.936,5.939,5.929,1445139,857653535.0,0.17,0.25,0.015,1.22
2024-12-26,5.955,5.94,5.957,5.937,1837517,1092478868.0,0.34,0.07,0.004,1.55
2024-12-27,5.95,5.945,5.952,5.939,1765068,1049505975.0,0.22,0.08,0.005,1.49
2024-12-30,5.934,5.923,5.939,5.92,1660249,984288624.0,0.32,-0.37,-0.022,1.4
2024-12-31,5.914,5.928,5.932,5.9,1648335,974644615.0,0.54,0.08,0.005,1.39
2025-01-02,5.975,5.977,5.981,5.96,2330729,1391842464.0,0.35,0.83,0.049,1.96
2025-01-03,6.02,6.029,6.034,6.012,2759129,1661519900.0,0.37,0.87,0.052,2.32
2025-01-06,6.023,5.99,6.025,5.984,2980850,1789609736.0,0.68,-0.65,-0.039,2.51
2025-01-07,5.992,6.0,6.009,5.987,2177729,1305979331.0,0.37,0.17,0.01,1.84
2025-01-08,6.01,6.03,6.031,6.01,1604733,965957916.0,0.35,0.5,0.03,1.35
2025-01-09,6.038,6.065,6.066,6.032,1566054,946209476.0,0.56,0.58,0.035,1.32
2025-01-10,6.078,6.105,6.109,6.075,2414847,1470619550.0,0.56,0.66,0.04,2.03
2025-01-13,6.105,6.12,6.133,6.104,3530893,2160358184.0,0.48,0.25,0.015,2.98
2025-01-14,6.07,6.068,6.075,6.062,2869200,1740951031.0,0.21,-0.85,-0.052,2.42
2025-01-15,6.075,6.102,6.109,6.07,2386864,1452719737.0,0.64,0.56,0.034,2.01
2025-01-16,6.139,6.122,6.141,6.11,2413133,1478521166.0,0.51,0.33,0.02,2.03
2025-01-17,6.146,6.139,6.162,6.136,2479820,1524953624.0,0.42,0.28,0.017,2.09
2025-01-20,6.091,6.127,6.131,6.089,1982195,1210507375.0,0.68,-0.2,-0.012,1.67
2025-01-21,6.102,6.127,6.131,6.102,1954421,1196663049.0,0.47,0.0,0.0,1.65
2025-01-22,6.17,6.181,6.215,6.169,2967705,1836180883.0,0.75,0.88,0.054,2.5
2025-01-23,6.183,6.187,6.194,6.18,1923679,1190173543.0,0.23,0.1,0.006,1.62
2025-01-24,6.209,6.218,6.225,6.199,2274922,1413858397.0,0.42,0.5,0.031,1.92
2025-01-27,6.218,6.202,6.218,6.181,2288187,1417961910.0,0.6,-0.26,-0.016,1.93
2025-02-05,6.4,6.439,6.441,6.385,3670161,2354135637.0,0.9,3.82,0.237,3.09
2025-02-06,6.441,6.402,6.454,6.4,3053181,1965257147.0,0.84,-0.57,-0.037,2.57
2025-02-07,6.43,6.42,6.435,6.414,2021942,1299373106.0,0.33,0.28,0.018,1.7
2025-02-10,6.46,6.518,6.519,6.46,3156432,2046965397.0,0.92,1.53,0.098,2.66
2025-02-11,6.628,6.584,6.645,6.531,6889828,4542010086.0,1.75,1.01,0.066,5.81
2025-02-12,6.542,6.538,6.548,6.511,3426371,2237983355.0,0.56,-0.7,-0.046,2.89
2025-02-13,6.564,6.57,6.587,6.559,2840252,1866397971.0,0.43,0.49,0.032,2.39
2025-02-14,6.599,6.605,6.607,6.585,2466761,1627112891.0,0.33,0.53,0.035,2.08
2025-02-17,6.477,6.494,6.505,6.47,3969727,2575282904.0,0.53,-1.68,-0.111,3.35
2025-02-18,6.5,6.555,6.56,6.497,2928301,1913822117.0,0.97,0.94,0.061,2.47
2025-02-19,6.595,6.598,6.624,6.576,3156105,2084378903.0,0.73,0.66,0.043,2.66
2025-02-20,6.61,6.619,6.621,6.598,2082200,1375763005.0,0.35,0.32,0.021,1.75
2025-02-21,6.608,6.568,6.608,6.544,4119839,2707414871.0,0.97,-0.77,-0.051,3.47
2025-02-24,6.549,6.581,6.586,6.539,2466793,1620085717.0,0.72,0.2,0.013,2.08
2025-02-25,6.605,6.582,6.611,6.575,2647299,1745731792.0,0.55,0.02,0.001,2.23
2025-02-26,6.562,6.519,6.564,6.515,2949586,1929025426.0,0.74,-0.96,-0.063,2.49
2025-02-27,6.533,6.492,6.541,6.484,3039010,1978797942.0,0.87,-0.41,-0.027,2.56
2025-02-28,6.479,6.444,6.487,6.435,2808644,1814366434.0,0.8,-0.74,-0.048,2.37
2025-03-03,6.445,6.451,6.455,6.435,2587499,1668225513.0,0.31,0.11,0.007,2.18
2025-03-04,6.49,6.499,6.507,6.487,2657438,1726309042.0,0.31,0.74,0.048,2.24
2025-03-05,6.523,6.547,6.551,6.521,2218841,1449964026.0,0.46,0.74,0.048,1.87
2025-03-06,6.53,6.535,6.546,6.527,1876230,1226197910.0,0.29,-0.18,-0.012,1.58
2025-03-07,6.506,6.526,6.529,6.503,2122387,1382860823.0,0.4,-0.14,-0.009,1.79
2025-03-10,6.531,6.544,6.545,6.526,1681356,1098905803.0,0.29,0.28,0.018,1.42
2025-03-11,6.491,6.505,6.506,6.488,2170708,1409808324.0,0.28,-0.6,-0.039,1.83
2025-03-12,6.518,6.526,6.534,6.512,1335725,871152793.0,0.34,0.32,0.021,1.13
2025-03-13,6.573,6.575,6.583,6.57,1806218,1187629547.0,0.2,0.75,0.049,1.52
2025-03-14,6.693,6.673,6.693,6.662,3370643,2249855859.0,0.47,1.49,0.098,2.84
2025-03-17,6.674,6.677,6.678,6.659,2612271,1742579560.0,0.28,0.06,0.004,2.2
2025-03-18,6.688,6.727,6.73,6.688,2476183,1662780921.0,0.63,0.75,0.05,2.09
2025-03-19,6.757,6.8,6.806,6.754,3326467,2256310869.0,0.77,1.09,0.073,2.8
2025-03-20,6.82,6.807,6.825,6.799,2885806,1965397258.0,0.38,0.1,0.007,2.43
2025-03-21,6.808,6.774,6.81,6.762,2599056,1763391430.0,0.71,-0.48,-0.033,2.19
2025-03-24,6.77,6.78,6.782,6.758,1528904,1035354851.0,0.35,0.09,0.006,1.29
2025-03-25,6.758,6.774,6.778,6.751,1881733,1272978958.0,0.4,-0.09,-0.006,1.59
2025-03-26,6.78,6.795,6.797,6.775,1928881,1309338099.0,0.32,0.31,0.021,1.63
2025-03-27,6.797,6.812,6.817,6.791,2245290,1528152970.0,0.38,0.25,0.017,1.89
2025-03-28,6.912,6.938,6.939,6.894,4236335,2930627896.0,0.66,1.85,0.126,3.57
2025-03-31,6.942,7.012,7.045,6.942,6746864,4717070932.0,1.48,1.07,0.074,5.69
2025-04-01,7.065,7.056,7.098,7.041,7182597,5075882645.0,0.81,0.63,0.044,6.05
2025-04-02,7.07,7.029,7.083,7.019,4185809,2951070225.0,0.91,-0.38,-0.027,3.53
2025-04-03,7.135,7.094,7.173,7.068,7260741,5174808439.0,1.49,0.92,0.065,6.12
2025-04-07,6.801,6.877,7.06,6.8,12757845,8819492014.0,3.67,-3.06,-0.217,10.75
2025-04-08,6.878,6.925,6.938,6.852,6236428,4294930105.0,1.25,0.7,0.048,5.25
2025-04-09,6.89,7.012,7.02,6.888,7833600,5435770622.0,1.91,1.26,0.087,6.6
2025-04-10,7.134,7.164,7.166,7.071,9312016,6642456530.0,1.35,2.17,0.152,7.85
2025-04-11,7.34,7.273,7.34,7.225,9690465,7073077660.0,1.61,1.52,0.109,8.17
2025-04-14,7.301,7.327,7.354,7.301,7882789,5780997530.0,0.73,0.74,0.054,6.64
2025-04-15,7.327,7.325,7.334,7.315,4205902,3081021799.0,0.26,-0.03,-0.002,3.54
2025-04-16,7.44,7.503,7.506,7.421,7498510,5597029960.0,1.16,2.43,0.178,6.32
2025-04-17,7.655,7.565,7.66,7.541,10076525,7643429582.0,1.59,0.83,0.062,8.49
2025-04-18,7.564,7.583,7.589,7.533,4780541,3617039900.0,0.74,0.24,0.018,4.03
2025-04-21,7.684,7.724,7.727,7.677,7511946,5780384756.0,0.66,1.86,0.141,6.33
2025-04-22,7.871,7.982,8.033,7.86,15195021,12093412697.0,2.24,3.34,0.258,12.8
2025-04-23,7.759,7.5,7.759,7.486,25646888,19562766019.0,3.42,-6.04,-0.482,21.61
2025-04-24,7.67,7.582,7.707,7.55,13034734,9946839718.0,2.09,1.09,0.082,10.98
2025-04-25,7.641,7.53,7.656,7.486,9985943,7560930098.0,2.24,-0.69,-0.052,8.41
2025-04-28,7.499,7.465,7.511,7.443,8073010,6031534039.0,0.9,-0.86,-0.065,6.8
2025-04-29,7.561,7.517,7.586,7.485,6304713,4749487800.0,1.35,0.7,0.052,5.31
2025-04-30,7.525,7.471,7.529,7.467,4372928,3276215482.0,0.82,-0.61,-0.046,3.68
2025-05-06,7.596,7.612,7.659,7.57,9845270,7499496274.0,1.19,1.89,0.141,8.3
2025-05-07,7.614,7.671,7.678,7.588,7518649,5748539067.0,1.18,0.78,0.059,6.34
2025-05-08,7.679,7.557,7.732,7.538,11128511,8503906698.0,2.53,-1.49,-0.114,9.38
2025-05-09,7.502,7.531,7.555,7.427,8873009,6647216055.0,1.69,-0.34,-0.026,7.48
2025-05-12,7.341,7.376,7.399,7.341,6681992,4930947745.0,0.77,-2.06,-0.155,5.63
2025-05-13,7.291,7.332,7.339,7.224,9052166,6588647174.0,1.56,-0.6,-0.044,7.63
2025-05-14,7.309,7.277,7.322,7.265,5481793,3996673209.0,0.78,-0.75,-0.055,4.62
2025-05-15,7.165,7.062,7.169,7.01,12901239,9132430391.0,2.18,-2.95,-0.215,10.87
2025-05-16,7.195,7.177,7.204,7.157,8552748,6143784727.0,0.67,1.63,0.115,7.21
2025-05-19,7.206,7.222,7.231,7.193,6332771,4567415868.0,0.53,0.63,0.045,5.34
2025-05-20,7.217,7.209,7.238,7.196,4608628,3324544898.0,0.58,-0.18,-0.013,3.88
2025-05-21,7.381,7.439,7.44,7.376,7543865,5587558730.0,0.89,3.19,0.23,6.36
2025-05-22,7.478,7.45,7.505,7.448,7270548,5439783047.0,0.77,0.15,0.011,6.13
2025-05-23,7.405,7.454,7.457,7.373,6059359,4495380260.0,1.13,0.05,0.004,5.11
2025-05-26,7.438,7.425,7.472,7.423,4423087,3294213684.0,0.66,-0.39,-0.029,3.73
2025-05-27,7.434,7.366,7.456,7.356,6034573,4472910506.0,1.35,-0.79,-0.059,5.08
2025-05-28,7.369,7.375,7.389,7.341,3049976,2247365541.0,0.65,0.12,0.009,2.57
2025-05-29,7.263,7.3,7.31,7.26,4232817,3084681573.0,0.68,-1.02,-0.075,3.57
2025-05-30,7.39,7.369,7.391,7.335,3635737,2675997478.0,0.77,0.95,0.069,3.06
2025-06-03,7.501,7.478,7.519,7.461,6061707,4544989593.0,0.79,1.48,0.109,5.11
2025-06-04,7.488,7.474,7.503,7.459,4161572,3113658616.0,0.59,-0.05,-0.004,3.51
2025-06-05,7.499,7.483,7.504,7.469,3385336,2534787070.0,0.47,0.12,0.009,2.85
2025-06-06,7.477,7.481,7.492,7.469,3753551,2807696362.0,0.31,-0.03,-0.002,3.16
2025-06-09,7.364,7.4,7.401,7.331,5058251,3726449040.0,0.94,-1.08,-0.081,4.26
2025-06-10,7.366,7.405,7.42,7.353,5177959,3822935723.0,0.91,0.07,0.005,4.36
2025-06-11,7.42,7.428,7.436,7.404,3606998,2677639427.0,0.43,0.31,0.023,3.04
2025-06-12,7.505,7.497,7.512,7.474,3894631,2919654502.0,0.51,0.93,0.069,3.28
2025-06-13,7.616,7.588,7.653,7.57,8880624,6764698782.0,1.11,1.21,0.091,7.48
2025-06-16,7.629,7.563,7.634,7.548,6637312,5041475386.0,1.13,-0.33,-0.025,5.59
2025-06-17,7.525,7.499,7.528,7.47,5031522,3775707856.0,0.77,-0.85,-0.064,4.24
2025-06-18,7.499,7.503,7.527,7.476,3848653,2886557970.0,0.68,0.05,0.004,3.24
2025-06-19,7.5,7.465,7.506,7.444,3668574,2741981668.0,0.83,-0.51,-0.038,3.09
2025-06-20,7.46,7.436,7.464,7.423,3652503,2717567425.0,0.55,-0.39,-0.029,3.08
2025-06-23,7.452,7.464,7.485,7.441,3685197,2750226776.0,0.59,0.38,0.028,3.11
2025-06-24,7.431,7.372,7.44,7.354,5816473,4305391870.0,1.15,-1.23,-0.092,4.9
2025-06-25,7.378,7.392,7.398,7.376,2847107,2103580236.0,0.3,0.27,0.02,2.4
2025-06-26,7.39,7.405,7.406,7.385,2771479,2049012994.0,0.28,0.18,0.013,2.34
2025-06-27,7.365,7.326,7.375,7.311,4558534,3345234504.0,0.86,-1.07,-0.079,3.84
2025-06-30,7.3,7.314,7.321,7.274,3366574,2457750199.0,0.64,-0.16,-0.012,2.84
2025-07-01,7.359,7.397,7.4,7.346,3478679,2564118180.0,0.74,1.13,0.083,2.93
2025-07-02,7.395,7.394,7.418,7.384,2916548,2157429707.0,0.46,-0.04,-0.003,2.46
2025-07-03,7.407,7.445,7.453,7.407,2959903,2199395168.0,0.62,0.69,0.051,2.49
2025-07-04,7.4,7.407,7.413,7.376,2572291,1902194152.0,0.5,-0.51,-0.038,2.17
2025-07-07,7.348,7.355,7.367,7.344,2817844,2072584679.0,0.31,-0.7,-0.052,2.37
2025-07-08,7.397,7.398,7.406,7.389,2178996,1612084341.0,0.23,0.58,0.043,1.84
2025-07-09,7.347,7.314,7.348,7.304,4255341,3116306560.0,0.59,-1.14,-0.084,3.59
2025-07-10,7.371,7.371,7.38,7.358,3020038,2225855850.0,0.3,0.78,0.057,2.54
2025-07-11,7.375,7.376,7.392,7.372,2616554,1931126841.0,0.27,0.07,0.005,2.2
2025-07-14,7.426,7.44,7.445,7.413,2671885,1983515657.0,0.43,0.87,0.064,2.25
2025-07-15,7.41,7.436,7.445,7.401,2689311,1996432231.0,0.59,-0.05,-0.004,2.27
2025-07-16,7.394,7.402,7.407,7.378,2390714,1767210158.0,0.39,-0.46,-0.034,2.01
2025-07-17,7.403,7.397,7.411,7.386,2083170,1541460812.0,0.34,-0.07,-0.005,1.76
2025-07-18,7.394,7.403,7.407,7.391,1840285,1361500094.0,0.22,0.08,0.006,1.55
2025-07-21,7.43,7.446,7.454,7.42,3004574,2233893918.0,0.46,0.58,0.043,2.53
2025-07-22,7.483,7.474,7.489,7.47,3620034,2707621582.0,0.26,0.38,0.028,3.05
2025-07-23,7.54,7.548,7.549,7.525,3141072,2368464628.0,0.32,0.99,0.074,2.65
2025-07-24,7.459,7.424,7.461,7.415,4405109,3275368218.0,0.61,-1.64,-0.124,3.71
2025-07-25,7.415,7.409,7.421,7.399,2547627,1887414454.0,0.3,-0.2,-0.015,2.15
2025-07-28,7.382,7.388,7.398,7.367,2841433,2096675236.0,0.42,-0.28,-0.021,2.39
2025-07-29,7.35,7.363,7.366,7.345,2631616,1936018254.0,0.28,-0.34,-0.025,2.22
2025-07-30,7.387,7.377,7.389,7.367,2817736,2078603635.0,0.3,0.19,0.014,2.37
2025-07-31,7.329,7.35,7.356,7.315,3041657,2231589344.0,0.56,-0.37,-0.027,2.56
2025-08-01,7.343,7.352,7.366,7.331,1923996,1413896110.0,0.48,0.03,0.002,1.62
2025-08-04,7.432,7.446,7.447,7.432,4261136,3170843970.0,0.2,1.28,0.094,3.59
2025-08-05,7.481,7.455,7.486,7.454,3224587,2408802907.0,0.43,0.12,0.009,2.72
2025-08-06,7.472,7.468,7.482,7.46,2661820,1988337088.0,0.3,0.17,0.013,2.24
2025-08-07,7.471,7.484,7.488,7.459,3136422,2344129227.0,0.39,0.21,0.016,2.64
2025-08-08,7.488,7.508,7.513,7.488,3380603,2535544417.0,0.33,0.32,0.024,2.85
2025-08-11,7.452,7.429,7.46,7.423,3596888,2678359430.0,0.49,-1.05,-0.079,3.03
2025-08-12,7.412,7.399,7.416,7.393,2814917,2084438530.0,0.31,-0.4,-0.03,2.37
2025-08-13,7.395,7.415,7.416,7.394,2306006,1707832442.0,0.3,0.22,0.016,1.94
2025-08-14,7.431,7.424,7.438,7.413,2287805,1698855241.0,0.34,0.12,0.009,1.93
2025-08-15,7.384,7.401,7.41,7.381,2080440,1538722974.0,0.39,-0.31,-0.023,1.75
2025-08-18,7.398,7.413,7.43,7.393,2281711,1690072000.0,0.5,0.16,0.012,1.92
2025-08-19,7.386,7.391,7.4,7.386,1826993,1350510204.0,0.19,-0.3,-0.022,1.54
2025-08-20,7.362,7.374,7.377,7.35,2049639,1509440993.0,0.37,-0.23,-0.017,1.73
2025-08-21,7.403,7.394,7.408,7.387,2232927,1652146836.0,0.28,0.27,0.02,1.88
2025-08-22,7.395,7.378,7.4,7.373,1949287,1439892466.0,0.37,-0.22,-0.016,1.64
2025-08-25,7.419,7.427,7.43,7.417,2885724,2141946403.0,0.18,0.66,0.049,2.43
2025-08-26,7.437,7.449,7.45,7.437,2935326,2185176566.0,0.18,0.3,0.022,2.47
2025-08-27,7.461,7.45,7.461,7.444,2359129,1758733831.0,0.23,0.01,0.001,1.99
2025-08-28,7.462,7.468,7.47,7.459,2231073,1665240691.0,0.15,0.24,0.018,1.88
2025-08-29,7.48,7.486,7.488,7.478,2177647,1629642851.0,0.13,0.24,0.018,1.83
2025-09-01,7.546,7.647,7.658,7.542,8445148,6431354808.0,1.55,2.15,0.161,7.12
2025-09-02,7.75,7.67,7.75,7.663,6506048,5006529827.0,1.14,0.3,0.023,5.48
2025-09-03,7.76,7.768,7.787,7.746,5354584,4158516363.0,0.53,1.28,0.098,4.51
2025-09-04,7.795,7.75,7.795,7.694,5618614,4352594756.0,1.3,-0.23,-0.018,4.73
2025-09-05,7.773,7.775,7.782,7.755,3441495,2674763266.0,0.35,0.32,0.025,2.9
2025-09-08,7.811,7.847,7.848,7.808,4139098,3240893040.0,0.51,0.93,0.072,3.49
2025-09-09,7.934,7.966,7.987,7.928,6959081,5537633289.0,0.75,1.52,0.119,5.86
2025-09-10,7.906,7.947,7.953,7.898,3986089,3160253380.0,0.69,-0.24,-0.019,3.36
2025-09-11,7.963,7.923,7.968,7.901,4109334,3259869667.0,0.84,-0.3,-0.024,3.46
2025-09-12,7.932,7.954,7.966,7.932,3287668,2613712618.0,0.43,0.39,0.031,2.77
2025-09-15,7.908,7.931,7.947,7.907,2852905,2262570508.0,0.5,-0.29,-0.023,2.4
2025-09-16,8.007,8.032,8.034,7.988,3394976,2718705446.0,0.58,1.27,0.101,2.86
2025-09-17,8.01,7.964,8.01,7.955,4282964,3417850247.0,0.68,-0.85,-0.068,3.61
2025-09-18,7.901,7.862,7.949,7.859,5565626,4399557224.0,1.13,-1.28,-0.102,4.69
2025-09-19,7.901,7.898,7.917,7.869,3237996,2556742578.0,0.61,0.46,0.036,2.73
2025-09-22,8.005,8.048,8.058,7.984,4532519,3632554944.0,0.94,1.9,0.15,3.82
2025-09-23,8.125,8.143,8.149,8.105,5115504,4158136063.0,0.55,1.18,0.095,4.31
2025-09-24,8.141,8.19,8.204,8.123,4399011,3591418429.0,0.99,0.58,0.047,3.71
2025-09-25,8.16,8.146,8.164,8.116,4441117,3614722212.0,0.59,-0.54,-0.044,3.74
2025-09-26,8.15,8.16,8.183,8.147,3845481,3138261886.0,0.44,0.17,0.014,3.24
2025-09-29,8.177,8.259,8.268,8.174,5329507,4380687035.0,1.15,1.21,0.099,4.49
2025-09-30,8.324,8.339,8.388,8.324,6669569,5576070203.0,0.77,0.97,0.08,5.62
2025-10-09,8.724,8.729,8.779,8.69,8014425,6996319980.0,1.07,4.68,0.39,6.75
2025-10-10,8.637,8.602,8.651,8.586,6414709,5528015329.0,0.74,-1.45,-0.127,5.41
2025-10-13,8.77,8.859,8.868,8.77,7739480,6826004392.0,1.14,2.99,0.257,6.52
2025-10-14,9.1,8.976,9.377,8.878,16679605,15094002873.0,5.63,1.32,0.117,14.05
2025-10-15,9.143,9.187,9.19,9.09,9193141,8404693734.0,1.11,2.35,0.211,7.75
2025-10-16,9.23,9.244,9.288,9.198,10409159,9625793165.0,0.98,0.62,0.057,8.77
2025-10-17,9.497,9.568,9.587,9.361,15863426,15083487665.0,2.44,3.5,0.324,13.37
2025-10-20,9.308,9.268,9.367,9.25,12056985,11239083883.0,1.22,-3.14,-0.3,10.16
2025-10-21,9.526,9.49,9.526,9.425,9995218,9473507963.0,1.09,2.4,0.222,8.42
2025-10-22,8.986,9.101,9.106,8.95,14076692,12694570824.0,1.64,-4.1,-0.389,11.86
2025-10-23,8.98,8.994,9.052,8.92,9320665,8366775476.0,1.45,-1.18,-0.107,7.85
2025-10-24,9.048,8.95,9.053,8.933,7400821,6652958689.0,1.33,-0.49,-0.044,6.24
2025-10-27,8.948,8.914,8.949,8.897,6754375,6024338869.0,0.58,-0.4,-0.036,5.69
2025-10-28,8.79,8.597,8.79,8.591,10854757,9433291725.0,2.23,-3.56,-0.317,9.15
2025-10-29,8.68,8.692,8.699,8.622,7999574,6929137801.0,0.9,1.11,0.095,6.74
2025-10-30,8.635,8.704,8.706,8.559,10255273,8858790469.0,1.69,0.14,0.012,8.64
2025-10-31,8.81,8.794,8.822,8.748,7719496,6782774235.0,0.85,1.03,0.09,6.5
2025-11-03,8.743,8.797,8.801,8.737,4658113,4085511859.0,0.73,0.03,0.003,3.93
2025-11-04,8.745,8.737,8.756,8.705,5311229,4638166862.0,0.58,-0.68,-0.06,4.48
2025-11-05,8.654,8.706,8.732,8.641,4760923,4136619619.0,1.04,-0.35,-0.031,4.01
2025-11-06,8.718,8.755,8.757,8.706,4094436,3576860604.0,0.59,0.56,0.049,3.45
2025-11-07,8.769,8.793,8.798,8.755,4272647,3747892162.0,0.49,0.43,0.038,3.6
2025-11-10,8.869,8.936,8.949,8.856,7585075,6751619483.0,1.06,1.63,0.143,6.39
2025-11-11,9.138,9.062,9.138,9.049,8281066,7518834240.0,1.0,1.41,0.126,6.98
2025-11-12,9.058,9.029,9.068,8.984,6587184,5948310393.0,0.93,-0.36,-0.033,5.55
2025-11-13,9.157,9.175,9.184,9.134,6514008,5968013292.0,0.55,1.62,0.146,5.49
2025-11-14,9.099,9.096,9.18,9.09,7161875,6540777396.0,0.98,-0.86,-0.079,6.03
2025-11-17,8.922,8.882,8.969,8.842,8126694,7238287561.0,1.4,-2.35,-0.214,6.85
2025-11-18,8.837,8.777,8.837,8.77,5836813,5133558167.0,0.75,-1.18,-0.105,4.92
2025-11-19,8.89,8.954,8.968,8.873,6041360,5392419257.0,1.08,2.02,0.177,5.09
2025-11-20,8.959,8.903,8.969,8.865,6337762,5649454182.0,1.16,-0.57,-0.051,5.34
2025-11-21,8.888,8.828,8.921,8.824,6842940,6071459200.0,1.09,-0.84,-0.075,5.77
2025-11-24,8.858,8.857,8.865,8.829,4681449,4141386255.0,0.41,0.33,0.029,3.94
2025-11-25,8.99,9.01,9.039,8.99,6423143,5789627417.0,0.55,1.73,0.153,5.41
2025-11-26,9.015,9.011,9.048,9.003,5090521,4596141094.0,0.5,0.01,0.001,4.29
2025-11-27,9.003,9.01,9.017,8.986,3807153,3427665091.0,0.34,-0.01,-0.001,3.21
2025-11-28,9.084,9.067,9.09,9.051,3972928,3603374123.0,0.43,0.63,0.057,3.35
2025-12-01,9.146,9.161,9.204,9.128,7318584,6708010683.0,0.84,1.04,0.094,6.17
2025-12-02,9.118,9.112,9.145,9.088,4475178,4083289907.0,0.62,-0.53,-0.049,3.77
2025-12-03,9.118,9.096,9.143,9.084,4607233,4198884820.0,0.65,-0.18,-0.016,3.88
2025-12-04,9.107,9.064,9.125,9.035,5584621,5070761141.0,0.99,-0.35,-0.032,4.71
2025-12-05,9.094,9.136,9.148,9.084,4159658,3791528369.0,0.71,0.79,0.072,3.51
2025-12-08,9.107,9.11,9.119,9.078,4317056,3929192887.0,0.45,-0.28,-0.026,3.64
2025-12-09,9.075,9.046,9.082,9.026,4772816,4322621349.0,0.61,-0.7,-0.064,4.02
2025-12-10,9.114,9.095,9.118,9.081,3418584,3111335234.0,0.41,0.54,0.049,2.88
2025-12-11,9.157,9.11,9.165,9.095,4666350,4260705305.0,0.77,0.16,0.015,3.93
2025-12-12,9.201,9.227,9.23,9.191,4766188,4388186109.0,0.43,1.28,0.117,4.02
2025-12-15,9.298,9.351,9.36,9.297,5679028,5297510203.0,0.68,1.34,0.124,4.79
2025-12-16,9.272,9.24,9.296,9.199,5196267,4805902569.0,1.04,-1.19,-0.111,4.38
2025-12-17,9.283,9.31,9.345,9.283,4520836,4209416976.0,0.67,0.76,0.07,3.81
2025-12-18,9.311,9.318,9.327,9.302,3178056,2961343686.0,0.27,0.09,0.008,2.68
2025-12-19,9.29,9.313,9.321,9.273,3703003,3443922186.0,0.52,-0.05,-0.005,3.12
2025-12-22,9.38,9.511,9.514,9.38,6918754,6534234042.0,1.44,2.13,0.198,5.83
2025-12-23,9.63,9.639,9.689,9.608,9022814,8709327485.0,0.85,1.35,0.128,7.6
2025-12-24,9.719,9.642,9.722,9.613,7384369,7136924986.0,1.13,0.03,0.003,6.22
2025-12-25,9.571,9.566,9.58,9.539,4311576,4123112968.0,0.43,-0.79,-0.076,3.63
2025-12-26,9.67,9.65,9.68,9.618,4898253,4726243848.0,0.65,0.88,0.084,4.13
2025-12-29,9.64,9.563,9.667,9.55,7144967,6877104094.0,1.21,-0.9,-0.087,6.02
2025-12-30,9.272,9.363,9.402,9.272,8615558,8058585692.0,1.36,-2.09,-0.2,7.26
2025-12-31,9.359,9.301,9.392,9.196,8873154,8255346608.0,2.09,-0.66,-0.062,7.48
2026-01-05,9.421,9.495,9.499,9.421,6832710,6465146234.0,0.84,2.09,0.194,5.76
2026-01-06,9.536,9.577,9.606,9.528,5313457,5085365304.0,0.82,0.86,0.082,4.48
2026-01-07,9.6,9.518,9.601,9.511,6163985,5894333390.0,0.94,-0.62,-0.059,5.19
2026-01-08,9.555,9.511,9.559,9.474,4838350,4604940099.0,0.89,-0.07,-0.007,4.08
2026-01-09,9.544,9.592,9.596,9.544,3791904,3629946415.0,0.55,0.85,0.081,3.2
2026-01-12,9.779,9.777,9.791,9.736,4935017,4822414247.0,0.57,1.93,0.185,4.16
2026-01-13,9.79,9.793,9.825,9.771,3982367,3901169996.0,0.55,0.16,0.016,3.36
2026-01-14,9.871,9.922,9.925,9.869,4369521,4321616075.0,0.57,1.32,0.129,3.68
2026-01-15,9.861,9.867,9.883,9.82,5542922,5460435940.0,0.63,-0.55,-0.055,4.67
2026-01-16,9.851,9.857,9.874,9.828,3278431,3228858975.0,0.47,-0.1,-0.01,2.76
2026-01-19,9.962,10.006,10.009,9.96,4806212,4797229646.0,0.5,1.51,0.149,4.05
2026-01-20,10.005,10.082,10.095,9.983,5338067,5362959212.0,1.12,0.76,0.076,4.5
2026-01-21,10.365,10.377,10.501,10.322,9845096,10230345643.0,1.78,2.93,0.295,8.3
2026-01-22,10.29,10.341,10.343,10.23,7196858,7398945407.0,1.09,-0.35,-0.036,6.06
2026-01-23,10.618,10.617,10.643,10.585,7298895,7746553192.0,0.56,2.67,0.276,6.15
2026-01-26,10.886,10.924,10.955,10.848,9604745,10463068625.0,1.01,2.89,0.307,8.09
2026-01-27,10.883,10.934,10.946,10.848,7711073,8395732861.0,0.9,0.09,0.01,6.5
2026-01-28,11.11,11.28,11.288,11.109,10662010,11961498145.0,1.64,3.16,0.346,8.98
2026-01-29,11.918,11.904,11.977,11.796,14971079,17799095491.0,1.6,5.53,0.624,12.62
2026-01-30,11.471,11.009,11.533,10.8,23016097,25777505557.0,6.16,-7.52,-0.895,19.39
2026-02-02,9.908,9.908,10.245,9.908,18998204,19145014244.0,3.06,-10.0,-1.101,16.01
2026-02-03,10.355,10.422,10.461,10.105,21009167,21613177107.0,3.59,5.19,0.514,17.7
2026-02-04,10.795,10.867,10.904,10.738,14242989,15412917353.0,1.59,4.27,0.445,12.0
2026-02-05,10.61,10.523,10.695,10.3,19090455,20057436535.0,3.63,-3.17,-0.344,16.09
2026-02-06,10.079,10.357,10.523,10.05,18412790,19034272998.0,4.49,-1.58,-0.166,15.52
2026-02-09,10.72,10.719,10.75,10.61,11612227,12418166669.0,1.35,3.5,0.362,9.78
2026-02-10,10.686,10.669,10.733,10.661,7026001,7513073622.0,0.67,-0.47,-0.05,5.92
2026-02-11,10.704,10.758,10.765,10.7,6818267,7317564815.0,0.61,0.83,0.089,5.75
2026-02-12,10.72,10.72,10.752,10.7,6004794,6445229523.0,0.48,-0.35,-0.038,5.06
2026-02-13,10.582,10.575,10.617,10.508,7693923,8131354160.0,1.02,-1.35,-0.145,6.48
2026-02-24,10.92,10.95,10.998,10.903,7523137,8241565507.0,0.9,3.55,0.375,6.34
2026-02-25,10.953,10.959,10.992,10.92,6074773,6656474798.0,0.66,0.08,0.009,5.12
2026-02-26,10.939,10.913,10.944,10.896,4377670,4781387315.0,0.44,-0.42,-0.046,3.69
2026-02-27,10.92,10.933,10.95,10.911,4631264,5063424364.0,0.36,0.18,0.02,3.9
2026-03-02,11.368,11.417,11.419,11.214,11300972,12775642356.0,1.88,4.43,0.484,9.52
2026-03-03,11.418,11.259,11.418,11.202,9692849,10968192369.0,1.89,-1.38,-0.158,8.17
2026-03-04,11.0,10.98,11.085,10.926,9979812,10981117960.0,1.41,-2.48,-0.279,8.41
2026-03-05,10.98,10.964,11.014,10.889,6536802,7165201084.0,1.14,-0.15,-0.016,5.51
2026-03-06,10.834,10.873,10.937,10.831,4916712,5356472276.0,0.97,-0.83,-0.091,4.14
2026-03-09,10.858,10.868,10.95,10.793,8012132,8713281061.0,1.44,-0.05,-0.005,6.75
2026-03-10,10.963,10.956,10.991,10.943,4379329,4801155476.0,0.44,0.81,0.088,3.69
2026-03-11,11.026,10.974,11.028,10.964,4754957,5230093074.0,0.58,0.16,0.018,4.01
2026-03-12,10.928,10.938,10.956,10.892,3892379,4253167289.0,0.58,-0.33,-0.036,3.28
2026-03-13,10.852,10.802,10.88,10.791,3885245,4211610423.0,0.81,-1.24,-0.136,3.27
2026-03-16,10.63,10.664,10.7,10.605,4789247,5100457125.0,0.88,-1.28,-0.138,4.04
2026-03-17,10.632,10.637,10.696,10.63,3535282,3766972817.0,0.62,-0.25,-0.027,2.98
2026-03-18,10.638,10.606,10.639,10.57,3544273,3756857569.0,0.65,-0.29,-0.031,2.99
2026-03-19,10.283,10.126,10.345,10.08,8783621,9006105538.0,2.5,-4.53,-0.48,7.4
2026-03-20,9.9,9.896,10.066,9.883,11917841,11878418533.0,1.81,-2.27,-0.23,10.04
2026-03-23,9.488,8.941,9.5,8.906,19747659,18231773873.0,6.0,-9.65,-0.955,16.64
2026-03-24,9.21,9.299,9.303,9.105,14905165,13716736873.0,2.21,4.0,0.358,12.56
2026-03-25,9.7,9.641,9.772,9.609,11786322,11438092704.0,1.75,3.68,0.342,9.93
2026-03-26,9.628,9.45,9.637,9.358,11076213,10525933922.0,2.89,-1.98,-0.191,9.33
2026-03-27,9.358,9.494,9.528,9.358,7487073,7077216082.0,1.8,0.47,0.044,6.31
2026-03-30,9.496,9.656,9.696,9.473,10467459,10053472875.0,2.35,1.71,0.162,8.82
2026-03-31,9.751,9.699,9.836,9.697,9818017,9575690405.0,1.44,0.45,0.043,8.27
2026-04-01,9.95,10.024,10.028,9.912,8356708,8316311343.0,1.2,3.35,0.325,7.04
2026-04-02,10.0,9.738,10.0,9.641,13026467,12814253058.0,3.58,-2.85,-0.286,10.98
2026-04-03,9.914,9.828,9.914,9.793,4242962,4176219528.0,1.24,0.92,0.09,3.58
2026-04-07,9.845,9.837,9.867,9.781,5427848,5331846502.0,0.88,0.09,0.009,4.57
2026-04-08,10.103,10.113,10.153,10.057,9943480,10051847595.0,0.98,2.81,0.276,8.38
2026-04-09,9.92,9.908,9.95,9.9,6552527,6501536554.0,0.49,-2.03,-0.205,5.52
2026-04-10,9.995,9.972,10.03,9.954,5776953,5772482719.0,0.77,0.65,0.064,4.87
2026-04-13,9.918,9.924,9.939,9.9,4285544,4251246607.0,0.39,-0.48,-0.048,3.61
2026-04-14,9.999,10.011,10.012,9.968,4221605,4218777617.0,0.44,0.88,0.087,3.56
2026-04-15,10.127,10.064,10.15,10.062,4897697,4949413437.0,0.88,0.53,0.053,4.13
2026-04-16,10.095,10.097,10.111,10.07,3762437,3796363197.0,0.41,0.33,0.033,3.17
2026-04-17,10.0,10.029,10.071,9.99,3577189,3589199404.0,0.8,-0.67,-0.068,3.01
2026-04-20,10.04,10.036,10.075,10.013,3558335,3572623672.0,0.62,0.07,0.007,3.0
2026-04-21,10.07,10.01,10.072,10.003,3239029,3250579583.0,0.69,-0.26,-0.026,2.73
